
main.elf:     file format elf32-littlearm


Disassembly of section .text:

00000000 <_stext>:
       0:	20001ffc 	strdcs	r1, [r0], -ip
       4:	00000199 	muleq	r0, r9, r1
	...

00000198 <reset_handler>:
    .section .text
    .align 1
    .type reset_handler, %function

reset_handler:
    b start
     198:	e014      	b.n	1c4 <start>
    b .
     19a:	e7fe      	b.n	19a <reset_handler+0x2>

0000019c <vTask1>:

#include "FreeRTOS.h"
#include "task.h"

static void vTask1(void *pvParameters){
     19c:	b480      	push	{r7}
     19e:	b085      	sub	sp, #20
     1a0:	af00      	add	r7, sp, #0
     1a2:	6078      	str	r0, [r7, #4]
    volatile int a = 0;
     1a4:	2300      	movs	r3, #0
     1a6:	60fb      	str	r3, [r7, #12]
    while(1){
        a++;
     1a8:	68fb      	ldr	r3, [r7, #12]
     1aa:	3301      	adds	r3, #1
     1ac:	60fb      	str	r3, [r7, #12]
     1ae:	e7fb      	b.n	1a8 <vTask1+0xc>

000001b0 <vTask2>:
    }
}

static void vTask2(void *pvParameters){
     1b0:	b480      	push	{r7}
     1b2:	b085      	sub	sp, #20
     1b4:	af00      	add	r7, sp, #0
     1b6:	6078      	str	r0, [r7, #4]
    volatile int b = 0;
     1b8:	2300      	movs	r3, #0
     1ba:	60fb      	str	r3, [r7, #12]
    while(1){
        b++;
     1bc:	68fb      	ldr	r3, [r7, #12]
     1be:	3301      	adds	r3, #1
     1c0:	60fb      	str	r3, [r7, #12]
     1c2:	e7fb      	b.n	1bc <vTask2+0xc>

000001c4 <start>:
extern uint32_t _edata; //end of .data in RAM
extern uint32_t _sidata; //start of .data in FLASH
extern uint32_t _sbss; //start of .bss
extern uint32_t _ebss; //end of .bss

void start(){
     1c4:	b580      	push	{r7, lr}
     1c6:	b086      	sub	sp, #24
     1c8:	af02      	add	r7, sp, #8
    BaseType_t xReturn;

    //Intialize .data section (copy from FLASH to RAM)
    uint32_t *src = &_sidata;  //From flash
     1ca:	4b1d      	ldr	r3, [pc, #116]	; (240 <start+0x7c>)
     1cc:	60fb      	str	r3, [r7, #12]
    uint32_t *dst = &_sdata;   //To RAM
     1ce:	4b1d      	ldr	r3, [pc, #116]	; (244 <start+0x80>)
     1d0:	60bb      	str	r3, [r7, #8]
    while(dst < &_edata){
     1d2:	e007      	b.n	1e4 <start+0x20>
        *dst++ = *src++;    //copy word and increament pointers
     1d4:	68fa      	ldr	r2, [r7, #12]
     1d6:	1d13      	adds	r3, r2, #4
     1d8:	60fb      	str	r3, [r7, #12]
     1da:	68bb      	ldr	r3, [r7, #8]
     1dc:	1d19      	adds	r1, r3, #4
     1de:	60b9      	str	r1, [r7, #8]
     1e0:	6812      	ldr	r2, [r2, #0]
     1e2:	601a      	str	r2, [r3, #0]
    while(dst < &_edata){
     1e4:	68bb      	ldr	r3, [r7, #8]
     1e6:	4a18      	ldr	r2, [pc, #96]	; (248 <start+0x84>)
     1e8:	4293      	cmp	r3, r2
     1ea:	d3f3      	bcc.n	1d4 <start+0x10>
    }

    //Intialize .bss section (zero out)
    dst = &_sbss;
     1ec:	4b17      	ldr	r3, [pc, #92]	; (24c <start+0x88>)
     1ee:	60bb      	str	r3, [r7, #8]
    while(dst < &_ebss){
     1f0:	e004      	b.n	1fc <start+0x38>
        *dst++ = 0;  //zero word and increament pointer
     1f2:	68bb      	ldr	r3, [r7, #8]
     1f4:	1d1a      	adds	r2, r3, #4
     1f6:	60ba      	str	r2, [r7, #8]
     1f8:	2200      	movs	r2, #0
     1fa:	601a      	str	r2, [r3, #0]
    while(dst < &_ebss){
     1fc:	68bb      	ldr	r3, [r7, #8]
     1fe:	4a14      	ldr	r2, [pc, #80]	; (250 <start+0x8c>)
     200:	4293      	cmp	r3, r2
     202:	d3f6      	bcc.n	1f2 <start+0x2e>
    }
    
    xReturn = xTaskCreate(vTask1, "T1", configMINIMAL_STACK_SIZE, NULL, 1, NULL);
     204:	2300      	movs	r3, #0
     206:	9301      	str	r3, [sp, #4]
     208:	2301      	movs	r3, #1
     20a:	9300      	str	r3, [sp, #0]
     20c:	2300      	movs	r3, #0
     20e:	f44f 7280 	mov.w	r2, #256	; 0x100
     212:	4910      	ldr	r1, [pc, #64]	; (254 <start+0x90>)
     214:	4810      	ldr	r0, [pc, #64]	; (258 <start+0x94>)
     216:	f000 f87f 	bl	318 <xTaskCreate>
     21a:	6078      	str	r0, [r7, #4]
    xReturn = xTaskCreate(vTask2, "T2", configMINIMAL_STACK_SIZE, NULL, 1, NULL);
     21c:	2300      	movs	r3, #0
     21e:	9301      	str	r3, [sp, #4]
     220:	2301      	movs	r3, #1
     222:	9300      	str	r3, [sp, #0]
     224:	2300      	movs	r3, #0
     226:	f44f 7280 	mov.w	r2, #256	; 0x100
     22a:	490c      	ldr	r1, [pc, #48]	; (25c <start+0x98>)
     22c:	480c      	ldr	r0, [pc, #48]	; (260 <start+0x9c>)
     22e:	f000 f873 	bl	318 <xTaskCreate>
     232:	6078      	str	r0, [r7, #4]

    vTaskStartScheduler();
     234:	f000 f9e4 	bl	600 <vTaskStartScheduler>
    return;
     238:	bf00      	nop
     23a:	3710      	adds	r7, #16
     23c:	46bd      	mov	sp, r7
     23e:	bd80      	pop	{r7, pc}
     240:	20000000 	andcs	r0, r0, r0
     244:	00002454 	andeq	r2, r0, r4, asr r4
     248:	0000245c 	andeq	r2, r0, ip, asr r4
     24c:	20000008 	andcs	r0, r0, r8
     250:	200010fc 	strdcs	r1, [r0], -ip
     254:	00002440 	andeq	r2, r0, r0, asr #8
     258:	0000019d 	muleq	r0, sp, r1
     25c:	00002444 	andeq	r2, r0, r4, asr #8
     260:	000001b1 			; <UNDEFINED> instruction: 0x000001b1

00000264 <memset>:
void* memset(void* dest, int value, unsigned int size){
     264:	b480      	push	{r7}
     266:	b087      	sub	sp, #28
     268:	af00      	add	r7, sp, #0
     26a:	60f8      	str	r0, [r7, #12]
     26c:	60b9      	str	r1, [r7, #8]
     26e:	607a      	str	r2, [r7, #4]
    unsigned char* ptr = (unsigned char*)dest;
     270:	68fb      	ldr	r3, [r7, #12]
     272:	617b      	str	r3, [r7, #20]
    unsigned char byte_value = (unsigned char) value;
     274:	68bb      	ldr	r3, [r7, #8]
     276:	74fb      	strb	r3, [r7, #19]

    while(size > 0){
     278:	e008      	b.n	28c <memset+0x28>
        *ptr = byte_value;
     27a:	697b      	ldr	r3, [r7, #20]
     27c:	7cfa      	ldrb	r2, [r7, #19]
     27e:	701a      	strb	r2, [r3, #0]
        ptr++;
     280:	697b      	ldr	r3, [r7, #20]
     282:	3301      	adds	r3, #1
     284:	617b      	str	r3, [r7, #20]
        size--;
     286:	687b      	ldr	r3, [r7, #4]
     288:	3b01      	subs	r3, #1
     28a:	607b      	str	r3, [r7, #4]
    while(size > 0){
     28c:	687b      	ldr	r3, [r7, #4]
     28e:	2b00      	cmp	r3, #0
     290:	d1f3      	bne.n	27a <memset+0x16>
    }

    return dest;
     292:	68fb      	ldr	r3, [r7, #12]
     294:	4618      	mov	r0, r3
     296:	371c      	adds	r7, #28
     298:	46bd      	mov	sp, r7
     29a:	bc80      	pop	{r7}
     29c:	4770      	bx	lr
	...

000002a0 <prvCreateTask>:
                                  const char * const pcName,
                                  const configSTACK_DEPTH_TYPE uxStackDepth,
                                  void * const pvParameters,
                                  UBaseType_t uxPriority,
                                  TaskHandle_t * const pxCreatedTask )
    {
     2a0:	b580      	push	{r7, lr}
     2a2:	b08a      	sub	sp, #40	; 0x28
     2a4:	af04      	add	r7, sp, #16
     2a6:	60f8      	str	r0, [r7, #12]
     2a8:	60b9      	str	r1, [r7, #8]
     2aa:	607a      	str	r2, [r7, #4]
     2ac:	603b      	str	r3, [r7, #0]

            /* Allocate space for the stack used by the task being created. */
            /* MISRA Ref 11.5.1 [Malloc memory assignment] */
            /* More details at: https://github.com/FreeRTOS/FreeRTOS-Kernel/blob/main/MISRA.md#rule-115 */
            /* coverity[misra_c_2012_rule_11_5_violation] */
            pxStack = ( StackType_t * ) pvPortMallocStack( ( ( ( size_t ) uxStackDepth ) * sizeof( StackType_t ) ) );
     2ae:	687b      	ldr	r3, [r7, #4]
     2b0:	009b      	lsls	r3, r3, #2
     2b2:	4618      	mov	r0, r3
     2b4:	f001 fd1c 	bl	1cf0 <pvPortMalloc>
     2b8:	6138      	str	r0, [r7, #16]

            if( pxStack != NULL )
     2ba:	693b      	ldr	r3, [r7, #16]
     2bc:	2b00      	cmp	r3, #0
     2be:	d013      	beq.n	2e8 <prvCreateTask+0x48>
            {
                /* Allocate space for the TCB. */
                /* MISRA Ref 11.5.1 [Malloc memory assignment] */
                /* More details at: https://github.com/FreeRTOS/FreeRTOS-Kernel/blob/main/MISRA.md#rule-115 */
                /* coverity[misra_c_2012_rule_11_5_violation] */
                pxNewTCB = ( TCB_t * ) pvPortMalloc( sizeof( TCB_t ) );
     2c0:	204c      	movs	r0, #76	; 0x4c
     2c2:	f001 fd15 	bl	1cf0 <pvPortMalloc>
     2c6:	6178      	str	r0, [r7, #20]

                if( pxNewTCB != NULL )
     2c8:	697b      	ldr	r3, [r7, #20]
     2ca:	2b00      	cmp	r3, #0
     2cc:	d008      	beq.n	2e0 <prvCreateTask+0x40>
                {
                    ( void ) memset( ( void * ) pxNewTCB, 0x00, sizeof( TCB_t ) );
     2ce:	224c      	movs	r2, #76	; 0x4c
     2d0:	2100      	movs	r1, #0
     2d2:	6978      	ldr	r0, [r7, #20]
     2d4:	f7ff ffc6 	bl	264 <memset>

                    /* Store the stack location in the TCB. */
                    pxNewTCB->pxStack = pxStack;
     2d8:	697b      	ldr	r3, [r7, #20]
     2da:	693a      	ldr	r2, [r7, #16]
     2dc:	631a      	str	r2, [r3, #48]	; 0x30
     2de:	e005      	b.n	2ec <prvCreateTask+0x4c>
                }
                else
                {
                    /* The stack cannot be used as the TCB was not created.  Free
                     * it again. */
                    vPortFreeStack( pxStack );
     2e0:	6938      	ldr	r0, [r7, #16]
     2e2:	f001 fdb7 	bl	1e54 <vPortFree>
     2e6:	e001      	b.n	2ec <prvCreateTask+0x4c>
                }
            }
            else
            {
                pxNewTCB = NULL;
     2e8:	2300      	movs	r3, #0
     2ea:	617b      	str	r3, [r7, #20]
            }
        }
        #endif /* portSTACK_GROWTH */

        if( pxNewTCB != NULL )
     2ec:	697b      	ldr	r3, [r7, #20]
     2ee:	2b00      	cmp	r3, #0
     2f0:	d00d      	beq.n	30e <prvCreateTask+0x6e>
                 * task was created dynamically in case it is later deleted. */
                pxNewTCB->ucStaticallyAllocated = tskDYNAMICALLY_ALLOCATED_STACK_AND_TCB;
            }
            #endif /* tskSTATIC_AND_DYNAMIC_ALLOCATION_POSSIBLE */

            prvInitialiseNewTask( pxTaskCode, pcName, uxStackDepth, pvParameters, uxPriority, pxCreatedTask, pxNewTCB, NULL );
     2f2:	2300      	movs	r3, #0
     2f4:	9303      	str	r3, [sp, #12]
     2f6:	697b      	ldr	r3, [r7, #20]
     2f8:	9302      	str	r3, [sp, #8]
     2fa:	6a7b      	ldr	r3, [r7, #36]	; 0x24
     2fc:	9301      	str	r3, [sp, #4]
     2fe:	6a3b      	ldr	r3, [r7, #32]
     300:	9300      	str	r3, [sp, #0]
     302:	683b      	ldr	r3, [r7, #0]
     304:	687a      	ldr	r2, [r7, #4]
     306:	68b9      	ldr	r1, [r7, #8]
     308:	68f8      	ldr	r0, [r7, #12]
     30a:	f000 f828 	bl	35e <prvInitialiseNewTask>
        }

        return pxNewTCB;
     30e:	697b      	ldr	r3, [r7, #20]
    }
     310:	4618      	mov	r0, r3
     312:	3718      	adds	r7, #24
     314:	46bd      	mov	sp, r7
     316:	bd80      	pop	{r7, pc}

00000318 <xTaskCreate>:
                            const char * const pcName,
                            const configSTACK_DEPTH_TYPE uxStackDepth,
                            void * const pvParameters,
                            UBaseType_t uxPriority,
                            TaskHandle_t * const pxCreatedTask )
    {
     318:	b580      	push	{r7, lr}
     31a:	b088      	sub	sp, #32
     31c:	af02      	add	r7, sp, #8
     31e:	60f8      	str	r0, [r7, #12]
     320:	60b9      	str	r1, [r7, #8]
     322:	607a      	str	r2, [r7, #4]
     324:	603b      	str	r3, [r7, #0]
        TCB_t * pxNewTCB;
        BaseType_t xReturn;

        traceENTER_xTaskCreate( pxTaskCode, pcName, uxStackDepth, pvParameters, uxPriority, pxCreatedTask );

        pxNewTCB = prvCreateTask( pxTaskCode, pcName, uxStackDepth, pvParameters, uxPriority, pxCreatedTask );
     326:	6a7b      	ldr	r3, [r7, #36]	; 0x24
     328:	9301      	str	r3, [sp, #4]
     32a:	6a3b      	ldr	r3, [r7, #32]
     32c:	9300      	str	r3, [sp, #0]
     32e:	683b      	ldr	r3, [r7, #0]
     330:	687a      	ldr	r2, [r7, #4]
     332:	68b9      	ldr	r1, [r7, #8]
     334:	68f8      	ldr	r0, [r7, #12]
     336:	f7ff ffb3 	bl	2a0 <prvCreateTask>
     33a:	6138      	str	r0, [r7, #16]

        if( pxNewTCB != NULL )
     33c:	693b      	ldr	r3, [r7, #16]
     33e:	2b00      	cmp	r3, #0
     340:	d005      	beq.n	34e <xTaskCreate+0x36>
                /* Set the task's affinity before scheduling it. */
                pxNewTCB->uxCoreAffinityMask = configTASK_DEFAULT_CORE_AFFINITY;
            }
            #endif

            prvAddNewTaskToReadyList( pxNewTCB );
     342:	6938      	ldr	r0, [r7, #16]
     344:	f000 f870 	bl	428 <prvAddNewTaskToReadyList>
            xReturn = pdPASS;
     348:	2301      	movs	r3, #1
     34a:	617b      	str	r3, [r7, #20]
     34c:	e002      	b.n	354 <xTaskCreate+0x3c>
        }
        else
        {
            xReturn = errCOULD_NOT_ALLOCATE_REQUIRED_MEMORY;
     34e:	f04f 33ff 	mov.w	r3, #4294967295	; 0xffffffff
     352:	617b      	str	r3, [r7, #20]
        }

        traceRETURN_xTaskCreate( xReturn );

        return xReturn;
     354:	697b      	ldr	r3, [r7, #20]
    }
     356:	4618      	mov	r0, r3
     358:	3718      	adds	r7, #24
     35a:	46bd      	mov	sp, r7
     35c:	bd80      	pop	{r7, pc}

0000035e <prvInitialiseNewTask>:
                                  void * const pvParameters,
                                  UBaseType_t uxPriority,
                                  TaskHandle_t * const pxCreatedTask,
                                  TCB_t * pxNewTCB,
                                  const MemoryRegion_t * const xRegions )
{
     35e:	b580      	push	{r7, lr}
     360:	b086      	sub	sp, #24
     362:	af00      	add	r7, sp, #0
     364:	60f8      	str	r0, [r7, #12]
     366:	60b9      	str	r1, [r7, #8]
     368:	607a      	str	r2, [r7, #4]
     36a:	603b      	str	r3, [r7, #0]
     * grows from high memory to low (as per the 80x86) or vice versa.
     * portSTACK_GROWTH is used to make the result positive or negative as required
     * by the port. */
    #if ( portSTACK_GROWTH < 0 )
    {
        pxTopOfStack = &( pxNewTCB->pxStack[ uxStackDepth - ( configSTACK_DEPTH_TYPE ) 1 ] );
     36c:	6abb      	ldr	r3, [r7, #40]	; 0x28
     36e:	6b1a      	ldr	r2, [r3, #48]	; 0x30
     370:	687b      	ldr	r3, [r7, #4]
     372:	f103 4380 	add.w	r3, r3, #1073741824	; 0x40000000
     376:	3b01      	subs	r3, #1
     378:	009b      	lsls	r3, r3, #2
     37a:	4413      	add	r3, r2
     37c:	613b      	str	r3, [r7, #16]
        pxTopOfStack = ( StackType_t * ) ( ( ( portPOINTER_SIZE_TYPE ) pxTopOfStack ) & ( ~( ( portPOINTER_SIZE_TYPE ) portBYTE_ALIGNMENT_MASK ) ) );
     37e:	693b      	ldr	r3, [r7, #16]
     380:	f023 0307 	bic.w	r3, r3, #7
     384:	613b      	str	r3, [r7, #16]
        pxNewTCB->pxEndOfStack = pxNewTCB->pxStack + ( uxStackDepth - ( configSTACK_DEPTH_TYPE ) 1 );
    }
    #endif /* portSTACK_GROWTH */

    /* Store the task name in the TCB. */
    if( pcName != NULL )
     386:	68bb      	ldr	r3, [r7, #8]
     388:	2b00      	cmp	r3, #0
     38a:	d01e      	beq.n	3ca <prvInitialiseNewTask+0x6c>
    {
        for( x = ( UBaseType_t ) 0; x < ( UBaseType_t ) configMAX_TASK_NAME_LEN; x++ )
     38c:	2300      	movs	r3, #0
     38e:	617b      	str	r3, [r7, #20]
     390:	e012      	b.n	3b8 <prvInitialiseNewTask+0x5a>
        {
            pxNewTCB->pcTaskName[ x ] = pcName[ x ];
     392:	68ba      	ldr	r2, [r7, #8]
     394:	697b      	ldr	r3, [r7, #20]
     396:	4413      	add	r3, r2
     398:	7819      	ldrb	r1, [r3, #0]
     39a:	6aba      	ldr	r2, [r7, #40]	; 0x28
     39c:	697b      	ldr	r3, [r7, #20]
     39e:	4413      	add	r3, r2
     3a0:	3334      	adds	r3, #52	; 0x34
     3a2:	460a      	mov	r2, r1
     3a4:	701a      	strb	r2, [r3, #0]

            /* Don't copy all configMAX_TASK_NAME_LEN if the string is shorter than
             * configMAX_TASK_NAME_LEN characters just in case the memory after the
             * string is not accessible (extremely unlikely). */
            if( pcName[ x ] == ( char ) 0x00 )
     3a6:	68ba      	ldr	r2, [r7, #8]
     3a8:	697b      	ldr	r3, [r7, #20]
     3aa:	4413      	add	r3, r2
     3ac:	781b      	ldrb	r3, [r3, #0]
     3ae:	2b00      	cmp	r3, #0
     3b0:	d006      	beq.n	3c0 <prvInitialiseNewTask+0x62>
        for( x = ( UBaseType_t ) 0; x < ( UBaseType_t ) configMAX_TASK_NAME_LEN; x++ )
     3b2:	697b      	ldr	r3, [r7, #20]
     3b4:	3301      	adds	r3, #1
     3b6:	617b      	str	r3, [r7, #20]
     3b8:	697b      	ldr	r3, [r7, #20]
     3ba:	2b0f      	cmp	r3, #15
     3bc:	d9e9      	bls.n	392 <prvInitialiseNewTask+0x34>
     3be:	e000      	b.n	3c2 <prvInitialiseNewTask+0x64>
            {
                break;
     3c0:	bf00      	nop
            }
        }

        /* Ensure the name string is terminated in the case that the string length
         * was greater or equal to configMAX_TASK_NAME_LEN. */
        pxNewTCB->pcTaskName[ configMAX_TASK_NAME_LEN - 1U ] = '\0';
     3c2:	6abb      	ldr	r3, [r7, #40]	; 0x28
     3c4:	2200      	movs	r2, #0
     3c6:	f883 2043 	strb.w	r2, [r3, #67]	; 0x43
    }

    /* This is used as an array index so must ensure it's not too large. */
    configASSERT( uxPriority < configMAX_PRIORITIES );

    if( uxPriority >= ( UBaseType_t ) configMAX_PRIORITIES )
     3ca:	6a3b      	ldr	r3, [r7, #32]
     3cc:	2b04      	cmp	r3, #4
     3ce:	d901      	bls.n	3d4 <prvInitialiseNewTask+0x76>
    {
        uxPriority = ( UBaseType_t ) configMAX_PRIORITIES - ( UBaseType_t ) 1U;
     3d0:	2304      	movs	r3, #4
     3d2:	623b      	str	r3, [r7, #32]
    else
    {
        mtCOVERAGE_TEST_MARKER();
    }

    pxNewTCB->uxPriority = uxPriority;
     3d4:	6abb      	ldr	r3, [r7, #40]	; 0x28
     3d6:	6a3a      	ldr	r2, [r7, #32]
     3d8:	62da      	str	r2, [r3, #44]	; 0x2c
    {
        pxNewTCB->uxBasePriority = uxPriority;
    }
    #endif /* configUSE_MUTEXES */

    vListInitialiseItem( &( pxNewTCB->xStateListItem ) );
     3da:	6abb      	ldr	r3, [r7, #40]	; 0x28
     3dc:	3304      	adds	r3, #4
     3de:	4618      	mov	r0, r3
     3e0:	f001 fbf5 	bl	1bce <vListInitialiseItem>
    vListInitialiseItem( &( pxNewTCB->xEventListItem ) );
     3e4:	6abb      	ldr	r3, [r7, #40]	; 0x28
     3e6:	3318      	adds	r3, #24
     3e8:	4618      	mov	r0, r3
     3ea:	f001 fbf0 	bl	1bce <vListInitialiseItem>

    /* Set the pxNewTCB as a link back from the ListItem_t.  This is so we can get
     * back to  the containing TCB from a generic item in a list. */
    listSET_LIST_ITEM_OWNER( &( pxNewTCB->xStateListItem ), pxNewTCB );
     3ee:	6abb      	ldr	r3, [r7, #40]	; 0x28
     3f0:	6aba      	ldr	r2, [r7, #40]	; 0x28
     3f2:	611a      	str	r2, [r3, #16]

    /* Event lists are always in priority order. */
    listSET_LIST_ITEM_VALUE( &( pxNewTCB->xEventListItem ), ( TickType_t ) configMAX_PRIORITIES - ( TickType_t ) uxPriority );
     3f4:	6a3b      	ldr	r3, [r7, #32]
     3f6:	f1c3 0205 	rsb	r2, r3, #5
     3fa:	6abb      	ldr	r3, [r7, #40]	; 0x28
     3fc:	619a      	str	r2, [r3, #24]
    listSET_LIST_ITEM_OWNER( &( pxNewTCB->xEventListItem ), pxNewTCB );
     3fe:	6abb      	ldr	r3, [r7, #40]	; 0x28
     400:	6aba      	ldr	r2, [r7, #40]	; 0x28
     402:	625a      	str	r2, [r3, #36]	; 0x24
            }
            #endif /* portSTACK_GROWTH */
        }
        #else /* portHAS_STACK_OVERFLOW_CHECKING */
        {
            pxNewTCB->pxTopOfStack = pxPortInitialiseStack( pxTopOfStack, pxTaskCode, pvParameters );
     404:	683a      	ldr	r2, [r7, #0]
     406:	68f9      	ldr	r1, [r7, #12]
     408:	6938      	ldr	r0, [r7, #16]
     40a:	f001 fee9 	bl	21e0 <pxPortInitialiseStack>
     40e:	4602      	mov	r2, r0
     410:	6abb      	ldr	r3, [r7, #40]	; 0x28
     412:	601a      	str	r2, [r3, #0]
            pxNewTCB->uxTaskAttributes |= taskATTRIBUTE_IS_IDLE;
        }
    }
    #endif /* #if ( configNUMBER_OF_CORES > 1 ) */

    if( pxCreatedTask != NULL )
     414:	6a7b      	ldr	r3, [r7, #36]	; 0x24
     416:	2b00      	cmp	r3, #0
     418:	d002      	beq.n	420 <prvInitialiseNewTask+0xc2>
    {
        /* Pass the handle out in an anonymous way.  The handle can be used to
         * change the created task's priority, delete the created task, etc.*/
        *pxCreatedTask = ( TaskHandle_t ) pxNewTCB;
     41a:	6a7b      	ldr	r3, [r7, #36]	; 0x24
     41c:	6aba      	ldr	r2, [r7, #40]	; 0x28
     41e:	601a      	str	r2, [r3, #0]
    }
    else
    {
        mtCOVERAGE_TEST_MARKER();
    }
}
     420:	bf00      	nop
     422:	3718      	adds	r7, #24
     424:	46bd      	mov	sp, r7
     426:	bd80      	pop	{r7, pc}

00000428 <prvAddNewTaskToReadyList>:
/*-----------------------------------------------------------*/

#if ( configNUMBER_OF_CORES == 1 )

    STATIC void prvAddNewTaskToReadyList( TCB_t * pxNewTCB )
    {
     428:	b580      	push	{r7, lr}
     42a:	b084      	sub	sp, #16
     42c:	af00      	add	r7, sp, #0
     42e:	6078      	str	r0, [r7, #4]
        /* Ensure interrupts don't access the task lists while the lists are being
         * updated. */
        taskENTER_CRITICAL();
     430:	f001 ff72 	bl	2318 <vPortEnterCritical>
        {
            uxCurrentNumberOfTasks = ( UBaseType_t ) ( uxCurrentNumberOfTasks + 1U );
     434:	4b3f      	ldr	r3, [pc, #252]	; (534 <prvAddNewTaskToReadyList+0x10c>)
     436:	681b      	ldr	r3, [r3, #0]
     438:	3301      	adds	r3, #1
     43a:	4a3e      	ldr	r2, [pc, #248]	; (534 <prvAddNewTaskToReadyList+0x10c>)
     43c:	6013      	str	r3, [r2, #0]

            if( pxCurrentTCB == NULL )
     43e:	4b3e      	ldr	r3, [pc, #248]	; (538 <prvAddNewTaskToReadyList+0x110>)
     440:	681b      	ldr	r3, [r3, #0]
     442:	2b00      	cmp	r3, #0
     444:	d109      	bne.n	45a <prvAddNewTaskToReadyList+0x32>
            {
                /* There are no other tasks, or all the other tasks are in
                 * the suspended state - make this the current task. */
                pxCurrentTCB = pxNewTCB;
     446:	4a3c      	ldr	r2, [pc, #240]	; (538 <prvAddNewTaskToReadyList+0x110>)
     448:	687b      	ldr	r3, [r7, #4]
     44a:	6013      	str	r3, [r2, #0]

                if( uxCurrentNumberOfTasks == ( UBaseType_t ) 1 )
     44c:	4b39      	ldr	r3, [pc, #228]	; (534 <prvAddNewTaskToReadyList+0x10c>)
     44e:	681b      	ldr	r3, [r3, #0]
     450:	2b01      	cmp	r3, #1
     452:	d110      	bne.n	476 <prvAddNewTaskToReadyList+0x4e>
                {
                    /* This is the first task to be created so do the preliminary
                     * initialisation required.  We will not recover if this call
                     * fails, but we will report the failure. */
                    prvInitialiseTaskLists();
     454:	f000 fe14 	bl	1080 <prvInitialiseTaskLists>
     458:	e00d      	b.n	476 <prvAddNewTaskToReadyList+0x4e>
            else
            {
                /* If the scheduler is not already running, make this task the
                 * current task if it is the highest priority task to be created
                 * so far. */
                if( xSchedulerRunning == pdFALSE )
     45a:	4b38      	ldr	r3, [pc, #224]	; (53c <prvAddNewTaskToReadyList+0x114>)
     45c:	681b      	ldr	r3, [r3, #0]
     45e:	2b00      	cmp	r3, #0
     460:	d109      	bne.n	476 <prvAddNewTaskToReadyList+0x4e>
                {
                    if( pxCurrentTCB->uxPriority <= pxNewTCB->uxPriority )
     462:	4b35      	ldr	r3, [pc, #212]	; (538 <prvAddNewTaskToReadyList+0x110>)
     464:	681b      	ldr	r3, [r3, #0]
     466:	6ada      	ldr	r2, [r3, #44]	; 0x2c
     468:	687b      	ldr	r3, [r7, #4]
     46a:	6adb      	ldr	r3, [r3, #44]	; 0x2c
     46c:	429a      	cmp	r2, r3
     46e:	d802      	bhi.n	476 <prvAddNewTaskToReadyList+0x4e>
                    {
                        pxCurrentTCB = pxNewTCB;
     470:	4a31      	ldr	r2, [pc, #196]	; (538 <prvAddNewTaskToReadyList+0x110>)
     472:	687b      	ldr	r3, [r7, #4]
     474:	6013      	str	r3, [r2, #0]
                {
                    mtCOVERAGE_TEST_MARKER();
                }
            }

            uxTaskNumber++;
     476:	4b32      	ldr	r3, [pc, #200]	; (540 <prvAddNewTaskToReadyList+0x118>)
     478:	681b      	ldr	r3, [r3, #0]
     47a:	3301      	adds	r3, #1
     47c:	4a30      	ldr	r2, [pc, #192]	; (540 <prvAddNewTaskToReadyList+0x118>)
     47e:	6013      	str	r3, [r2, #0]
                pxNewTCB->uxTCBNumber = uxTaskNumber;
            }
            #endif /* configUSE_TRACE_FACILITY */
            traceTASK_CREATE( pxNewTCB );

            prvAddTaskToReadyList( pxNewTCB );
     480:	687b      	ldr	r3, [r7, #4]
     482:	6adb      	ldr	r3, [r3, #44]	; 0x2c
     484:	2201      	movs	r2, #1
     486:	409a      	lsls	r2, r3
     488:	4b2e      	ldr	r3, [pc, #184]	; (544 <prvAddNewTaskToReadyList+0x11c>)
     48a:	681b      	ldr	r3, [r3, #0]
     48c:	4313      	orrs	r3, r2
     48e:	4a2d      	ldr	r2, [pc, #180]	; (544 <prvAddNewTaskToReadyList+0x11c>)
     490:	6013      	str	r3, [r2, #0]
     492:	687b      	ldr	r3, [r7, #4]
     494:	6ada      	ldr	r2, [r3, #44]	; 0x2c
     496:	492c      	ldr	r1, [pc, #176]	; (548 <prvAddNewTaskToReadyList+0x120>)
     498:	4613      	mov	r3, r2
     49a:	009b      	lsls	r3, r3, #2
     49c:	4413      	add	r3, r2
     49e:	009b      	lsls	r3, r3, #2
     4a0:	440b      	add	r3, r1
     4a2:	3304      	adds	r3, #4
     4a4:	681b      	ldr	r3, [r3, #0]
     4a6:	60fb      	str	r3, [r7, #12]
     4a8:	687b      	ldr	r3, [r7, #4]
     4aa:	68fa      	ldr	r2, [r7, #12]
     4ac:	609a      	str	r2, [r3, #8]
     4ae:	68fb      	ldr	r3, [r7, #12]
     4b0:	689a      	ldr	r2, [r3, #8]
     4b2:	687b      	ldr	r3, [r7, #4]
     4b4:	60da      	str	r2, [r3, #12]
     4b6:	68fb      	ldr	r3, [r7, #12]
     4b8:	689b      	ldr	r3, [r3, #8]
     4ba:	687a      	ldr	r2, [r7, #4]
     4bc:	3204      	adds	r2, #4
     4be:	605a      	str	r2, [r3, #4]
     4c0:	687b      	ldr	r3, [r7, #4]
     4c2:	1d1a      	adds	r2, r3, #4
     4c4:	68fb      	ldr	r3, [r7, #12]
     4c6:	609a      	str	r2, [r3, #8]
     4c8:	687b      	ldr	r3, [r7, #4]
     4ca:	6ada      	ldr	r2, [r3, #44]	; 0x2c
     4cc:	4613      	mov	r3, r2
     4ce:	009b      	lsls	r3, r3, #2
     4d0:	4413      	add	r3, r2
     4d2:	009b      	lsls	r3, r3, #2
     4d4:	4a1c      	ldr	r2, [pc, #112]	; (548 <prvAddNewTaskToReadyList+0x120>)
     4d6:	441a      	add	r2, r3
     4d8:	687b      	ldr	r3, [r7, #4]
     4da:	615a      	str	r2, [r3, #20]
     4dc:	687b      	ldr	r3, [r7, #4]
     4de:	6ada      	ldr	r2, [r3, #44]	; 0x2c
     4e0:	4919      	ldr	r1, [pc, #100]	; (548 <prvAddNewTaskToReadyList+0x120>)
     4e2:	4613      	mov	r3, r2
     4e4:	009b      	lsls	r3, r3, #2
     4e6:	4413      	add	r3, r2
     4e8:	009b      	lsls	r3, r3, #2
     4ea:	440b      	add	r3, r1
     4ec:	681b      	ldr	r3, [r3, #0]
     4ee:	687a      	ldr	r2, [r7, #4]
     4f0:	6ad2      	ldr	r2, [r2, #44]	; 0x2c
     4f2:	1c59      	adds	r1, r3, #1
     4f4:	4814      	ldr	r0, [pc, #80]	; (548 <prvAddNewTaskToReadyList+0x120>)
     4f6:	4613      	mov	r3, r2
     4f8:	009b      	lsls	r3, r3, #2
     4fa:	4413      	add	r3, r2
     4fc:	009b      	lsls	r3, r3, #2
     4fe:	4403      	add	r3, r0
     500:	6019      	str	r1, [r3, #0]

            portSETUP_TCB( pxNewTCB );
        }
        taskEXIT_CRITICAL();
     502:	f001 ff23 	bl	234c <vPortExitCritical>

        if( xSchedulerRunning != pdFALSE )
     506:	4b0d      	ldr	r3, [pc, #52]	; (53c <prvAddNewTaskToReadyList+0x114>)
     508:	681b      	ldr	r3, [r3, #0]
     50a:	2b00      	cmp	r3, #0
     50c:	d00e      	beq.n	52c <prvAddNewTaskToReadyList+0x104>
        {
            /* If the created task is of a higher priority than the current task
             * then it should run now. */
            taskYIELD_ANY_CORE_IF_USING_PREEMPTION( pxNewTCB );
     50e:	4b0a      	ldr	r3, [pc, #40]	; (538 <prvAddNewTaskToReadyList+0x110>)
     510:	681b      	ldr	r3, [r3, #0]
     512:	6ada      	ldr	r2, [r3, #44]	; 0x2c
     514:	687b      	ldr	r3, [r7, #4]
     516:	6adb      	ldr	r3, [r3, #44]	; 0x2c
     518:	429a      	cmp	r2, r3
     51a:	d207      	bcs.n	52c <prvAddNewTaskToReadyList+0x104>
     51c:	4b0b      	ldr	r3, [pc, #44]	; (54c <prvAddNewTaskToReadyList+0x124>)
     51e:	f04f 5280 	mov.w	r2, #268435456	; 0x10000000
     522:	601a      	str	r2, [r3, #0]
     524:	f3bf 8f4f 	dsb	sy
     528:	f3bf 8f6f 	isb	sy
        }
        else
        {
            mtCOVERAGE_TEST_MARKER();
        }
    }
     52c:	bf00      	nop
     52e:	3710      	adds	r7, #16
     530:	46bd      	mov	sp, r7
     532:	bd80      	pop	{r7, pc}
     534:	200000b4 	strhcs	r0, [r0], -r4
     538:	20000008 	andcs	r0, r0, r8
     53c:	200000c0 	andcs	r0, r0, r0, asr #1
     540:	200000d0 	ldrdcs	r0, [r0], -r0	; <UNPREDICTABLE>
     544:	200000bc 	strhcs	r0, [r0], -ip
     548:	2000000c 	andcs	r0, r0, ip
     54c:	e000ed04 	and	lr, r0, r4, lsl #26

00000550 <prvCreateIdleTasks>:

#endif /* ( ( INCLUDE_xTaskResumeFromISR == 1 ) && ( INCLUDE_vTaskSuspend == 1 ) ) */
/*-----------------------------------------------------------*/

STATIC BaseType_t prvCreateIdleTasks( void )
{
     550:	b580      	push	{r7, lr}
     552:	b08a      	sub	sp, #40	; 0x28
     554:	af02      	add	r7, sp, #8
    BaseType_t xReturn = pdPASS;
     556:	2301      	movs	r3, #1
     558:	61fb      	str	r3, [r7, #28]
    BaseType_t xCoreID;
    char cIdleName[ configMAX_TASK_NAME_LEN ] = { 0 };
     55a:	2300      	movs	r3, #0
     55c:	603b      	str	r3, [r7, #0]
     55e:	1d3b      	adds	r3, r7, #4
     560:	2200      	movs	r2, #0
     562:	601a      	str	r2, [r3, #0]
     564:	605a      	str	r2, [r3, #4]
     566:	609a      	str	r2, [r3, #8]
    TaskFunction_t pxIdleTaskFunction = NULL;
     568:	2300      	movs	r3, #0
     56a:	613b      	str	r3, [r7, #16]
    UBaseType_t xIdleTaskNameIndex;

    /* MISRA Ref 14.3.1 [Configuration dependent invariant] */
    /* More details at: https://github.com/FreeRTOS/FreeRTOS-Kernel/blob/main/MISRA.md#rule-143. */
    /* coverity[misra_c_2012_rule_14_3_violation] */
    for( xIdleTaskNameIndex = 0U; xIdleTaskNameIndex < ( configMAX_TASK_NAME_LEN - taskRESERVED_TASK_NAME_LENGTH ); xIdleTaskNameIndex++ )
     56c:	2300      	movs	r3, #0
     56e:	617b      	str	r3, [r7, #20]
     570:	e011      	b.n	596 <prvCreateIdleTasks+0x46>
    {
        /* MISRA Ref 18.1.1 [Configuration dependent bounds checking] */
        /* More details at: https://github.com/FreeRTOS/FreeRTOS-Kernel/blob/main/MISRA.md#rule-181. */
        /* coverity[misra_c_2012_rule_18_1_violation] */
        cIdleName[ xIdleTaskNameIndex ] = configIDLE_TASK_NAME[ xIdleTaskNameIndex ];
     572:	4a20      	ldr	r2, [pc, #128]	; (5f4 <prvCreateIdleTasks+0xa4>)
     574:	697b      	ldr	r3, [r7, #20]
     576:	4413      	add	r3, r2
     578:	7819      	ldrb	r1, [r3, #0]
     57a:	463a      	mov	r2, r7
     57c:	697b      	ldr	r3, [r7, #20]
     57e:	4413      	add	r3, r2
     580:	460a      	mov	r2, r1
     582:	701a      	strb	r2, [r3, #0]

        if( cIdleName[ xIdleTaskNameIndex ] == ( char ) 0x00 )
     584:	463a      	mov	r2, r7
     586:	697b      	ldr	r3, [r7, #20]
     588:	4413      	add	r3, r2
     58a:	781b      	ldrb	r3, [r3, #0]
     58c:	2b00      	cmp	r3, #0
     58e:	d006      	beq.n	59e <prvCreateIdleTasks+0x4e>
    for( xIdleTaskNameIndex = 0U; xIdleTaskNameIndex < ( configMAX_TASK_NAME_LEN - taskRESERVED_TASK_NAME_LENGTH ); xIdleTaskNameIndex++ )
     590:	697b      	ldr	r3, [r7, #20]
     592:	3301      	adds	r3, #1
     594:	617b      	str	r3, [r7, #20]
     596:	697b      	ldr	r3, [r7, #20]
     598:	2b0e      	cmp	r3, #14
     59a:	d9ea      	bls.n	572 <prvCreateIdleTasks+0x22>
     59c:	e000      	b.n	5a0 <prvCreateIdleTasks+0x50>
        {
            break;
     59e:	bf00      	nop
            mtCOVERAGE_TEST_MARKER();
        }
    }

    /* Ensure null termination. */
    cIdleName[ xIdleTaskNameIndex ] = '\0';
     5a0:	463a      	mov	r2, r7
     5a2:	697b      	ldr	r3, [r7, #20]
     5a4:	4413      	add	r3, r2
     5a6:	2200      	movs	r2, #0
     5a8:	701a      	strb	r2, [r3, #0]

    /* Add each idle task at the lowest priority. */
    for( xCoreID = ( BaseType_t ) 0; xCoreID < ( BaseType_t ) configNUMBER_OF_CORES; xCoreID++ )
     5aa:	2300      	movs	r3, #0
     5ac:	61bb      	str	r3, [r7, #24]
     5ae:	e016      	b.n	5de <prvCreateIdleTasks+0x8e>
    {
        #if ( configNUMBER_OF_CORES == 1 )
        {
            pxIdleTaskFunction = &prvIdleTask;
     5b0:	4b11      	ldr	r3, [pc, #68]	; (5f8 <prvCreateIdleTasks+0xa8>)
     5b2:	613b      	str	r3, [r7, #16]
            }
        }
        #else /* if ( configSUPPORT_STATIC_ALLOCATION == 1 ) */
        {
            /* The Idle task is being created using dynamically allocated RAM. */
            xReturn = xTaskCreate( pxIdleTaskFunction,
     5b4:	69bb      	ldr	r3, [r7, #24]
     5b6:	009b      	lsls	r3, r3, #2
     5b8:	4a10      	ldr	r2, [pc, #64]	; (5fc <prvCreateIdleTasks+0xac>)
     5ba:	4413      	add	r3, r2
     5bc:	4639      	mov	r1, r7
     5be:	9301      	str	r3, [sp, #4]
     5c0:	2300      	movs	r3, #0
     5c2:	9300      	str	r3, [sp, #0]
     5c4:	2300      	movs	r3, #0
     5c6:	f44f 7280 	mov.w	r2, #256	; 0x100
     5ca:	6938      	ldr	r0, [r7, #16]
     5cc:	f7ff fea4 	bl	318 <xTaskCreate>
     5d0:	61f8      	str	r0, [r7, #28]
                                   &xIdleTaskHandles[ xCoreID ] );
        }
        #endif /* configSUPPORT_STATIC_ALLOCATION */

        /* Break the loop if any of the idle task is failed to be created. */
        if( xReturn != pdPASS )
     5d2:	69fb      	ldr	r3, [r7, #28]
     5d4:	2b01      	cmp	r3, #1
     5d6:	d106      	bne.n	5e6 <prvCreateIdleTasks+0x96>
    for( xCoreID = ( BaseType_t ) 0; xCoreID < ( BaseType_t ) configNUMBER_OF_CORES; xCoreID++ )
     5d8:	69bb      	ldr	r3, [r7, #24]
     5da:	3301      	adds	r3, #1
     5dc:	61bb      	str	r3, [r7, #24]
     5de:	69bb      	ldr	r3, [r7, #24]
     5e0:	2b00      	cmp	r3, #0
     5e2:	dde5      	ble.n	5b0 <prvCreateIdleTasks+0x60>
     5e4:	e000      	b.n	5e8 <prvCreateIdleTasks+0x98>
        {
            break;
     5e6:	bf00      	nop
            }
            #endif /* if ( configNUMBER_OF_CORES == 1 ) */
        }
    }

    return xReturn;
     5e8:	69fb      	ldr	r3, [r7, #28]
}
     5ea:	4618      	mov	r0, r3
     5ec:	3720      	adds	r7, #32
     5ee:	46bd      	mov	sp, r7
     5f0:	bd80      	pop	{r7, pc}
     5f2:	bf00      	nop
     5f4:	00002448 	andeq	r2, r0, r8, asr #8
     5f8:	00001051 	andeq	r1, r0, r1, asr r0
     5fc:	200000d8 	ldrdcs	r0, [r0], -r8

00000600 <vTaskStartScheduler>:

/*-----------------------------------------------------------*/

void vTaskStartScheduler( void )
{
     600:	b580      	push	{r7, lr}
     602:	b082      	sub	sp, #8
     604:	af00      	add	r7, sp, #0
         * the number of bits as confNUMBER_OF_CORES. */
        configASSERT( ( sizeof( UBaseType_t ) * taskBITS_PER_BYTE ) >= configNUMBER_OF_CORES );
    }
    #endif /* #if ( configUSE_CORE_AFFINITY == 1 ) && ( configNUMBER_OF_CORES > 1 ) */

    xReturn = prvCreateIdleTasks();
     606:	f7ff ffa3 	bl	550 <prvCreateIdleTasks>
     60a:	6078      	str	r0, [r7, #4]
            mtCOVERAGE_TEST_MARKER();
        }
    }
    #endif /* configUSE_TIMERS */

    if( xReturn == pdPASS )
     60c:	687b      	ldr	r3, [r7, #4]
     60e:	2b01      	cmp	r3, #1
     610:	d115      	bne.n	63e <vTaskStartScheduler+0x3e>

portFORCE_INLINE static void vPortRaiseBASEPRI( void )
{
    uint32_t ulNewBASEPRI;

    __asm volatile
     612:	f04f 0301 	mov.w	r3, #1
     616:	f383 8811 	msr	BASEPRI, r3
     61a:	f3bf 8f6f 	isb	sy
     61e:	f3bf 8f4f 	dsb	sy
     622:	603b      	str	r3, [r7, #0]
        "   msr basepri, %0                                         \n" \
        "   isb                                                     \n" \
        "   dsb                                                     \n" \
        : "=r" ( ulNewBASEPRI ) : "i" ( configMAX_SYSCALL_INTERRUPT_PRIORITY ) : "memory"
    );
}
     624:	bf00      	nop
             * block specific to the task that will run first. */
            configSET_TLS_BLOCK( pxCurrentTCB->xTLSBlock );
        }
        #endif

        xNextTaskUnblockTime = portMAX_DELAY;
     626:	4b09      	ldr	r3, [pc, #36]	; (64c <vTaskStartScheduler+0x4c>)
     628:	f04f 32ff 	mov.w	r2, #4294967295	; 0xffffffff
     62c:	601a      	str	r2, [r3, #0]
        xSchedulerRunning = pdTRUE;
     62e:	4b08      	ldr	r3, [pc, #32]	; (650 <vTaskStartScheduler+0x50>)
     630:	2201      	movs	r2, #1
     632:	601a      	str	r2, [r3, #0]
        xTickCount = ( TickType_t ) configINITIAL_TICK_COUNT;
     634:	4b07      	ldr	r3, [pc, #28]	; (654 <vTaskStartScheduler+0x54>)
     636:	2200      	movs	r2, #0
     638:	601a      	str	r2, [r3, #0]
        /* Setting up the timer tick is hardware specific and thus in the
         * portable interface. */

        /* The return value for xPortStartScheduler is not required
         * hence using a void datatype. */
        ( void ) xPortStartScheduler();
     63a:	f001 fe3a 	bl	22b2 <xPortStartScheduler>
     * meaning xIdleTaskHandles are not used anywhere else. */
    ( void ) xIdleTaskHandles;

    /* OpenOCD makes use of uxTopUsedPriority for thread debugging. Prevent uxTopUsedPriority
     * from getting optimized out as it is no longer used by the kernel. */
    ( void ) uxTopUsedPriority;
     63e:	4b06      	ldr	r3, [pc, #24]	; (658 <vTaskStartScheduler+0x58>)
     640:	681b      	ldr	r3, [r3, #0]

    traceRETURN_vTaskStartScheduler();
}
     642:	bf00      	nop
     644:	3708      	adds	r7, #8
     646:	46bd      	mov	sp, r7
     648:	bd80      	pop	{r7, pc}
     64a:	bf00      	nop
     64c:	200000d4 	ldrdcs	r0, [r0], -r4
     650:	200000c0 	andcs	r0, r0, r0, asr #1
     654:	200000b8 	strhcs	r0, [r0], -r8
     658:	00002454 	andeq	r2, r0, r4, asr r4

0000065c <vTaskEndScheduler>:
/*-----------------------------------------------------------*/

void vTaskEndScheduler( void )
{
     65c:	b580      	push	{r7, lr}
     65e:	b082      	sub	sp, #8
     660:	af00      	add	r7, sp, #0
    __asm volatile
     662:	f04f 0301 	mov.w	r3, #1
     666:	f383 8811 	msr	BASEPRI, r3
     66a:	f3bf 8f6f 	isb	sy
     66e:	f3bf 8f4f 	dsb	sy
     672:	607b      	str	r3, [r7, #4]
}
     674:	bf00      	nop

    /* Stop the scheduler interrupts and call the portable scheduler end
     * routine so the original ISRs can be restored if necessary.  The port
     * layer must ensure interrupts enable  bit is left in the correct state. */
    portDISABLE_INTERRUPTS();
    xSchedulerRunning = pdFALSE;
     676:	4b04      	ldr	r3, [pc, #16]	; (688 <vTaskEndScheduler+0x2c>)
     678:	2200      	movs	r2, #0
     67a:	601a      	str	r2, [r3, #0]

    /* This function must be called from a task and the application is
     * responsible for deleting that task after the scheduler is stopped. */
    vPortEndScheduler();
     67c:	f001 fe46 	bl	230c <vPortEndScheduler>

    traceRETURN_vTaskEndScheduler();
}
     680:	bf00      	nop
     682:	3708      	adds	r7, #8
     684:	46bd      	mov	sp, r7
     686:	bd80      	pop	{r7, pc}
     688:	200000c0 	andcs	r0, r0, r0, asr #1

0000068c <vTaskSuspendAll>:
/*----------------------------------------------------------*/

void vTaskSuspendAll( void )
{
     68c:	b480      	push	{r7}
     68e:	af00      	add	r7, sp, #0
         * do not otherwise exhibit real time behaviour. */
        portSOFTWARE_BARRIER();

        /* The scheduler is suspended if uxSchedulerSuspended is non-zero.  An increment
         * is used to allow calls to vTaskSuspendAll() to nest. */
        uxSchedulerSuspended = ( UBaseType_t ) ( uxSchedulerSuspended + 1U );
     690:	4b04      	ldr	r3, [pc, #16]	; (6a4 <vTaskSuspendAll+0x18>)
     692:	681b      	ldr	r3, [r3, #0]
     694:	3301      	adds	r3, #1
     696:	4a03      	ldr	r2, [pc, #12]	; (6a4 <vTaskSuspendAll+0x18>)
     698:	6013      	str	r3, [r2, #0]
        }
    }
    #endif /* #if ( configNUMBER_OF_CORES == 1 ) */

    traceRETURN_vTaskSuspendAll();
}
     69a:	bf00      	nop
     69c:	46bd      	mov	sp, r7
     69e:	bc80      	pop	{r7}
     6a0:	4770      	bx	lr
     6a2:	bf00      	nop
     6a4:	200000dc 	ldrdcs	r0, [r0], -ip

000006a8 <xTaskResumeAll>:

#endif /* configUSE_TICKLESS_IDLE */
/*----------------------------------------------------------*/

BaseType_t xTaskResumeAll( void )
{
     6a8:	b580      	push	{r7, lr}
     6aa:	b088      	sub	sp, #32
     6ac:	af00      	add	r7, sp, #0
    TCB_t * pxTCB = NULL;
     6ae:	2300      	movs	r3, #0
     6b0:	61fb      	str	r3, [r7, #28]
    BaseType_t xAlreadyYielded = pdFALSE;
     6b2:	2300      	movs	r3, #0
     6b4:	61bb      	str	r3, [r7, #24]
        /* It is possible that an ISR caused a task to be removed from an event
         * list while the scheduler was suspended.  If this was the case then the
         * removed task will have been added to the xPendingReadyList.  Once the
         * scheduler has been resumed it is safe to move all the pending ready
         * tasks from this list into their appropriate ready list. */
        taskENTER_CRITICAL();
     6b6:	f001 fe2f 	bl	2318 <vPortEnterCritical>
        {
            const BaseType_t xCoreID = ( BaseType_t ) portGET_CORE_ID();
     6ba:	2300      	movs	r3, #0
     6bc:	613b      	str	r3, [r7, #16]

            /* If uxSchedulerSuspended is zero then this function does not match a
             * previous call to vTaskSuspendAll(). */
            configASSERT( uxSchedulerSuspended != 0U );

            uxSchedulerSuspended = ( UBaseType_t ) ( uxSchedulerSuspended - 1U );
     6be:	4b6d      	ldr	r3, [pc, #436]	; (874 <xTaskResumeAll+0x1cc>)
     6c0:	681b      	ldr	r3, [r3, #0]
     6c2:	3b01      	subs	r3, #1
     6c4:	4a6b      	ldr	r2, [pc, #428]	; (874 <xTaskResumeAll+0x1cc>)
     6c6:	6013      	str	r3, [r2, #0]
            portRELEASE_TASK_LOCK( xCoreID );

            if( uxSchedulerSuspended == ( UBaseType_t ) 0U )
     6c8:	4b6a      	ldr	r3, [pc, #424]	; (874 <xTaskResumeAll+0x1cc>)
     6ca:	681b      	ldr	r3, [r3, #0]
     6cc:	2b00      	cmp	r3, #0
     6ce:	f040 80ca 	bne.w	866 <xTaskResumeAll+0x1be>
            {
                if( uxCurrentNumberOfTasks > ( UBaseType_t ) 0U )
     6d2:	4b69      	ldr	r3, [pc, #420]	; (878 <xTaskResumeAll+0x1d0>)
     6d4:	681b      	ldr	r3, [r3, #0]
     6d6:	2b00      	cmp	r3, #0
     6d8:	f000 80c5 	beq.w	866 <xTaskResumeAll+0x1be>
                {
                    /* Move any readied tasks from the pending list into the
                     * appropriate ready list. */
                    while( listLIST_IS_EMPTY( &xPendingReadyList ) == pdFALSE )
     6dc:	e08e      	b.n	7fc <xTaskResumeAll+0x154>
                    {
                        /* MISRA Ref 11.5.3 [Void pointer assignment] */
                        /* More details at: https://github.com/FreeRTOS/FreeRTOS-Kernel/blob/main/MISRA.md#rule-115 */
                        /* coverity[misra_c_2012_rule_11_5_violation] */
                        pxTCB = listGET_OWNER_OF_HEAD_ENTRY( ( &xPendingReadyList ) );
     6de:	4b67      	ldr	r3, [pc, #412]	; (87c <xTaskResumeAll+0x1d4>)
     6e0:	68db      	ldr	r3, [r3, #12]
     6e2:	68db      	ldr	r3, [r3, #12]
     6e4:	61fb      	str	r3, [r7, #28]
                        listREMOVE_ITEM( &( pxTCB->xEventListItem ) );
     6e6:	69fb      	ldr	r3, [r7, #28]
     6e8:	6a9b      	ldr	r3, [r3, #40]	; 0x28
     6ea:	60fb      	str	r3, [r7, #12]
     6ec:	69fb      	ldr	r3, [r7, #28]
     6ee:	69db      	ldr	r3, [r3, #28]
     6f0:	69fa      	ldr	r2, [r7, #28]
     6f2:	6a12      	ldr	r2, [r2, #32]
     6f4:	609a      	str	r2, [r3, #8]
     6f6:	69fb      	ldr	r3, [r7, #28]
     6f8:	6a1b      	ldr	r3, [r3, #32]
     6fa:	69fa      	ldr	r2, [r7, #28]
     6fc:	69d2      	ldr	r2, [r2, #28]
     6fe:	605a      	str	r2, [r3, #4]
     700:	68fb      	ldr	r3, [r7, #12]
     702:	685a      	ldr	r2, [r3, #4]
     704:	69fb      	ldr	r3, [r7, #28]
     706:	3318      	adds	r3, #24
     708:	429a      	cmp	r2, r3
     70a:	d103      	bne.n	714 <xTaskResumeAll+0x6c>
     70c:	69fb      	ldr	r3, [r7, #28]
     70e:	6a1a      	ldr	r2, [r3, #32]
     710:	68fb      	ldr	r3, [r7, #12]
     712:	605a      	str	r2, [r3, #4]
     714:	69fb      	ldr	r3, [r7, #28]
     716:	2200      	movs	r2, #0
     718:	629a      	str	r2, [r3, #40]	; 0x28
     71a:	68fb      	ldr	r3, [r7, #12]
     71c:	681b      	ldr	r3, [r3, #0]
     71e:	1e5a      	subs	r2, r3, #1
     720:	68fb      	ldr	r3, [r7, #12]
     722:	601a      	str	r2, [r3, #0]
                        portMEMORY_BARRIER();
                        listREMOVE_ITEM( &( pxTCB->xStateListItem ) );
     724:	69fb      	ldr	r3, [r7, #28]
     726:	695b      	ldr	r3, [r3, #20]
     728:	60bb      	str	r3, [r7, #8]
     72a:	69fb      	ldr	r3, [r7, #28]
     72c:	689b      	ldr	r3, [r3, #8]
     72e:	69fa      	ldr	r2, [r7, #28]
     730:	68d2      	ldr	r2, [r2, #12]
     732:	609a      	str	r2, [r3, #8]
     734:	69fb      	ldr	r3, [r7, #28]
     736:	68db      	ldr	r3, [r3, #12]
     738:	69fa      	ldr	r2, [r7, #28]
     73a:	6892      	ldr	r2, [r2, #8]
     73c:	605a      	str	r2, [r3, #4]
     73e:	68bb      	ldr	r3, [r7, #8]
     740:	685a      	ldr	r2, [r3, #4]
     742:	69fb      	ldr	r3, [r7, #28]
     744:	3304      	adds	r3, #4
     746:	429a      	cmp	r2, r3
     748:	d103      	bne.n	752 <xTaskResumeAll+0xaa>
     74a:	69fb      	ldr	r3, [r7, #28]
     74c:	68da      	ldr	r2, [r3, #12]
     74e:	68bb      	ldr	r3, [r7, #8]
     750:	605a      	str	r2, [r3, #4]
     752:	69fb      	ldr	r3, [r7, #28]
     754:	2200      	movs	r2, #0
     756:	615a      	str	r2, [r3, #20]
     758:	68bb      	ldr	r3, [r7, #8]
     75a:	681b      	ldr	r3, [r3, #0]
     75c:	1e5a      	subs	r2, r3, #1
     75e:	68bb      	ldr	r3, [r7, #8]
     760:	601a      	str	r2, [r3, #0]
                        prvAddTaskToReadyList( pxTCB );
     762:	69fb      	ldr	r3, [r7, #28]
     764:	6adb      	ldr	r3, [r3, #44]	; 0x2c
     766:	2201      	movs	r2, #1
     768:	409a      	lsls	r2, r3
     76a:	4b45      	ldr	r3, [pc, #276]	; (880 <xTaskResumeAll+0x1d8>)
     76c:	681b      	ldr	r3, [r3, #0]
     76e:	4313      	orrs	r3, r2
     770:	4a43      	ldr	r2, [pc, #268]	; (880 <xTaskResumeAll+0x1d8>)
     772:	6013      	str	r3, [r2, #0]
     774:	69fb      	ldr	r3, [r7, #28]
     776:	6ada      	ldr	r2, [r3, #44]	; 0x2c
     778:	4942      	ldr	r1, [pc, #264]	; (884 <xTaskResumeAll+0x1dc>)
     77a:	4613      	mov	r3, r2
     77c:	009b      	lsls	r3, r3, #2
     77e:	4413      	add	r3, r2
     780:	009b      	lsls	r3, r3, #2
     782:	440b      	add	r3, r1
     784:	3304      	adds	r3, #4
     786:	681b      	ldr	r3, [r3, #0]
     788:	607b      	str	r3, [r7, #4]
     78a:	69fb      	ldr	r3, [r7, #28]
     78c:	687a      	ldr	r2, [r7, #4]
     78e:	609a      	str	r2, [r3, #8]
     790:	687b      	ldr	r3, [r7, #4]
     792:	689a      	ldr	r2, [r3, #8]
     794:	69fb      	ldr	r3, [r7, #28]
     796:	60da      	str	r2, [r3, #12]
     798:	687b      	ldr	r3, [r7, #4]
     79a:	689b      	ldr	r3, [r3, #8]
     79c:	69fa      	ldr	r2, [r7, #28]
     79e:	3204      	adds	r2, #4
     7a0:	605a      	str	r2, [r3, #4]
     7a2:	69fb      	ldr	r3, [r7, #28]
     7a4:	1d1a      	adds	r2, r3, #4
     7a6:	687b      	ldr	r3, [r7, #4]
     7a8:	609a      	str	r2, [r3, #8]
     7aa:	69fb      	ldr	r3, [r7, #28]
     7ac:	6ada      	ldr	r2, [r3, #44]	; 0x2c
     7ae:	4613      	mov	r3, r2
     7b0:	009b      	lsls	r3, r3, #2
     7b2:	4413      	add	r3, r2
     7b4:	009b      	lsls	r3, r3, #2
     7b6:	4a33      	ldr	r2, [pc, #204]	; (884 <xTaskResumeAll+0x1dc>)
     7b8:	441a      	add	r2, r3
     7ba:	69fb      	ldr	r3, [r7, #28]
     7bc:	615a      	str	r2, [r3, #20]
     7be:	69fb      	ldr	r3, [r7, #28]
     7c0:	6ada      	ldr	r2, [r3, #44]	; 0x2c
     7c2:	4930      	ldr	r1, [pc, #192]	; (884 <xTaskResumeAll+0x1dc>)
     7c4:	4613      	mov	r3, r2
     7c6:	009b      	lsls	r3, r3, #2
     7c8:	4413      	add	r3, r2
     7ca:	009b      	lsls	r3, r3, #2
     7cc:	440b      	add	r3, r1
     7ce:	681b      	ldr	r3, [r3, #0]
     7d0:	69fa      	ldr	r2, [r7, #28]
     7d2:	6ad2      	ldr	r2, [r2, #44]	; 0x2c
     7d4:	1c59      	adds	r1, r3, #1
     7d6:	482b      	ldr	r0, [pc, #172]	; (884 <xTaskResumeAll+0x1dc>)
     7d8:	4613      	mov	r3, r2
     7da:	009b      	lsls	r3, r3, #2
     7dc:	4413      	add	r3, r2
     7de:	009b      	lsls	r3, r3, #2
     7e0:	4403      	add	r3, r0
     7e2:	6019      	str	r1, [r3, #0]

                        #if ( configNUMBER_OF_CORES == 1 )
                        {
                            /* If the moved task has a priority higher than the current
                             * task then a yield must be performed. */
                            if( pxTCB->uxPriority > pxCurrentTCB->uxPriority )
     7e4:	69fb      	ldr	r3, [r7, #28]
     7e6:	6ada      	ldr	r2, [r3, #44]	; 0x2c
     7e8:	4b27      	ldr	r3, [pc, #156]	; (888 <xTaskResumeAll+0x1e0>)
     7ea:	681b      	ldr	r3, [r3, #0]
     7ec:	6adb      	ldr	r3, [r3, #44]	; 0x2c
     7ee:	429a      	cmp	r2, r3
     7f0:	d904      	bls.n	7fc <xTaskResumeAll+0x154>
                            {
                                xYieldPendings[ xCoreID ] = pdTRUE;
     7f2:	4a26      	ldr	r2, [pc, #152]	; (88c <xTaskResumeAll+0x1e4>)
     7f4:	693b      	ldr	r3, [r7, #16]
     7f6:	2101      	movs	r1, #1
     7f8:	f842 1023 	str.w	r1, [r2, r3, lsl #2]
                    while( listLIST_IS_EMPTY( &xPendingReadyList ) == pdFALSE )
     7fc:	4b1f      	ldr	r3, [pc, #124]	; (87c <xTaskResumeAll+0x1d4>)
     7fe:	681b      	ldr	r3, [r3, #0]
     800:	2b00      	cmp	r3, #0
     802:	f47f af6c 	bne.w	6de <xTaskResumeAll+0x36>
                             * which sets xYieldPendings for the current core to pdTRUE. */
                        }
                        #endif /* #if ( configNUMBER_OF_CORES == 1 ) */
                    }

                    if( pxTCB != NULL )
     806:	69fb      	ldr	r3, [r7, #28]
     808:	2b00      	cmp	r3, #0
     80a:	d001      	beq.n	810 <xTaskResumeAll+0x168>
                         * which may have prevented the next unblock time from being
                         * re-calculated, in which case re-calculate it now.  Mainly
                         * important for low power tickless implementations, where
                         * this can prevent an unnecessary exit from low power
                         * state. */
                        prvResetNextTaskUnblockTime();
     80c:	f000 fc74 	bl	10f8 <prvResetNextTaskUnblockTime>
                     * It should be safe to call xTaskIncrementTick here from any core
                     * since we are in a critical section and xTaskIncrementTick itself
                     * protects itself within a critical section. Suspending the scheduler
                     * from any core causes xTaskIncrementTick to increment uxPendedCounts. */
                    {
                        TickType_t xPendedCounts = xPendedTicks; /* Non-volatile copy. */
     810:	4b1f      	ldr	r3, [pc, #124]	; (890 <xTaskResumeAll+0x1e8>)
     812:	681b      	ldr	r3, [r3, #0]
     814:	617b      	str	r3, [r7, #20]

                        if( xPendedCounts > ( TickType_t ) 0U )
     816:	697b      	ldr	r3, [r7, #20]
     818:	2b00      	cmp	r3, #0
     81a:	d012      	beq.n	842 <xTaskResumeAll+0x19a>
                        {
                            do
                            {
                                if( xTaskIncrementTick() != pdFALSE )
     81c:	f000 f894 	bl	948 <xTaskIncrementTick>
     820:	4603      	mov	r3, r0
     822:	2b00      	cmp	r3, #0
     824:	d004      	beq.n	830 <xTaskResumeAll+0x188>
                                {
                                    /* Other cores are interrupted from
                                     * within xTaskIncrementTick(). */
                                    xYieldPendings[ xCoreID ] = pdTRUE;
     826:	4a19      	ldr	r2, [pc, #100]	; (88c <xTaskResumeAll+0x1e4>)
     828:	693b      	ldr	r3, [r7, #16]
     82a:	2101      	movs	r1, #1
     82c:	f842 1023 	str.w	r1, [r2, r3, lsl #2]
                                else
                                {
                                    mtCOVERAGE_TEST_MARKER();
                                }

                                --xPendedCounts;
     830:	697b      	ldr	r3, [r7, #20]
     832:	3b01      	subs	r3, #1
     834:	617b      	str	r3, [r7, #20]
                            } while( xPendedCounts > ( TickType_t ) 0U );
     836:	697b      	ldr	r3, [r7, #20]
     838:	2b00      	cmp	r3, #0
     83a:	d1ef      	bne.n	81c <xTaskResumeAll+0x174>

                            xPendedTicks = 0;
     83c:	4b14      	ldr	r3, [pc, #80]	; (890 <xTaskResumeAll+0x1e8>)
     83e:	2200      	movs	r2, #0
     840:	601a      	str	r2, [r3, #0]
                        {
                            mtCOVERAGE_TEST_MARKER();
                        }
                    }

                    if( xYieldPendings[ xCoreID ] != pdFALSE )
     842:	4a12      	ldr	r2, [pc, #72]	; (88c <xTaskResumeAll+0x1e4>)
     844:	693b      	ldr	r3, [r7, #16]
     846:	f852 3023 	ldr.w	r3, [r2, r3, lsl #2]
     84a:	2b00      	cmp	r3, #0
     84c:	d00b      	beq.n	866 <xTaskResumeAll+0x1be>
                    {
                        #if ( configUSE_PREEMPTION != 0 )
                        {
                            xAlreadyYielded = pdTRUE;
     84e:	2301      	movs	r3, #1
     850:	61bb      	str	r3, [r7, #24]
                        }
                        #endif /* #if ( configUSE_PREEMPTION != 0 ) */

                        #if ( configNUMBER_OF_CORES == 1 )
                        {
                            taskYIELD_TASK_CORE_IF_USING_PREEMPTION( pxCurrentTCB );
     852:	4b0d      	ldr	r3, [pc, #52]	; (888 <xTaskResumeAll+0x1e0>)
     854:	681b      	ldr	r3, [r3, #0]
     856:	4b0f      	ldr	r3, [pc, #60]	; (894 <xTaskResumeAll+0x1ec>)
     858:	f04f 5280 	mov.w	r2, #268435456	; 0x10000000
     85c:	601a      	str	r2, [r3, #0]
     85e:	f3bf 8f4f 	dsb	sy
     862:	f3bf 8f6f 	isb	sy
            else
            {
                mtCOVERAGE_TEST_MARKER();
            }
        }
        taskEXIT_CRITICAL();
     866:	f001 fd71 	bl	234c <vPortExitCritical>
    }

    traceRETURN_xTaskResumeAll( xAlreadyYielded );

    return xAlreadyYielded;
     86a:	69bb      	ldr	r3, [r7, #24]
}
     86c:	4618      	mov	r0, r3
     86e:	3720      	adds	r7, #32
     870:	46bd      	mov	sp, r7
     872:	bd80      	pop	{r7, pc}
     874:	200000dc 	ldrdcs	r0, [r0], -ip
     878:	200000b4 	strhcs	r0, [r0], -r4
     87c:	200000a0 	andcs	r0, r0, r0, lsr #1
     880:	200000bc 	strhcs	r0, [r0], -ip
     884:	2000000c 	andcs	r0, r0, ip
     888:	20000008 	andcs	r0, r0, r8
     88c:	200000c8 	andcs	r0, r0, r8, asr #1
     890:	200000c4 	andcs	r0, r0, r4, asr #1
     894:	e000ed04 	and	lr, r0, r4, lsl #26

00000898 <xTaskGetTickCount>:
/*-----------------------------------------------------------*/

TickType_t xTaskGetTickCount( void )
{
     898:	b480      	push	{r7}
     89a:	b083      	sub	sp, #12
     89c:	af00      	add	r7, sp, #0
    traceENTER_xTaskGetTickCount();

    /* Critical section required if running on a 16 bit processor. */
    portTICK_TYPE_ENTER_CRITICAL();
    {
        xTicks = xTickCount;
     89e:	4b04      	ldr	r3, [pc, #16]	; (8b0 <xTaskGetTickCount+0x18>)
     8a0:	681b      	ldr	r3, [r3, #0]
     8a2:	607b      	str	r3, [r7, #4]
    }
    portTICK_TYPE_EXIT_CRITICAL();

    traceRETURN_xTaskGetTickCount( xTicks );

    return xTicks;
     8a4:	687b      	ldr	r3, [r7, #4]
}
     8a6:	4618      	mov	r0, r3
     8a8:	370c      	adds	r7, #12
     8aa:	46bd      	mov	sp, r7
     8ac:	bc80      	pop	{r7}
     8ae:	4770      	bx	lr
     8b0:	200000b8 	strhcs	r0, [r0], -r8

000008b4 <xTaskGetTickCountFromISR>:
/*-----------------------------------------------------------*/

TickType_t xTaskGetTickCountFromISR( void )
{
     8b4:	b480      	push	{r7}
     8b6:	b083      	sub	sp, #12
     8b8:	af00      	add	r7, sp, #0
     * safe API to ensure interrupt entry is as fast and as simple as possible.
     * More information (albeit Cortex-M specific) is provided on the following
     * link: https://www.FreeRTOS.org/RTOS-Cortex-M3-M4.html */
    portASSERT_IF_INTERRUPT_PRIORITY_INVALID();

    uxSavedInterruptStatus = portTICK_TYPE_SET_INTERRUPT_MASK_FROM_ISR();
     8ba:	2300      	movs	r3, #0
     8bc:	607b      	str	r3, [r7, #4]
    {
        xReturn = xTickCount;
     8be:	4b04      	ldr	r3, [pc, #16]	; (8d0 <xTaskGetTickCountFromISR+0x1c>)
     8c0:	681b      	ldr	r3, [r3, #0]
     8c2:	603b      	str	r3, [r7, #0]
    }
    portTICK_TYPE_CLEAR_INTERRUPT_MASK_FROM_ISR( uxSavedInterruptStatus );

    traceRETURN_xTaskGetTickCountFromISR( xReturn );

    return xReturn;
     8c4:	683b      	ldr	r3, [r7, #0]
}
     8c6:	4618      	mov	r0, r3
     8c8:	370c      	adds	r7, #12
     8ca:	46bd      	mov	sp, r7
     8cc:	bc80      	pop	{r7}
     8ce:	4770      	bx	lr
     8d0:	200000b8 	strhcs	r0, [r0], -r8

000008d4 <uxTaskGetNumberOfTasks>:
/*-----------------------------------------------------------*/

UBaseType_t uxTaskGetNumberOfTasks( void )
{
     8d4:	b480      	push	{r7}
     8d6:	af00      	add	r7, sp, #0

    /* A critical section is not required because the variables are of type
     * BaseType_t. */
    traceRETURN_uxTaskGetNumberOfTasks( uxCurrentNumberOfTasks );

    return uxCurrentNumberOfTasks;
     8d8:	4b02      	ldr	r3, [pc, #8]	; (8e4 <uxTaskGetNumberOfTasks+0x10>)
     8da:	681b      	ldr	r3, [r3, #0]
}
     8dc:	4618      	mov	r0, r3
     8de:	46bd      	mov	sp, r7
     8e0:	bc80      	pop	{r7}
     8e2:	4770      	bx	lr
     8e4:	200000b4 	strhcs	r0, [r0], -r4

000008e8 <pcTaskGetName>:
/*-----------------------------------------------------------*/

char * pcTaskGetName( TaskHandle_t xTaskToQuery )
{
     8e8:	b480      	push	{r7}
     8ea:	b085      	sub	sp, #20
     8ec:	af00      	add	r7, sp, #0
     8ee:	6078      	str	r0, [r7, #4]

    traceENTER_pcTaskGetName( xTaskToQuery );

    /* If null is passed in here then the name of the calling task is being
     * queried. */
    pxTCB = prvGetTCBFromHandle( xTaskToQuery );
     8f0:	687b      	ldr	r3, [r7, #4]
     8f2:	2b00      	cmp	r3, #0
     8f4:	d102      	bne.n	8fc <pcTaskGetName+0x14>
     8f6:	4b06      	ldr	r3, [pc, #24]	; (910 <pcTaskGetName+0x28>)
     8f8:	681b      	ldr	r3, [r3, #0]
     8fa:	e000      	b.n	8fe <pcTaskGetName+0x16>
     8fc:	687b      	ldr	r3, [r7, #4]
     8fe:	60fb      	str	r3, [r7, #12]
    configASSERT( pxTCB != NULL );

    traceRETURN_pcTaskGetName( &( pxTCB->pcTaskName[ 0 ] ) );

    return &( pxTCB->pcTaskName[ 0 ] );
     900:	68fb      	ldr	r3, [r7, #12]
     902:	3334      	adds	r3, #52	; 0x34
}
     904:	4618      	mov	r0, r3
     906:	3714      	adds	r7, #20
     908:	46bd      	mov	sp, r7
     90a:	bc80      	pop	{r7}
     90c:	4770      	bx	lr
     90e:	bf00      	nop
     910:	20000008 	andcs	r0, r0, r8

00000914 <xTaskCatchUpTicks>:

#endif /* configUSE_TICKLESS_IDLE */
/*----------------------------------------------------------*/

BaseType_t xTaskCatchUpTicks( TickType_t xTicksToCatchUp )
{
     914:	b580      	push	{r7, lr}
     916:	b084      	sub	sp, #16
     918:	af00      	add	r7, sp, #0
     91a:	6078      	str	r0, [r7, #4]
     * relies on xPendedTicks being wound down to 0 in xTaskResumeAll(). */
    configASSERT( uxSchedulerSuspended == ( UBaseType_t ) 0U );

    /* Use xPendedTicks to mimic xTicksToCatchUp number of ticks occurring when
     * the scheduler is suspended so the ticks are executed in xTaskResumeAll(). */
    vTaskSuspendAll();
     91c:	f7ff feb6 	bl	68c <vTaskSuspendAll>

    /* Prevent the tick interrupt modifying xPendedTicks simultaneously. */
    taskENTER_CRITICAL();
     920:	f001 fcfa 	bl	2318 <vPortEnterCritical>
    {
        xPendedTicks += xTicksToCatchUp;
     924:	4b07      	ldr	r3, [pc, #28]	; (944 <xTaskCatchUpTicks+0x30>)
     926:	681a      	ldr	r2, [r3, #0]
     928:	687b      	ldr	r3, [r7, #4]
     92a:	4413      	add	r3, r2
     92c:	4a05      	ldr	r2, [pc, #20]	; (944 <xTaskCatchUpTicks+0x30>)
     92e:	6013      	str	r3, [r2, #0]
    }
    taskEXIT_CRITICAL();
     930:	f001 fd0c 	bl	234c <vPortExitCritical>
    xYieldOccurred = xTaskResumeAll();
     934:	f7ff feb8 	bl	6a8 <xTaskResumeAll>
     938:	60f8      	str	r0, [r7, #12]

    traceRETURN_xTaskCatchUpTicks( xYieldOccurred );

    return xYieldOccurred;
     93a:	68fb      	ldr	r3, [r7, #12]
}
     93c:	4618      	mov	r0, r3
     93e:	3710      	adds	r7, #16
     940:	46bd      	mov	sp, r7
     942:	bd80      	pop	{r7, pc}
     944:	200000c4 	andcs	r0, r0, r4, asr #1

00000948 <xTaskIncrementTick>:

#endif /* INCLUDE_xTaskAbortDelay */
/*----------------------------------------------------------*/

BaseType_t xTaskIncrementTick( void )
{
     948:	b580      	push	{r7, lr}
     94a:	b088      	sub	sp, #32
     94c:	af00      	add	r7, sp, #0
    TCB_t * pxTCB;
    TickType_t xItemValue;
    BaseType_t xSwitchRequired = pdFALSE;
     94e:	2300      	movs	r3, #0
     950:	61fb      	str	r3, [r7, #28]

    /* Tick increment should occur on every kernel timer event. Core 0 has the
     * responsibility to increment the tick, or increment the pended ticks if the
     * scheduler is suspended.  If pended ticks is greater than zero, the core that
     * calls xTaskResumeAll has the responsibility to increment the tick. */
    if( uxSchedulerSuspended == ( UBaseType_t ) 0U )
     952:	4b76      	ldr	r3, [pc, #472]	; (b2c <xTaskIncrementTick+0x1e4>)
     954:	681b      	ldr	r3, [r3, #0]
     956:	2b00      	cmp	r3, #0
     958:	f040 80de 	bne.w	b18 <xTaskIncrementTick+0x1d0>
    {
        /* Minor optimisation.  The tick count cannot change in this
         * block. */
        const TickType_t xConstTickCount = xTickCount + ( TickType_t ) 1;
     95c:	4b74      	ldr	r3, [pc, #464]	; (b30 <xTaskIncrementTick+0x1e8>)
     95e:	681b      	ldr	r3, [r3, #0]
     960:	3301      	adds	r3, #1
     962:	61bb      	str	r3, [r7, #24]

        /* Increment the RTOS tick, switching the delayed and overflowed
         * delayed lists if it wraps to 0. */
        xTickCount = xConstTickCount;
     964:	4a72      	ldr	r2, [pc, #456]	; (b30 <xTaskIncrementTick+0x1e8>)
     966:	69bb      	ldr	r3, [r7, #24]
     968:	6013      	str	r3, [r2, #0]

        if( xConstTickCount == ( TickType_t ) 0U )
     96a:	69bb      	ldr	r3, [r7, #24]
     96c:	2b00      	cmp	r3, #0
     96e:	d110      	bne.n	992 <xTaskIncrementTick+0x4a>
        {
            taskSWITCH_DELAYED_LISTS();
     970:	4b70      	ldr	r3, [pc, #448]	; (b34 <xTaskIncrementTick+0x1ec>)
     972:	681b      	ldr	r3, [r3, #0]
     974:	617b      	str	r3, [r7, #20]
     976:	4b70      	ldr	r3, [pc, #448]	; (b38 <xTaskIncrementTick+0x1f0>)
     978:	681b      	ldr	r3, [r3, #0]
     97a:	4a6e      	ldr	r2, [pc, #440]	; (b34 <xTaskIncrementTick+0x1ec>)
     97c:	6013      	str	r3, [r2, #0]
     97e:	4a6e      	ldr	r2, [pc, #440]	; (b38 <xTaskIncrementTick+0x1f0>)
     980:	697b      	ldr	r3, [r7, #20]
     982:	6013      	str	r3, [r2, #0]
     984:	4b6d      	ldr	r3, [pc, #436]	; (b3c <xTaskIncrementTick+0x1f4>)
     986:	681b      	ldr	r3, [r3, #0]
     988:	3301      	adds	r3, #1
     98a:	4a6c      	ldr	r2, [pc, #432]	; (b3c <xTaskIncrementTick+0x1f4>)
     98c:	6013      	str	r3, [r2, #0]
     98e:	f000 fbb3 	bl	10f8 <prvResetNextTaskUnblockTime>

        /* See if this tick has made a timeout expire.  Tasks are stored in
         * the  queue in the order of their wake time - meaning once one task
         * has been found whose block time has not expired there is no need to
         * look any further down the list. */
        if( xConstTickCount >= xNextTaskUnblockTime )
     992:	4b6b      	ldr	r3, [pc, #428]	; (b40 <xTaskIncrementTick+0x1f8>)
     994:	681b      	ldr	r3, [r3, #0]
     996:	69ba      	ldr	r2, [r7, #24]
     998:	429a      	cmp	r2, r3
     99a:	f0c0 80a8 	bcc.w	aee <xTaskIncrementTick+0x1a6>
        {
            for( ; ; )
            {
                if( listLIST_IS_EMPTY( pxDelayedTaskList ) != pdFALSE )
     99e:	4b65      	ldr	r3, [pc, #404]	; (b34 <xTaskIncrementTick+0x1ec>)
     9a0:	681b      	ldr	r3, [r3, #0]
     9a2:	681b      	ldr	r3, [r3, #0]
     9a4:	2b00      	cmp	r3, #0
     9a6:	d104      	bne.n	9b2 <xTaskIncrementTick+0x6a>
                    /* The delayed list is empty.  Set xNextTaskUnblockTime
                     * to the maximum possible value so it is extremely
                     * unlikely that the
                     * if( xTickCount >= xNextTaskUnblockTime ) test will pass
                     * next time through. */
                    xNextTaskUnblockTime = portMAX_DELAY;
     9a8:	4b65      	ldr	r3, [pc, #404]	; (b40 <xTaskIncrementTick+0x1f8>)
     9aa:	f04f 32ff 	mov.w	r2, #4294967295	; 0xffffffff
     9ae:	601a      	str	r2, [r3, #0]
                    break;
     9b0:	e09d      	b.n	aee <xTaskIncrementTick+0x1a6>
                     * at which the task at the head of the delayed list must
                     * be removed from the Blocked state. */
                    /* MISRA Ref 11.5.3 [Void pointer assignment] */
                    /* More details at: https://github.com/FreeRTOS/FreeRTOS-Kernel/blob/main/MISRA.md#rule-115 */
                    /* coverity[misra_c_2012_rule_11_5_violation] */
                    pxTCB = listGET_OWNER_OF_HEAD_ENTRY( pxDelayedTaskList );
     9b2:	4b60      	ldr	r3, [pc, #384]	; (b34 <xTaskIncrementTick+0x1ec>)
     9b4:	681b      	ldr	r3, [r3, #0]
     9b6:	68db      	ldr	r3, [r3, #12]
     9b8:	68db      	ldr	r3, [r3, #12]
     9ba:	613b      	str	r3, [r7, #16]
                    xItemValue = listGET_LIST_ITEM_VALUE( &( pxTCB->xStateListItem ) );
     9bc:	693b      	ldr	r3, [r7, #16]
     9be:	685b      	ldr	r3, [r3, #4]
     9c0:	60fb      	str	r3, [r7, #12]

                    if( xConstTickCount < xItemValue )
     9c2:	69ba      	ldr	r2, [r7, #24]
     9c4:	68fb      	ldr	r3, [r7, #12]
     9c6:	429a      	cmp	r2, r3
     9c8:	d203      	bcs.n	9d2 <xTaskIncrementTick+0x8a>
                        /* It is not time to unblock this item yet, but the
                         * item value is the time at which the task at the head
                         * of the blocked list must be removed from the Blocked
                         * state -  so record the item value in
                         * xNextTaskUnblockTime. */
                        xNextTaskUnblockTime = xItemValue;
     9ca:	4a5d      	ldr	r2, [pc, #372]	; (b40 <xTaskIncrementTick+0x1f8>)
     9cc:	68fb      	ldr	r3, [r7, #12]
     9ce:	6013      	str	r3, [r2, #0]
                        break;
     9d0:	e08d      	b.n	aee <xTaskIncrementTick+0x1a6>
                    {
                        mtCOVERAGE_TEST_MARKER();
                    }

                    /* It is time to remove the item from the Blocked state. */
                    listREMOVE_ITEM( &( pxTCB->xStateListItem ) );
     9d2:	693b      	ldr	r3, [r7, #16]
     9d4:	695b      	ldr	r3, [r3, #20]
     9d6:	60bb      	str	r3, [r7, #8]
     9d8:	693b      	ldr	r3, [r7, #16]
     9da:	689b      	ldr	r3, [r3, #8]
     9dc:	693a      	ldr	r2, [r7, #16]
     9de:	68d2      	ldr	r2, [r2, #12]
     9e0:	609a      	str	r2, [r3, #8]
     9e2:	693b      	ldr	r3, [r7, #16]
     9e4:	68db      	ldr	r3, [r3, #12]
     9e6:	693a      	ldr	r2, [r7, #16]
     9e8:	6892      	ldr	r2, [r2, #8]
     9ea:	605a      	str	r2, [r3, #4]
     9ec:	68bb      	ldr	r3, [r7, #8]
     9ee:	685a      	ldr	r2, [r3, #4]
     9f0:	693b      	ldr	r3, [r7, #16]
     9f2:	3304      	adds	r3, #4
     9f4:	429a      	cmp	r2, r3
     9f6:	d103      	bne.n	a00 <xTaskIncrementTick+0xb8>
     9f8:	693b      	ldr	r3, [r7, #16]
     9fa:	68da      	ldr	r2, [r3, #12]
     9fc:	68bb      	ldr	r3, [r7, #8]
     9fe:	605a      	str	r2, [r3, #4]
     a00:	693b      	ldr	r3, [r7, #16]
     a02:	2200      	movs	r2, #0
     a04:	615a      	str	r2, [r3, #20]
     a06:	68bb      	ldr	r3, [r7, #8]
     a08:	681b      	ldr	r3, [r3, #0]
     a0a:	1e5a      	subs	r2, r3, #1
     a0c:	68bb      	ldr	r3, [r7, #8]
     a0e:	601a      	str	r2, [r3, #0]

                    /* Is the task waiting on an event also?  If so remove
                     * it from the event list. */
                    if( listLIST_ITEM_CONTAINER( &( pxTCB->xEventListItem ) ) != NULL )
     a10:	693b      	ldr	r3, [r7, #16]
     a12:	6a9b      	ldr	r3, [r3, #40]	; 0x28
     a14:	2b00      	cmp	r3, #0
     a16:	d01e      	beq.n	a56 <xTaskIncrementTick+0x10e>
                    {
                        listREMOVE_ITEM( &( pxTCB->xEventListItem ) );
     a18:	693b      	ldr	r3, [r7, #16]
     a1a:	6a9b      	ldr	r3, [r3, #40]	; 0x28
     a1c:	607b      	str	r3, [r7, #4]
     a1e:	693b      	ldr	r3, [r7, #16]
     a20:	69db      	ldr	r3, [r3, #28]
     a22:	693a      	ldr	r2, [r7, #16]
     a24:	6a12      	ldr	r2, [r2, #32]
     a26:	609a      	str	r2, [r3, #8]
     a28:	693b      	ldr	r3, [r7, #16]
     a2a:	6a1b      	ldr	r3, [r3, #32]
     a2c:	693a      	ldr	r2, [r7, #16]
     a2e:	69d2      	ldr	r2, [r2, #28]
     a30:	605a      	str	r2, [r3, #4]
     a32:	687b      	ldr	r3, [r7, #4]
     a34:	685a      	ldr	r2, [r3, #4]
     a36:	693b      	ldr	r3, [r7, #16]
     a38:	3318      	adds	r3, #24
     a3a:	429a      	cmp	r2, r3
     a3c:	d103      	bne.n	a46 <xTaskIncrementTick+0xfe>
     a3e:	693b      	ldr	r3, [r7, #16]
     a40:	6a1a      	ldr	r2, [r3, #32]
     a42:	687b      	ldr	r3, [r7, #4]
     a44:	605a      	str	r2, [r3, #4]
     a46:	693b      	ldr	r3, [r7, #16]
     a48:	2200      	movs	r2, #0
     a4a:	629a      	str	r2, [r3, #40]	; 0x28
     a4c:	687b      	ldr	r3, [r7, #4]
     a4e:	681b      	ldr	r3, [r3, #0]
     a50:	1e5a      	subs	r2, r3, #1
     a52:	687b      	ldr	r3, [r7, #4]
     a54:	601a      	str	r2, [r3, #0]
                        mtCOVERAGE_TEST_MARKER();
                    }

                    /* Place the unblocked task into the appropriate ready
                     * list. */
                    prvAddTaskToReadyList( pxTCB );
     a56:	693b      	ldr	r3, [r7, #16]
     a58:	6adb      	ldr	r3, [r3, #44]	; 0x2c
     a5a:	2201      	movs	r2, #1
     a5c:	409a      	lsls	r2, r3
     a5e:	4b39      	ldr	r3, [pc, #228]	; (b44 <xTaskIncrementTick+0x1fc>)
     a60:	681b      	ldr	r3, [r3, #0]
     a62:	4313      	orrs	r3, r2
     a64:	4a37      	ldr	r2, [pc, #220]	; (b44 <xTaskIncrementTick+0x1fc>)
     a66:	6013      	str	r3, [r2, #0]
     a68:	693b      	ldr	r3, [r7, #16]
     a6a:	6ada      	ldr	r2, [r3, #44]	; 0x2c
     a6c:	4936      	ldr	r1, [pc, #216]	; (b48 <xTaskIncrementTick+0x200>)
     a6e:	4613      	mov	r3, r2
     a70:	009b      	lsls	r3, r3, #2
     a72:	4413      	add	r3, r2
     a74:	009b      	lsls	r3, r3, #2
     a76:	440b      	add	r3, r1
     a78:	3304      	adds	r3, #4
     a7a:	681b      	ldr	r3, [r3, #0]
     a7c:	603b      	str	r3, [r7, #0]
     a7e:	693b      	ldr	r3, [r7, #16]
     a80:	683a      	ldr	r2, [r7, #0]
     a82:	609a      	str	r2, [r3, #8]
     a84:	683b      	ldr	r3, [r7, #0]
     a86:	689a      	ldr	r2, [r3, #8]
     a88:	693b      	ldr	r3, [r7, #16]
     a8a:	60da      	str	r2, [r3, #12]
     a8c:	683b      	ldr	r3, [r7, #0]
     a8e:	689b      	ldr	r3, [r3, #8]
     a90:	693a      	ldr	r2, [r7, #16]
     a92:	3204      	adds	r2, #4
     a94:	605a      	str	r2, [r3, #4]
     a96:	693b      	ldr	r3, [r7, #16]
     a98:	1d1a      	adds	r2, r3, #4
     a9a:	683b      	ldr	r3, [r7, #0]
     a9c:	609a      	str	r2, [r3, #8]
     a9e:	693b      	ldr	r3, [r7, #16]
     aa0:	6ada      	ldr	r2, [r3, #44]	; 0x2c
     aa2:	4613      	mov	r3, r2
     aa4:	009b      	lsls	r3, r3, #2
     aa6:	4413      	add	r3, r2
     aa8:	009b      	lsls	r3, r3, #2
     aaa:	4a27      	ldr	r2, [pc, #156]	; (b48 <xTaskIncrementTick+0x200>)
     aac:	441a      	add	r2, r3
     aae:	693b      	ldr	r3, [r7, #16]
     ab0:	615a      	str	r2, [r3, #20]
     ab2:	693b      	ldr	r3, [r7, #16]
     ab4:	6ada      	ldr	r2, [r3, #44]	; 0x2c
     ab6:	4924      	ldr	r1, [pc, #144]	; (b48 <xTaskIncrementTick+0x200>)
     ab8:	4613      	mov	r3, r2
     aba:	009b      	lsls	r3, r3, #2
     abc:	4413      	add	r3, r2
     abe:	009b      	lsls	r3, r3, #2
     ac0:	440b      	add	r3, r1
     ac2:	681b      	ldr	r3, [r3, #0]
     ac4:	693a      	ldr	r2, [r7, #16]
     ac6:	6ad2      	ldr	r2, [r2, #44]	; 0x2c
     ac8:	1c59      	adds	r1, r3, #1
     aca:	481f      	ldr	r0, [pc, #124]	; (b48 <xTaskIncrementTick+0x200>)
     acc:	4613      	mov	r3, r2
     ace:	009b      	lsls	r3, r3, #2
     ad0:	4413      	add	r3, r2
     ad2:	009b      	lsls	r3, r3, #2
     ad4:	4403      	add	r3, r0
     ad6:	6019      	str	r1, [r3, #0]
                             * task.
                             * The case of equal priority tasks sharing
                             * processing time (which happens when both
                             * preemption and time slicing are on) is
                             * handled below.*/
                            if( pxTCB->uxPriority > pxCurrentTCB->uxPriority )
     ad8:	693b      	ldr	r3, [r7, #16]
     ada:	6ada      	ldr	r2, [r3, #44]	; 0x2c
     adc:	4b1b      	ldr	r3, [pc, #108]	; (b4c <xTaskIncrementTick+0x204>)
     ade:	681b      	ldr	r3, [r3, #0]
     ae0:	6adb      	ldr	r3, [r3, #44]	; 0x2c
     ae2:	429a      	cmp	r2, r3
     ae4:	f67f af5b 	bls.w	99e <xTaskIncrementTick+0x56>
                            {
                                xSwitchRequired = pdTRUE;
     ae8:	2301      	movs	r3, #1
     aea:	61fb      	str	r3, [r7, #28]
                if( listLIST_IS_EMPTY( pxDelayedTaskList ) != pdFALSE )
     aec:	e757      	b.n	99e <xTaskIncrementTick+0x56>
         * writer has not explicitly turned time slicing off. */
        #if ( ( configUSE_PREEMPTION == 1 ) && ( configUSE_TIME_SLICING == 1 ) )
        {
            #if ( configNUMBER_OF_CORES == 1 )
            {
                if( listCURRENT_LIST_LENGTH( &( pxReadyTasksLists[ pxCurrentTCB->uxPriority ] ) ) > 1U )
     aee:	4b17      	ldr	r3, [pc, #92]	; (b4c <xTaskIncrementTick+0x204>)
     af0:	681b      	ldr	r3, [r3, #0]
     af2:	6ada      	ldr	r2, [r3, #44]	; 0x2c
     af4:	4914      	ldr	r1, [pc, #80]	; (b48 <xTaskIncrementTick+0x200>)
     af6:	4613      	mov	r3, r2
     af8:	009b      	lsls	r3, r3, #2
     afa:	4413      	add	r3, r2
     afc:	009b      	lsls	r3, r3, #2
     afe:	440b      	add	r3, r1
     b00:	681b      	ldr	r3, [r3, #0]
     b02:	2b01      	cmp	r3, #1
     b04:	d901      	bls.n	b0a <xTaskIncrementTick+0x1c2>
                {
                    xSwitchRequired = pdTRUE;
     b06:	2301      	movs	r3, #1
     b08:	61fb      	str	r3, [r7, #28]
        #if ( configUSE_PREEMPTION == 1 )
        {
            #if ( configNUMBER_OF_CORES == 1 )
            {
                /* For single core the core ID is always 0. */
                if( xYieldPendings[ 0 ] != pdFALSE )
     b0a:	4b11      	ldr	r3, [pc, #68]	; (b50 <xTaskIncrementTick+0x208>)
     b0c:	681b      	ldr	r3, [r3, #0]
     b0e:	2b00      	cmp	r3, #0
     b10:	d007      	beq.n	b22 <xTaskIncrementTick+0x1da>
                {
                    xSwitchRequired = pdTRUE;
     b12:	2301      	movs	r3, #1
     b14:	61fb      	str	r3, [r7, #28]
     b16:	e004      	b.n	b22 <xTaskIncrementTick+0x1da>
        }
        #endif /* #if ( configUSE_PREEMPTION == 1 ) */
    }
    else
    {
        xPendedTicks += 1U;
     b18:	4b0e      	ldr	r3, [pc, #56]	; (b54 <xTaskIncrementTick+0x20c>)
     b1a:	681b      	ldr	r3, [r3, #0]
     b1c:	3301      	adds	r3, #1
     b1e:	4a0d      	ldr	r2, [pc, #52]	; (b54 <xTaskIncrementTick+0x20c>)
     b20:	6013      	str	r3, [r2, #0]
        #endif
    }

    traceRETURN_xTaskIncrementTick( xSwitchRequired );

    return xSwitchRequired;
     b22:	69fb      	ldr	r3, [r7, #28]
}
     b24:	4618      	mov	r0, r3
     b26:	3720      	adds	r7, #32
     b28:	46bd      	mov	sp, r7
     b2a:	bd80      	pop	{r7, pc}
     b2c:	200000dc 	ldrdcs	r0, [r0], -ip
     b30:	200000b8 	strhcs	r0, [r0], -r8
     b34:	20000098 	mulcs	r0, r8, r0
     b38:	2000009c 	mulcs	r0, ip, r0
     b3c:	200000cc 	andcs	r0, r0, ip, asr #1
     b40:	200000d4 	ldrdcs	r0, [r0], -r4
     b44:	200000bc 	strhcs	r0, [r0], -ip
     b48:	2000000c 	andcs	r0, r0, ip
     b4c:	20000008 	andcs	r0, r0, r8
     b50:	200000c8 	andcs	r0, r0, r8, asr #1
     b54:	200000c4 	andcs	r0, r0, r4, asr #1

00000b58 <vTaskSwitchContext>:
#endif /* configUSE_APPLICATION_TASK_TAG */
/*-----------------------------------------------------------*/

#if ( configNUMBER_OF_CORES == 1 )
    void vTaskSwitchContext( void )
    {
     b58:	b480      	push	{r7}
     b5a:	b085      	sub	sp, #20
     b5c:	af00      	add	r7, sp, #0
        traceENTER_vTaskSwitchContext();

        if( uxSchedulerSuspended != ( UBaseType_t ) 0U )
     b5e:	4b1c      	ldr	r3, [pc, #112]	; (bd0 <vTaskSwitchContext+0x78>)
     b60:	681b      	ldr	r3, [r3, #0]
     b62:	2b00      	cmp	r3, #0
     b64:	d003      	beq.n	b6e <vTaskSwitchContext+0x16>
        {
            /* The scheduler is currently suspended - do not allow a context
             * switch. */
            xYieldPendings[ 0 ] = pdTRUE;
     b66:	4b1b      	ldr	r3, [pc, #108]	; (bd4 <vTaskSwitchContext+0x7c>)
     b68:	2201      	movs	r2, #1
     b6a:	601a      	str	r2, [r3, #0]
            }
            #endif
        }

        traceRETURN_vTaskSwitchContext();
    }
     b6c:	e02b      	b.n	bc6 <vTaskSwitchContext+0x6e>
            xYieldPendings[ 0 ] = pdFALSE;
     b6e:	4b19      	ldr	r3, [pc, #100]	; (bd4 <vTaskSwitchContext+0x7c>)
     b70:	2200      	movs	r2, #0
     b72:	601a      	str	r2, [r3, #0]
            taskSELECT_HIGHEST_PRIORITY_TASK();
     b74:	4b18      	ldr	r3, [pc, #96]	; (bd8 <vTaskSwitchContext+0x80>)
     b76:	681b      	ldr	r3, [r3, #0]
     b78:	607b      	str	r3, [r7, #4]
        __asm volatile ( "clz %0, %1" : "=r" ( ucReturn ) : "r" ( ulBitmap ) : "memory" );
     b7a:	687b      	ldr	r3, [r7, #4]
     b7c:	fab3 f383 	clz	r3, r3
     b80:	70fb      	strb	r3, [r7, #3]
        return ucReturn;
     b82:	78fb      	ldrb	r3, [r7, #3]
     b84:	f1c3 031f 	rsb	r3, r3, #31
     b88:	60fb      	str	r3, [r7, #12]
     b8a:	68fa      	ldr	r2, [r7, #12]
     b8c:	4613      	mov	r3, r2
     b8e:	009b      	lsls	r3, r3, #2
     b90:	4413      	add	r3, r2
     b92:	009b      	lsls	r3, r3, #2
     b94:	4a11      	ldr	r2, [pc, #68]	; (bdc <vTaskSwitchContext+0x84>)
     b96:	4413      	add	r3, r2
     b98:	60bb      	str	r3, [r7, #8]
     b9a:	68bb      	ldr	r3, [r7, #8]
     b9c:	685b      	ldr	r3, [r3, #4]
     b9e:	685a      	ldr	r2, [r3, #4]
     ba0:	68bb      	ldr	r3, [r7, #8]
     ba2:	605a      	str	r2, [r3, #4]
     ba4:	68bb      	ldr	r3, [r7, #8]
     ba6:	685a      	ldr	r2, [r3, #4]
     ba8:	68bb      	ldr	r3, [r7, #8]
     baa:	3308      	adds	r3, #8
     bac:	429a      	cmp	r2, r3
     bae:	d103      	bne.n	bb8 <vTaskSwitchContext+0x60>
     bb0:	68bb      	ldr	r3, [r7, #8]
     bb2:	68da      	ldr	r2, [r3, #12]
     bb4:	68bb      	ldr	r3, [r7, #8]
     bb6:	605a      	str	r2, [r3, #4]
     bb8:	68bb      	ldr	r3, [r7, #8]
     bba:	685b      	ldr	r3, [r3, #4]
     bbc:	68db      	ldr	r3, [r3, #12]
     bbe:	4a08      	ldr	r2, [pc, #32]	; (be0 <vTaskSwitchContext+0x88>)
     bc0:	6013      	str	r3, [r2, #0]
            portTASK_SWITCH_HOOK( pxCurrentTCB );
     bc2:	4b07      	ldr	r3, [pc, #28]	; (be0 <vTaskSwitchContext+0x88>)
     bc4:	681b      	ldr	r3, [r3, #0]
    }
     bc6:	bf00      	nop
     bc8:	3714      	adds	r7, #20
     bca:	46bd      	mov	sp, r7
     bcc:	bc80      	pop	{r7}
     bce:	4770      	bx	lr
     bd0:	200000dc 	ldrdcs	r0, [r0], -ip
     bd4:	200000c8 	andcs	r0, r0, r8, asr #1
     bd8:	200000bc 	strhcs	r0, [r0], -ip
     bdc:	2000000c 	andcs	r0, r0, ip
     be0:	20000008 	andcs	r0, r0, r8

00000be4 <vTaskPlaceOnEventList>:
#endif /* if ( configNUMBER_OF_CORES > 1 ) */
/*-----------------------------------------------------------*/

void vTaskPlaceOnEventList( List_t * const pxEventList,
                            const TickType_t xTicksToWait )
{
     be4:	b580      	push	{r7, lr}
     be6:	b082      	sub	sp, #8
     be8:	af00      	add	r7, sp, #0
     bea:	6078      	str	r0, [r7, #4]
     bec:	6039      	str	r1, [r7, #0]
     *      xItemValue = ( configMAX_PRIORITIES - uxPriority )
     * Therefore, the event list is sorted in descending priority order.
     *
     * The queue that contains the event list is locked, preventing
     * simultaneous access from interrupts. */
    vListInsert( pxEventList, &( pxCurrentTCB->xEventListItem ) );
     bee:	4b07      	ldr	r3, [pc, #28]	; (c0c <vTaskPlaceOnEventList+0x28>)
     bf0:	681b      	ldr	r3, [r3, #0]
     bf2:	3318      	adds	r3, #24
     bf4:	4619      	mov	r1, r3
     bf6:	6878      	ldr	r0, [r7, #4]
     bf8:	f001 f818 	bl	1c2c <vListInsert>

    prvAddCurrentTaskToDelayedList( xTicksToWait, pdTRUE );
     bfc:	2101      	movs	r1, #1
     bfe:	6838      	ldr	r0, [r7, #0]
     c00:	f000 ff26 	bl	1a50 <prvAddCurrentTaskToDelayedList>

    traceRETURN_vTaskPlaceOnEventList();
}
     c04:	bf00      	nop
     c06:	3708      	adds	r7, #8
     c08:	46bd      	mov	sp, r7
     c0a:	bd80      	pop	{r7, pc}
     c0c:	20000008 	andcs	r0, r0, r8

00000c10 <vTaskPlaceOnUnorderedEventList>:
/*-----------------------------------------------------------*/

void vTaskPlaceOnUnorderedEventList( List_t * pxEventList,
                                     const TickType_t xItemValue,
                                     const TickType_t xTicksToWait )
{
     c10:	b580      	push	{r7, lr}
     c12:	b086      	sub	sp, #24
     c14:	af00      	add	r7, sp, #0
     c16:	60f8      	str	r0, [r7, #12]
     c18:	60b9      	str	r1, [r7, #8]
     c1a:	607a      	str	r2, [r7, #4]
    configASSERT( uxSchedulerSuspended != ( UBaseType_t ) 0U );

    /* Store the item value in the event list item.  It is safe to access the
     * event list item here as interrupts won't access the event list item of a
     * task that is not in the Blocked state. */
    listSET_LIST_ITEM_VALUE( &( pxCurrentTCB->xEventListItem ), xItemValue | taskEVENT_LIST_ITEM_VALUE_IN_USE );
     c1c:	4b17      	ldr	r3, [pc, #92]	; (c7c <vTaskPlaceOnUnorderedEventList+0x6c>)
     c1e:	681b      	ldr	r3, [r3, #0]
     c20:	68ba      	ldr	r2, [r7, #8]
     c22:	f042 4200 	orr.w	r2, r2, #2147483648	; 0x80000000
     c26:	619a      	str	r2, [r3, #24]
    /* Place the event list item of the TCB at the end of the appropriate event
     * list.  It is safe to access the event list here because it is part of an
     * event group implementation - and interrupts don't access event groups
     * directly (instead they access them indirectly by pending function calls to
     * the task level). */
    listINSERT_END( pxEventList, &( pxCurrentTCB->xEventListItem ) );
     c28:	68fb      	ldr	r3, [r7, #12]
     c2a:	685b      	ldr	r3, [r3, #4]
     c2c:	617b      	str	r3, [r7, #20]
     c2e:	4b13      	ldr	r3, [pc, #76]	; (c7c <vTaskPlaceOnUnorderedEventList+0x6c>)
     c30:	681b      	ldr	r3, [r3, #0]
     c32:	697a      	ldr	r2, [r7, #20]
     c34:	61da      	str	r2, [r3, #28]
     c36:	4b11      	ldr	r3, [pc, #68]	; (c7c <vTaskPlaceOnUnorderedEventList+0x6c>)
     c38:	681b      	ldr	r3, [r3, #0]
     c3a:	697a      	ldr	r2, [r7, #20]
     c3c:	6892      	ldr	r2, [r2, #8]
     c3e:	621a      	str	r2, [r3, #32]
     c40:	4b0e      	ldr	r3, [pc, #56]	; (c7c <vTaskPlaceOnUnorderedEventList+0x6c>)
     c42:	681a      	ldr	r2, [r3, #0]
     c44:	697b      	ldr	r3, [r7, #20]
     c46:	689b      	ldr	r3, [r3, #8]
     c48:	3218      	adds	r2, #24
     c4a:	605a      	str	r2, [r3, #4]
     c4c:	4b0b      	ldr	r3, [pc, #44]	; (c7c <vTaskPlaceOnUnorderedEventList+0x6c>)
     c4e:	681b      	ldr	r3, [r3, #0]
     c50:	f103 0218 	add.w	r2, r3, #24
     c54:	697b      	ldr	r3, [r7, #20]
     c56:	609a      	str	r2, [r3, #8]
     c58:	4b08      	ldr	r3, [pc, #32]	; (c7c <vTaskPlaceOnUnorderedEventList+0x6c>)
     c5a:	681b      	ldr	r3, [r3, #0]
     c5c:	68fa      	ldr	r2, [r7, #12]
     c5e:	629a      	str	r2, [r3, #40]	; 0x28
     c60:	68fb      	ldr	r3, [r7, #12]
     c62:	681b      	ldr	r3, [r3, #0]
     c64:	1c5a      	adds	r2, r3, #1
     c66:	68fb      	ldr	r3, [r7, #12]
     c68:	601a      	str	r2, [r3, #0]

    prvAddCurrentTaskToDelayedList( xTicksToWait, pdTRUE );
     c6a:	2101      	movs	r1, #1
     c6c:	6878      	ldr	r0, [r7, #4]
     c6e:	f000 feef 	bl	1a50 <prvAddCurrentTaskToDelayedList>

    traceRETURN_vTaskPlaceOnUnorderedEventList();
}
     c72:	bf00      	nop
     c74:	3718      	adds	r7, #24
     c76:	46bd      	mov	sp, r7
     c78:	bd80      	pop	{r7, pc}
     c7a:	bf00      	nop
     c7c:	20000008 	andcs	r0, r0, r8

00000c80 <xTaskRemoveFromEventList>:

#endif /* configUSE_TIMERS */
/*-----------------------------------------------------------*/

BaseType_t xTaskRemoveFromEventList( const List_t * const pxEventList )
{
     c80:	b480      	push	{r7}
     c82:	b089      	sub	sp, #36	; 0x24
     c84:	af00      	add	r7, sp, #0
     c86:	6078      	str	r0, [r7, #4]
     * This function assumes that a check has already been made to ensure that
     * pxEventList is not empty. */
    /* MISRA Ref 11.5.3 [Void pointer assignment] */
    /* More details at: https://github.com/FreeRTOS/FreeRTOS-Kernel/blob/main/MISRA.md#rule-115 */
    /* coverity[misra_c_2012_rule_11_5_violation] */
    pxUnblockedTCB = listGET_OWNER_OF_HEAD_ENTRY( pxEventList );
     c88:	687b      	ldr	r3, [r7, #4]
     c8a:	68db      	ldr	r3, [r3, #12]
     c8c:	68db      	ldr	r3, [r3, #12]
     c8e:	61bb      	str	r3, [r7, #24]
    configASSERT( pxUnblockedTCB );
    listREMOVE_ITEM( &( pxUnblockedTCB->xEventListItem ) );
     c90:	69bb      	ldr	r3, [r7, #24]
     c92:	6a9b      	ldr	r3, [r3, #40]	; 0x28
     c94:	617b      	str	r3, [r7, #20]
     c96:	69bb      	ldr	r3, [r7, #24]
     c98:	69db      	ldr	r3, [r3, #28]
     c9a:	69ba      	ldr	r2, [r7, #24]
     c9c:	6a12      	ldr	r2, [r2, #32]
     c9e:	609a      	str	r2, [r3, #8]
     ca0:	69bb      	ldr	r3, [r7, #24]
     ca2:	6a1b      	ldr	r3, [r3, #32]
     ca4:	69ba      	ldr	r2, [r7, #24]
     ca6:	69d2      	ldr	r2, [r2, #28]
     ca8:	605a      	str	r2, [r3, #4]
     caa:	697b      	ldr	r3, [r7, #20]
     cac:	685a      	ldr	r2, [r3, #4]
     cae:	69bb      	ldr	r3, [r7, #24]
     cb0:	3318      	adds	r3, #24
     cb2:	429a      	cmp	r2, r3
     cb4:	d103      	bne.n	cbe <xTaskRemoveFromEventList+0x3e>
     cb6:	69bb      	ldr	r3, [r7, #24]
     cb8:	6a1a      	ldr	r2, [r3, #32]
     cba:	697b      	ldr	r3, [r7, #20]
     cbc:	605a      	str	r2, [r3, #4]
     cbe:	69bb      	ldr	r3, [r7, #24]
     cc0:	2200      	movs	r2, #0
     cc2:	629a      	str	r2, [r3, #40]	; 0x28
     cc4:	697b      	ldr	r3, [r7, #20]
     cc6:	681b      	ldr	r3, [r3, #0]
     cc8:	1e5a      	subs	r2, r3, #1
     cca:	697b      	ldr	r3, [r7, #20]
     ccc:	601a      	str	r2, [r3, #0]

    if( uxSchedulerSuspended == ( UBaseType_t ) 0U )
     cce:	4b4b      	ldr	r3, [pc, #300]	; (dfc <xTaskRemoveFromEventList+0x17c>)
     cd0:	681b      	ldr	r3, [r3, #0]
     cd2:	2b00      	cmp	r3, #0
     cd4:	d160      	bne.n	d98 <xTaskRemoveFromEventList+0x118>
    {
        listREMOVE_ITEM( &( pxUnblockedTCB->xStateListItem ) );
     cd6:	69bb      	ldr	r3, [r7, #24]
     cd8:	695b      	ldr	r3, [r3, #20]
     cda:	60fb      	str	r3, [r7, #12]
     cdc:	69bb      	ldr	r3, [r7, #24]
     cde:	689b      	ldr	r3, [r3, #8]
     ce0:	69ba      	ldr	r2, [r7, #24]
     ce2:	68d2      	ldr	r2, [r2, #12]
     ce4:	609a      	str	r2, [r3, #8]
     ce6:	69bb      	ldr	r3, [r7, #24]
     ce8:	68db      	ldr	r3, [r3, #12]
     cea:	69ba      	ldr	r2, [r7, #24]
     cec:	6892      	ldr	r2, [r2, #8]
     cee:	605a      	str	r2, [r3, #4]
     cf0:	68fb      	ldr	r3, [r7, #12]
     cf2:	685a      	ldr	r2, [r3, #4]
     cf4:	69bb      	ldr	r3, [r7, #24]
     cf6:	3304      	adds	r3, #4
     cf8:	429a      	cmp	r2, r3
     cfa:	d103      	bne.n	d04 <xTaskRemoveFromEventList+0x84>
     cfc:	69bb      	ldr	r3, [r7, #24]
     cfe:	68da      	ldr	r2, [r3, #12]
     d00:	68fb      	ldr	r3, [r7, #12]
     d02:	605a      	str	r2, [r3, #4]
     d04:	69bb      	ldr	r3, [r7, #24]
     d06:	2200      	movs	r2, #0
     d08:	615a      	str	r2, [r3, #20]
     d0a:	68fb      	ldr	r3, [r7, #12]
     d0c:	681b      	ldr	r3, [r3, #0]
     d0e:	1e5a      	subs	r2, r3, #1
     d10:	68fb      	ldr	r3, [r7, #12]
     d12:	601a      	str	r2, [r3, #0]
        prvAddTaskToReadyList( pxUnblockedTCB );
     d14:	69bb      	ldr	r3, [r7, #24]
     d16:	6adb      	ldr	r3, [r3, #44]	; 0x2c
     d18:	2201      	movs	r2, #1
     d1a:	409a      	lsls	r2, r3
     d1c:	4b38      	ldr	r3, [pc, #224]	; (e00 <xTaskRemoveFromEventList+0x180>)
     d1e:	681b      	ldr	r3, [r3, #0]
     d20:	4313      	orrs	r3, r2
     d22:	4a37      	ldr	r2, [pc, #220]	; (e00 <xTaskRemoveFromEventList+0x180>)
     d24:	6013      	str	r3, [r2, #0]
     d26:	69bb      	ldr	r3, [r7, #24]
     d28:	6ada      	ldr	r2, [r3, #44]	; 0x2c
     d2a:	4936      	ldr	r1, [pc, #216]	; (e04 <xTaskRemoveFromEventList+0x184>)
     d2c:	4613      	mov	r3, r2
     d2e:	009b      	lsls	r3, r3, #2
     d30:	4413      	add	r3, r2
     d32:	009b      	lsls	r3, r3, #2
     d34:	440b      	add	r3, r1
     d36:	3304      	adds	r3, #4
     d38:	681b      	ldr	r3, [r3, #0]
     d3a:	60bb      	str	r3, [r7, #8]
     d3c:	69bb      	ldr	r3, [r7, #24]
     d3e:	68ba      	ldr	r2, [r7, #8]
     d40:	609a      	str	r2, [r3, #8]
     d42:	68bb      	ldr	r3, [r7, #8]
     d44:	689a      	ldr	r2, [r3, #8]
     d46:	69bb      	ldr	r3, [r7, #24]
     d48:	60da      	str	r2, [r3, #12]
     d4a:	68bb      	ldr	r3, [r7, #8]
     d4c:	689b      	ldr	r3, [r3, #8]
     d4e:	69ba      	ldr	r2, [r7, #24]
     d50:	3204      	adds	r2, #4
     d52:	605a      	str	r2, [r3, #4]
     d54:	69bb      	ldr	r3, [r7, #24]
     d56:	1d1a      	adds	r2, r3, #4
     d58:	68bb      	ldr	r3, [r7, #8]
     d5a:	609a      	str	r2, [r3, #8]
     d5c:	69bb      	ldr	r3, [r7, #24]
     d5e:	6ada      	ldr	r2, [r3, #44]	; 0x2c
     d60:	4613      	mov	r3, r2
     d62:	009b      	lsls	r3, r3, #2
     d64:	4413      	add	r3, r2
     d66:	009b      	lsls	r3, r3, #2
     d68:	4a26      	ldr	r2, [pc, #152]	; (e04 <xTaskRemoveFromEventList+0x184>)
     d6a:	441a      	add	r2, r3
     d6c:	69bb      	ldr	r3, [r7, #24]
     d6e:	615a      	str	r2, [r3, #20]
     d70:	69bb      	ldr	r3, [r7, #24]
     d72:	6ada      	ldr	r2, [r3, #44]	; 0x2c
     d74:	4923      	ldr	r1, [pc, #140]	; (e04 <xTaskRemoveFromEventList+0x184>)
     d76:	4613      	mov	r3, r2
     d78:	009b      	lsls	r3, r3, #2
     d7a:	4413      	add	r3, r2
     d7c:	009b      	lsls	r3, r3, #2
     d7e:	440b      	add	r3, r1
     d80:	681b      	ldr	r3, [r3, #0]
     d82:	69ba      	ldr	r2, [r7, #24]
     d84:	6ad2      	ldr	r2, [r2, #44]	; 0x2c
     d86:	1c59      	adds	r1, r3, #1
     d88:	481e      	ldr	r0, [pc, #120]	; (e04 <xTaskRemoveFromEventList+0x184>)
     d8a:	4613      	mov	r3, r2
     d8c:	009b      	lsls	r3, r3, #2
     d8e:	4413      	add	r3, r2
     d90:	009b      	lsls	r3, r3, #2
     d92:	4403      	add	r3, r0
     d94:	6019      	str	r1, [r3, #0]
     d96:	e01b      	b.n	dd0 <xTaskRemoveFromEventList+0x150>
    }
    else
    {
        /* The delayed and ready lists cannot be accessed, so hold this task
         * pending until the scheduler is resumed. */
        listINSERT_END( &( xPendingReadyList ), &( pxUnblockedTCB->xEventListItem ) );
     d98:	4b1b      	ldr	r3, [pc, #108]	; (e08 <xTaskRemoveFromEventList+0x188>)
     d9a:	685b      	ldr	r3, [r3, #4]
     d9c:	613b      	str	r3, [r7, #16]
     d9e:	69bb      	ldr	r3, [r7, #24]
     da0:	693a      	ldr	r2, [r7, #16]
     da2:	61da      	str	r2, [r3, #28]
     da4:	693b      	ldr	r3, [r7, #16]
     da6:	689a      	ldr	r2, [r3, #8]
     da8:	69bb      	ldr	r3, [r7, #24]
     daa:	621a      	str	r2, [r3, #32]
     dac:	693b      	ldr	r3, [r7, #16]
     dae:	689b      	ldr	r3, [r3, #8]
     db0:	69ba      	ldr	r2, [r7, #24]
     db2:	3218      	adds	r2, #24
     db4:	605a      	str	r2, [r3, #4]
     db6:	69bb      	ldr	r3, [r7, #24]
     db8:	f103 0218 	add.w	r2, r3, #24
     dbc:	693b      	ldr	r3, [r7, #16]
     dbe:	609a      	str	r2, [r3, #8]
     dc0:	69bb      	ldr	r3, [r7, #24]
     dc2:	4a11      	ldr	r2, [pc, #68]	; (e08 <xTaskRemoveFromEventList+0x188>)
     dc4:	629a      	str	r2, [r3, #40]	; 0x28
     dc6:	4b10      	ldr	r3, [pc, #64]	; (e08 <xTaskRemoveFromEventList+0x188>)
     dc8:	681b      	ldr	r3, [r3, #0]
     dca:	3301      	adds	r3, #1
     dcc:	4a0e      	ldr	r2, [pc, #56]	; (e08 <xTaskRemoveFromEventList+0x188>)
     dce:	6013      	str	r3, [r2, #0]
    }

    #if ( configNUMBER_OF_CORES == 1 )
    {
        if( pxUnblockedTCB->uxPriority > pxCurrentTCB->uxPriority )
     dd0:	69bb      	ldr	r3, [r7, #24]
     dd2:	6ada      	ldr	r2, [r3, #44]	; 0x2c
     dd4:	4b0d      	ldr	r3, [pc, #52]	; (e0c <xTaskRemoveFromEventList+0x18c>)
     dd6:	681b      	ldr	r3, [r3, #0]
     dd8:	6adb      	ldr	r3, [r3, #44]	; 0x2c
     dda:	429a      	cmp	r2, r3
     ddc:	d905      	bls.n	dea <xTaskRemoveFromEventList+0x16a>
        {
            /* Return true if the task removed from the event list has a higher
             * priority than the calling task.  This allows the calling task to know if
             * it should force a context switch now. */
            xReturn = pdTRUE;
     dde:	2301      	movs	r3, #1
     de0:	61fb      	str	r3, [r7, #28]

            /* Mark that a yield is pending in case the user is not using the
             * "xHigherPriorityTaskWoken" parameter to an ISR safe FreeRTOS function. */
            xYieldPendings[ 0 ] = pdTRUE;
     de2:	4b0b      	ldr	r3, [pc, #44]	; (e10 <xTaskRemoveFromEventList+0x190>)
     de4:	2201      	movs	r2, #1
     de6:	601a      	str	r2, [r3, #0]
     de8:	e001      	b.n	dee <xTaskRemoveFromEventList+0x16e>
        }
        else
        {
            xReturn = pdFALSE;
     dea:	2300      	movs	r3, #0
     dec:	61fb      	str	r3, [r7, #28]
        #endif /* #if ( configUSE_PREEMPTION == 1 ) */
    }
    #endif /* #if ( configNUMBER_OF_CORES == 1 ) */

    traceRETURN_xTaskRemoveFromEventList( xReturn );
    return xReturn;
     dee:	69fb      	ldr	r3, [r7, #28]
}
     df0:	4618      	mov	r0, r3
     df2:	3724      	adds	r7, #36	; 0x24
     df4:	46bd      	mov	sp, r7
     df6:	bc80      	pop	{r7}
     df8:	4770      	bx	lr
     dfa:	bf00      	nop
     dfc:	200000dc 	ldrdcs	r0, [r0], -ip
     e00:	200000bc 	strhcs	r0, [r0], -ip
     e04:	2000000c 	andcs	r0, r0, ip
     e08:	200000a0 	andcs	r0, r0, r0, lsr #1
     e0c:	20000008 	andcs	r0, r0, r8
     e10:	200000c8 	andcs	r0, r0, r8, asr #1

00000e14 <vTaskRemoveFromUnorderedEventList>:
/*-----------------------------------------------------------*/

void vTaskRemoveFromUnorderedEventList( ListItem_t * pxEventListItem,
                                        const TickType_t xItemValue )
{
     e14:	b480      	push	{r7}
     e16:	b087      	sub	sp, #28
     e18:	af00      	add	r7, sp, #0
     e1a:	6078      	str	r0, [r7, #4]
     e1c:	6039      	str	r1, [r7, #0]
    /* THIS FUNCTION MUST BE CALLED WITH THE SCHEDULER SUSPENDED.  It is used by
     * the event flags implementation. */
    configASSERT( uxSchedulerSuspended != ( UBaseType_t ) 0U );

    /* Store the new item value in the event list. */
    listSET_LIST_ITEM_VALUE( pxEventListItem, xItemValue | taskEVENT_LIST_ITEM_VALUE_IN_USE );
     e1e:	683b      	ldr	r3, [r7, #0]
     e20:	f043 4200 	orr.w	r2, r3, #2147483648	; 0x80000000
     e24:	687b      	ldr	r3, [r7, #4]
     e26:	601a      	str	r2, [r3, #0]
    /* Remove the event list form the event flag.  Interrupts do not access
     * event flags. */
    /* MISRA Ref 11.5.3 [Void pointer assignment] */
    /* More details at: https://github.com/FreeRTOS/FreeRTOS-Kernel/blob/main/MISRA.md#rule-115 */
    /* coverity[misra_c_2012_rule_11_5_violation] */
    pxUnblockedTCB = listGET_LIST_ITEM_OWNER( pxEventListItem );
     e28:	687b      	ldr	r3, [r7, #4]
     e2a:	68db      	ldr	r3, [r3, #12]
     e2c:	617b      	str	r3, [r7, #20]
    configASSERT( pxUnblockedTCB );
    listREMOVE_ITEM( pxEventListItem );
     e2e:	687b      	ldr	r3, [r7, #4]
     e30:	691b      	ldr	r3, [r3, #16]
     e32:	613b      	str	r3, [r7, #16]
     e34:	687b      	ldr	r3, [r7, #4]
     e36:	685b      	ldr	r3, [r3, #4]
     e38:	687a      	ldr	r2, [r7, #4]
     e3a:	6892      	ldr	r2, [r2, #8]
     e3c:	609a      	str	r2, [r3, #8]
     e3e:	687b      	ldr	r3, [r7, #4]
     e40:	689b      	ldr	r3, [r3, #8]
     e42:	687a      	ldr	r2, [r7, #4]
     e44:	6852      	ldr	r2, [r2, #4]
     e46:	605a      	str	r2, [r3, #4]
     e48:	693b      	ldr	r3, [r7, #16]
     e4a:	685b      	ldr	r3, [r3, #4]
     e4c:	687a      	ldr	r2, [r7, #4]
     e4e:	429a      	cmp	r2, r3
     e50:	d103      	bne.n	e5a <vTaskRemoveFromUnorderedEventList+0x46>
     e52:	687b      	ldr	r3, [r7, #4]
     e54:	689a      	ldr	r2, [r3, #8]
     e56:	693b      	ldr	r3, [r7, #16]
     e58:	605a      	str	r2, [r3, #4]
     e5a:	687b      	ldr	r3, [r7, #4]
     e5c:	2200      	movs	r2, #0
     e5e:	611a      	str	r2, [r3, #16]
     e60:	693b      	ldr	r3, [r7, #16]
     e62:	681b      	ldr	r3, [r3, #0]
     e64:	1e5a      	subs	r2, r3, #1
     e66:	693b      	ldr	r3, [r7, #16]
     e68:	601a      	str	r2, [r3, #0]
    #endif

    /* Remove the task from the delayed list and add it to the ready list.  The
     * scheduler is suspended so interrupts will not be accessing the ready
     * lists. */
    listREMOVE_ITEM( &( pxUnblockedTCB->xStateListItem ) );
     e6a:	697b      	ldr	r3, [r7, #20]
     e6c:	695b      	ldr	r3, [r3, #20]
     e6e:	60fb      	str	r3, [r7, #12]
     e70:	697b      	ldr	r3, [r7, #20]
     e72:	689b      	ldr	r3, [r3, #8]
     e74:	697a      	ldr	r2, [r7, #20]
     e76:	68d2      	ldr	r2, [r2, #12]
     e78:	609a      	str	r2, [r3, #8]
     e7a:	697b      	ldr	r3, [r7, #20]
     e7c:	68db      	ldr	r3, [r3, #12]
     e7e:	697a      	ldr	r2, [r7, #20]
     e80:	6892      	ldr	r2, [r2, #8]
     e82:	605a      	str	r2, [r3, #4]
     e84:	68fb      	ldr	r3, [r7, #12]
     e86:	685a      	ldr	r2, [r3, #4]
     e88:	697b      	ldr	r3, [r7, #20]
     e8a:	3304      	adds	r3, #4
     e8c:	429a      	cmp	r2, r3
     e8e:	d103      	bne.n	e98 <vTaskRemoveFromUnorderedEventList+0x84>
     e90:	697b      	ldr	r3, [r7, #20]
     e92:	68da      	ldr	r2, [r3, #12]
     e94:	68fb      	ldr	r3, [r7, #12]
     e96:	605a      	str	r2, [r3, #4]
     e98:	697b      	ldr	r3, [r7, #20]
     e9a:	2200      	movs	r2, #0
     e9c:	615a      	str	r2, [r3, #20]
     e9e:	68fb      	ldr	r3, [r7, #12]
     ea0:	681b      	ldr	r3, [r3, #0]
     ea2:	1e5a      	subs	r2, r3, #1
     ea4:	68fb      	ldr	r3, [r7, #12]
     ea6:	601a      	str	r2, [r3, #0]
    prvAddTaskToReadyList( pxUnblockedTCB );
     ea8:	697b      	ldr	r3, [r7, #20]
     eaa:	6adb      	ldr	r3, [r3, #44]	; 0x2c
     eac:	2201      	movs	r2, #1
     eae:	409a      	lsls	r2, r3
     eb0:	4b25      	ldr	r3, [pc, #148]	; (f48 <vTaskRemoveFromUnorderedEventList+0x134>)
     eb2:	681b      	ldr	r3, [r3, #0]
     eb4:	4313      	orrs	r3, r2
     eb6:	4a24      	ldr	r2, [pc, #144]	; (f48 <vTaskRemoveFromUnorderedEventList+0x134>)
     eb8:	6013      	str	r3, [r2, #0]
     eba:	697b      	ldr	r3, [r7, #20]
     ebc:	6ada      	ldr	r2, [r3, #44]	; 0x2c
     ebe:	4923      	ldr	r1, [pc, #140]	; (f4c <vTaskRemoveFromUnorderedEventList+0x138>)
     ec0:	4613      	mov	r3, r2
     ec2:	009b      	lsls	r3, r3, #2
     ec4:	4413      	add	r3, r2
     ec6:	009b      	lsls	r3, r3, #2
     ec8:	440b      	add	r3, r1
     eca:	3304      	adds	r3, #4
     ecc:	681b      	ldr	r3, [r3, #0]
     ece:	60bb      	str	r3, [r7, #8]
     ed0:	697b      	ldr	r3, [r7, #20]
     ed2:	68ba      	ldr	r2, [r7, #8]
     ed4:	609a      	str	r2, [r3, #8]
     ed6:	68bb      	ldr	r3, [r7, #8]
     ed8:	689a      	ldr	r2, [r3, #8]
     eda:	697b      	ldr	r3, [r7, #20]
     edc:	60da      	str	r2, [r3, #12]
     ede:	68bb      	ldr	r3, [r7, #8]
     ee0:	689b      	ldr	r3, [r3, #8]
     ee2:	697a      	ldr	r2, [r7, #20]
     ee4:	3204      	adds	r2, #4
     ee6:	605a      	str	r2, [r3, #4]
     ee8:	697b      	ldr	r3, [r7, #20]
     eea:	1d1a      	adds	r2, r3, #4
     eec:	68bb      	ldr	r3, [r7, #8]
     eee:	609a      	str	r2, [r3, #8]
     ef0:	697b      	ldr	r3, [r7, #20]
     ef2:	6ada      	ldr	r2, [r3, #44]	; 0x2c
     ef4:	4613      	mov	r3, r2
     ef6:	009b      	lsls	r3, r3, #2
     ef8:	4413      	add	r3, r2
     efa:	009b      	lsls	r3, r3, #2
     efc:	4a13      	ldr	r2, [pc, #76]	; (f4c <vTaskRemoveFromUnorderedEventList+0x138>)
     efe:	441a      	add	r2, r3
     f00:	697b      	ldr	r3, [r7, #20]
     f02:	615a      	str	r2, [r3, #20]
     f04:	697b      	ldr	r3, [r7, #20]
     f06:	6ada      	ldr	r2, [r3, #44]	; 0x2c
     f08:	4910      	ldr	r1, [pc, #64]	; (f4c <vTaskRemoveFromUnorderedEventList+0x138>)
     f0a:	4613      	mov	r3, r2
     f0c:	009b      	lsls	r3, r3, #2
     f0e:	4413      	add	r3, r2
     f10:	009b      	lsls	r3, r3, #2
     f12:	440b      	add	r3, r1
     f14:	681b      	ldr	r3, [r3, #0]
     f16:	697a      	ldr	r2, [r7, #20]
     f18:	6ad2      	ldr	r2, [r2, #44]	; 0x2c
     f1a:	1c59      	adds	r1, r3, #1
     f1c:	480b      	ldr	r0, [pc, #44]	; (f4c <vTaskRemoveFromUnorderedEventList+0x138>)
     f1e:	4613      	mov	r3, r2
     f20:	009b      	lsls	r3, r3, #2
     f22:	4413      	add	r3, r2
     f24:	009b      	lsls	r3, r3, #2
     f26:	4403      	add	r3, r0
     f28:	6019      	str	r1, [r3, #0]

    #if ( configNUMBER_OF_CORES == 1 )
    {
        if( pxUnblockedTCB->uxPriority > pxCurrentTCB->uxPriority )
     f2a:	697b      	ldr	r3, [r7, #20]
     f2c:	6ada      	ldr	r2, [r3, #44]	; 0x2c
     f2e:	4b08      	ldr	r3, [pc, #32]	; (f50 <vTaskRemoveFromUnorderedEventList+0x13c>)
     f30:	681b      	ldr	r3, [r3, #0]
     f32:	6adb      	ldr	r3, [r3, #44]	; 0x2c
     f34:	429a      	cmp	r2, r3
     f36:	d902      	bls.n	f3e <vTaskRemoveFromUnorderedEventList+0x12a>
        {
            /* The unblocked task has a priority above that of the calling task, so
             * a context switch is required.  This function is called with the
             * scheduler suspended so xYieldPending is set so the context switch
             * occurs immediately that the scheduler is resumed (unsuspended). */
            xYieldPendings[ 0 ] = pdTRUE;
     f38:	4b06      	ldr	r3, [pc, #24]	; (f54 <vTaskRemoveFromUnorderedEventList+0x140>)
     f3a:	2201      	movs	r2, #1
     f3c:	601a      	str	r2, [r3, #0]
        #endif
    }
    #endif /* #if ( configNUMBER_OF_CORES == 1 ) */

    traceRETURN_vTaskRemoveFromUnorderedEventList();
}
     f3e:	bf00      	nop
     f40:	371c      	adds	r7, #28
     f42:	46bd      	mov	sp, r7
     f44:	bc80      	pop	{r7}
     f46:	4770      	bx	lr
     f48:	200000bc 	strhcs	r0, [r0], -ip
     f4c:	2000000c 	andcs	r0, r0, ip
     f50:	20000008 	andcs	r0, r0, r8
     f54:	200000c8 	andcs	r0, r0, r8, asr #1

00000f58 <vTaskSetTimeOutState>:
/*-----------------------------------------------------------*/

void vTaskSetTimeOutState( TimeOut_t * const pxTimeOut )
{
     f58:	b580      	push	{r7, lr}
     f5a:	b082      	sub	sp, #8
     f5c:	af00      	add	r7, sp, #0
     f5e:	6078      	str	r0, [r7, #4]
    traceENTER_vTaskSetTimeOutState( pxTimeOut );

    configASSERT( pxTimeOut );
    taskENTER_CRITICAL();
     f60:	f001 f9da 	bl	2318 <vPortEnterCritical>
    {
        pxTimeOut->xOverflowCount = xNumOfOverflows;
     f64:	4b06      	ldr	r3, [pc, #24]	; (f80 <vTaskSetTimeOutState+0x28>)
     f66:	681a      	ldr	r2, [r3, #0]
     f68:	687b      	ldr	r3, [r7, #4]
     f6a:	601a      	str	r2, [r3, #0]
        pxTimeOut->xTimeOnEntering = xTickCount;
     f6c:	4b05      	ldr	r3, [pc, #20]	; (f84 <vTaskSetTimeOutState+0x2c>)
     f6e:	681a      	ldr	r2, [r3, #0]
     f70:	687b      	ldr	r3, [r7, #4]
     f72:	605a      	str	r2, [r3, #4]
    }
    taskEXIT_CRITICAL();
     f74:	f001 f9ea 	bl	234c <vPortExitCritical>

    traceRETURN_vTaskSetTimeOutState();
}
     f78:	bf00      	nop
     f7a:	3708      	adds	r7, #8
     f7c:	46bd      	mov	sp, r7
     f7e:	bd80      	pop	{r7, pc}
     f80:	200000cc 	andcs	r0, r0, ip, asr #1
     f84:	200000b8 	strhcs	r0, [r0], -r8

00000f88 <vTaskInternalSetTimeOutState>:
/*-----------------------------------------------------------*/

void vTaskInternalSetTimeOutState( TimeOut_t * const pxTimeOut )
{
     f88:	b480      	push	{r7}
     f8a:	b083      	sub	sp, #12
     f8c:	af00      	add	r7, sp, #0
     f8e:	6078      	str	r0, [r7, #4]
    traceENTER_vTaskInternalSetTimeOutState( pxTimeOut );

    /* For internal use only as it does not use a critical section. */
    pxTimeOut->xOverflowCount = xNumOfOverflows;
     f90:	4b06      	ldr	r3, [pc, #24]	; (fac <vTaskInternalSetTimeOutState+0x24>)
     f92:	681a      	ldr	r2, [r3, #0]
     f94:	687b      	ldr	r3, [r7, #4]
     f96:	601a      	str	r2, [r3, #0]
    pxTimeOut->xTimeOnEntering = xTickCount;
     f98:	4b05      	ldr	r3, [pc, #20]	; (fb0 <vTaskInternalSetTimeOutState+0x28>)
     f9a:	681a      	ldr	r2, [r3, #0]
     f9c:	687b      	ldr	r3, [r7, #4]
     f9e:	605a      	str	r2, [r3, #4]

    traceRETURN_vTaskInternalSetTimeOutState();
}
     fa0:	bf00      	nop
     fa2:	370c      	adds	r7, #12
     fa4:	46bd      	mov	sp, r7
     fa6:	bc80      	pop	{r7}
     fa8:	4770      	bx	lr
     faa:	bf00      	nop
     fac:	200000cc 	andcs	r0, r0, ip, asr #1
     fb0:	200000b8 	strhcs	r0, [r0], -r8

00000fb4 <xTaskCheckForTimeOut>:
/*-----------------------------------------------------------*/

BaseType_t xTaskCheckForTimeOut( TimeOut_t * const pxTimeOut,
                                 TickType_t * const pxTicksToWait )
{
     fb4:	b580      	push	{r7, lr}
     fb6:	b086      	sub	sp, #24
     fb8:	af00      	add	r7, sp, #0
     fba:	6078      	str	r0, [r7, #4]
     fbc:	6039      	str	r1, [r7, #0]
    traceENTER_xTaskCheckForTimeOut( pxTimeOut, pxTicksToWait );

    configASSERT( pxTimeOut );
    configASSERT( pxTicksToWait );

    taskENTER_CRITICAL();
     fbe:	f001 f9ab 	bl	2318 <vPortEnterCritical>
    {
        /* Minor optimisation.  The tick count cannot change in this block. */
        const TickType_t xConstTickCount = xTickCount;
     fc2:	4b1b      	ldr	r3, [pc, #108]	; (1030 <xTaskCheckForTimeOut+0x7c>)
     fc4:	681b      	ldr	r3, [r3, #0]
     fc6:	613b      	str	r3, [r7, #16]
        const TickType_t xElapsedTime = xConstTickCount - pxTimeOut->xTimeOnEntering;
     fc8:	687b      	ldr	r3, [r7, #4]
     fca:	685b      	ldr	r3, [r3, #4]
     fcc:	693a      	ldr	r2, [r7, #16]
     fce:	1ad3      	subs	r3, r2, r3
     fd0:	60fb      	str	r3, [r7, #12]
                xReturn = pdFALSE;
            }
            else
        #endif

        if( ( xNumOfOverflows != pxTimeOut->xOverflowCount ) && ( xConstTickCount >= pxTimeOut->xTimeOnEntering ) )
     fd2:	687b      	ldr	r3, [r7, #4]
     fd4:	681a      	ldr	r2, [r3, #0]
     fd6:	4b17      	ldr	r3, [pc, #92]	; (1034 <xTaskCheckForTimeOut+0x80>)
     fd8:	681b      	ldr	r3, [r3, #0]
     fda:	429a      	cmp	r2, r3
     fdc:	d00a      	beq.n	ff4 <xTaskCheckForTimeOut+0x40>
     fde:	687b      	ldr	r3, [r7, #4]
     fe0:	685b      	ldr	r3, [r3, #4]
     fe2:	693a      	ldr	r2, [r7, #16]
     fe4:	429a      	cmp	r2, r3
     fe6:	d305      	bcc.n	ff4 <xTaskCheckForTimeOut+0x40>
            /* The tick count is greater than the time at which
             * vTaskSetTimeout() was called, but has also overflowed since
             * vTaskSetTimeOut() was called.  It must have wrapped all the way
             * around and gone past again. This passed since vTaskSetTimeout()
             * was called. */
            xReturn = pdTRUE;
     fe8:	2301      	movs	r3, #1
     fea:	617b      	str	r3, [r7, #20]
            *pxTicksToWait = ( TickType_t ) 0;
     fec:	683b      	ldr	r3, [r7, #0]
     fee:	2200      	movs	r2, #0
     ff0:	601a      	str	r2, [r3, #0]
     ff2:	e015      	b.n	1020 <xTaskCheckForTimeOut+0x6c>
        }
        else if( xElapsedTime < *pxTicksToWait )
     ff4:	683b      	ldr	r3, [r7, #0]
     ff6:	681b      	ldr	r3, [r3, #0]
     ff8:	68fa      	ldr	r2, [r7, #12]
     ffa:	429a      	cmp	r2, r3
     ffc:	d20b      	bcs.n	1016 <xTaskCheckForTimeOut+0x62>
        {
            /* Not a genuine timeout. Adjust parameters for time remaining. */
            *pxTicksToWait -= xElapsedTime;
     ffe:	683b      	ldr	r3, [r7, #0]
    1000:	681a      	ldr	r2, [r3, #0]
    1002:	68fb      	ldr	r3, [r7, #12]
    1004:	1ad2      	subs	r2, r2, r3
    1006:	683b      	ldr	r3, [r7, #0]
    1008:	601a      	str	r2, [r3, #0]
            vTaskInternalSetTimeOutState( pxTimeOut );
    100a:	6878      	ldr	r0, [r7, #4]
    100c:	f7ff ffbc 	bl	f88 <vTaskInternalSetTimeOutState>
            xReturn = pdFALSE;
    1010:	2300      	movs	r3, #0
    1012:	617b      	str	r3, [r7, #20]
    1014:	e004      	b.n	1020 <xTaskCheckForTimeOut+0x6c>
        }
        else
        {
            *pxTicksToWait = ( TickType_t ) 0;
    1016:	683b      	ldr	r3, [r7, #0]
    1018:	2200      	movs	r2, #0
    101a:	601a      	str	r2, [r3, #0]
            xReturn = pdTRUE;
    101c:	2301      	movs	r3, #1
    101e:	617b      	str	r3, [r7, #20]
        }
    }
    taskEXIT_CRITICAL();
    1020:	f001 f994 	bl	234c <vPortExitCritical>

    traceRETURN_xTaskCheckForTimeOut( xReturn );

    return xReturn;
    1024:	697b      	ldr	r3, [r7, #20]
}
    1026:	4618      	mov	r0, r3
    1028:	3718      	adds	r7, #24
    102a:	46bd      	mov	sp, r7
    102c:	bd80      	pop	{r7, pc}
    102e:	bf00      	nop
    1030:	200000b8 	strhcs	r0, [r0], -r8
    1034:	200000cc 	andcs	r0, r0, ip, asr #1

00001038 <vTaskMissedYield>:
/*-----------------------------------------------------------*/

void vTaskMissedYield( void )
{
    1038:	b480      	push	{r7}
    103a:	af00      	add	r7, sp, #0
    traceENTER_vTaskMissedYield();

    /* Must be called from within a critical section. */
    xYieldPendings[ portGET_CORE_ID() ] = pdTRUE;
    103c:	4b03      	ldr	r3, [pc, #12]	; (104c <vTaskMissedYield+0x14>)
    103e:	2201      	movs	r2, #1
    1040:	601a      	str	r2, [r3, #0]

    traceRETURN_vTaskMissedYield();
}
    1042:	bf00      	nop
    1044:	46bd      	mov	sp, r7
    1046:	bc80      	pop	{r7}
    1048:	4770      	bx	lr
    104a:	bf00      	nop
    104c:	200000c8 	andcs	r0, r0, r8, asr #1

00001050 <prvIdleTask>:
 *
 */

STATIC portTASK_FUNCTION( prvIdleTask,
                          pvParameters )
{
    1050:	b580      	push	{r7, lr}
    1052:	b082      	sub	sp, #8
    1054:	af00      	add	r7, sp, #0
    1056:	6078      	str	r0, [r7, #4]

    for( ; configCONTROL_INFINITE_LOOP(); )
    {
        /* See if any tasks have deleted themselves - if so then the idle task
         * is responsible for freeing the deleted task's TCB and stack. */
        prvCheckTasksWaitingTermination();
    1058:	f000 f848 	bl	10ec <prvCheckTasksWaitingTermination>
             * A critical region is not required here as we are just reading from
             * the list, and an occasional incorrect value will not matter.  If
             * the ready list at the idle priority contains one more task than the
             * number of idle tasks, which is equal to the configured numbers of cores
             * then a task other than the idle task is ready to execute. */
            if( listCURRENT_LIST_LENGTH( &( pxReadyTasksLists[ tskIDLE_PRIORITY ] ) ) > ( UBaseType_t ) configNUMBER_OF_CORES )
    105c:	4b06      	ldr	r3, [pc, #24]	; (1078 <prvIdleTask+0x28>)
    105e:	681b      	ldr	r3, [r3, #0]
    1060:	2b01      	cmp	r3, #1
    1062:	d9f9      	bls.n	1058 <prvIdleTask+0x8>
            {
                taskYIELD();
    1064:	4b05      	ldr	r3, [pc, #20]	; (107c <prvIdleTask+0x2c>)
    1066:	f04f 5280 	mov.w	r2, #268435456	; 0x10000000
    106a:	601a      	str	r2, [r3, #0]
    106c:	f3bf 8f4f 	dsb	sy
    1070:	f3bf 8f6f 	isb	sy
        prvCheckTasksWaitingTermination();
    1074:	e7f0      	b.n	1058 <prvIdleTask+0x8>
    1076:	bf00      	nop
    1078:	2000000c 	andcs	r0, r0, ip
    107c:	e000ed04 	and	lr, r0, r4, lsl #26

00001080 <prvInitialiseTaskLists>:

#endif /* portUSING_MPU_WRAPPERS */
/*-----------------------------------------------------------*/

STATIC void prvInitialiseTaskLists( void )
{
    1080:	b580      	push	{r7, lr}
    1082:	b082      	sub	sp, #8
    1084:	af00      	add	r7, sp, #0
    UBaseType_t uxPriority;

    for( uxPriority = ( UBaseType_t ) 0U; uxPriority < ( UBaseType_t ) configMAX_PRIORITIES; uxPriority++ )
    1086:	2300      	movs	r3, #0
    1088:	607b      	str	r3, [r7, #4]
    108a:	e00c      	b.n	10a6 <prvInitialiseTaskLists+0x26>
    {
        vListInitialise( &( pxReadyTasksLists[ uxPriority ] ) );
    108c:	687a      	ldr	r2, [r7, #4]
    108e:	4613      	mov	r3, r2
    1090:	009b      	lsls	r3, r3, #2
    1092:	4413      	add	r3, r2
    1094:	009b      	lsls	r3, r3, #2
    1096:	4a0f      	ldr	r2, [pc, #60]	; (10d4 <prvInitialiseTaskLists+0x54>)
    1098:	4413      	add	r3, r2
    109a:	4618      	mov	r0, r3
    109c:	f000 fd78 	bl	1b90 <vListInitialise>
    for( uxPriority = ( UBaseType_t ) 0U; uxPriority < ( UBaseType_t ) configMAX_PRIORITIES; uxPriority++ )
    10a0:	687b      	ldr	r3, [r7, #4]
    10a2:	3301      	adds	r3, #1
    10a4:	607b      	str	r3, [r7, #4]
    10a6:	687b      	ldr	r3, [r7, #4]
    10a8:	2b04      	cmp	r3, #4
    10aa:	d9ef      	bls.n	108c <prvInitialiseTaskLists+0xc>
    }

    vListInitialise( &xDelayedTaskList1 );
    10ac:	480a      	ldr	r0, [pc, #40]	; (10d8 <prvInitialiseTaskLists+0x58>)
    10ae:	f000 fd6f 	bl	1b90 <vListInitialise>
    vListInitialise( &xDelayedTaskList2 );
    10b2:	480a      	ldr	r0, [pc, #40]	; (10dc <prvInitialiseTaskLists+0x5c>)
    10b4:	f000 fd6c 	bl	1b90 <vListInitialise>
    vListInitialise( &xPendingReadyList );
    10b8:	4809      	ldr	r0, [pc, #36]	; (10e0 <prvInitialiseTaskLists+0x60>)
    10ba:	f000 fd69 	bl	1b90 <vListInitialise>
    }
    #endif /* INCLUDE_vTaskSuspend */

    /* Start with pxDelayedTaskList using list1 and the pxOverflowDelayedTaskList
     * using list2. */
    pxDelayedTaskList = &xDelayedTaskList1;
    10be:	4b09      	ldr	r3, [pc, #36]	; (10e4 <prvInitialiseTaskLists+0x64>)
    10c0:	4a05      	ldr	r2, [pc, #20]	; (10d8 <prvInitialiseTaskLists+0x58>)
    10c2:	601a      	str	r2, [r3, #0]
    pxOverflowDelayedTaskList = &xDelayedTaskList2;
    10c4:	4b08      	ldr	r3, [pc, #32]	; (10e8 <prvInitialiseTaskLists+0x68>)
    10c6:	4a05      	ldr	r2, [pc, #20]	; (10dc <prvInitialiseTaskLists+0x5c>)
    10c8:	601a      	str	r2, [r3, #0]
}
    10ca:	bf00      	nop
    10cc:	3708      	adds	r7, #8
    10ce:	46bd      	mov	sp, r7
    10d0:	bd80      	pop	{r7, pc}
    10d2:	bf00      	nop
    10d4:	2000000c 	andcs	r0, r0, ip
    10d8:	20000070 	andcs	r0, r0, r0, ror r0
    10dc:	20000084 	andcs	r0, r0, r4, lsl #1
    10e0:	200000a0 	andcs	r0, r0, r0, lsr #1
    10e4:	20000098 	mulcs	r0, r8, r0
    10e8:	2000009c 	mulcs	r0, ip, r0

000010ec <prvCheckTasksWaitingTermination>:
/*-----------------------------------------------------------*/

STATIC void prvCheckTasksWaitingTermination( void )
{
    10ec:	b480      	push	{r7}
    10ee:	af00      	add	r7, sp, #0
            }
            #endif /* #if( configNUMBER_OF_CORES == 1 ) */
        }
    }
    #endif /* INCLUDE_vTaskDelete */
}
    10f0:	bf00      	nop
    10f2:	46bd      	mov	sp, r7
    10f4:	bc80      	pop	{r7}
    10f6:	4770      	bx	lr

000010f8 <prvResetNextTaskUnblockTime>:

#endif /* INCLUDE_vTaskDelete */
/*-----------------------------------------------------------*/

STATIC void prvResetNextTaskUnblockTime( void )
{
    10f8:	b480      	push	{r7}
    10fa:	af00      	add	r7, sp, #0
    if( listLIST_IS_EMPTY( pxDelayedTaskList ) != pdFALSE )
    10fc:	4b09      	ldr	r3, [pc, #36]	; (1124 <prvResetNextTaskUnblockTime+0x2c>)
    10fe:	681b      	ldr	r3, [r3, #0]
    1100:	681b      	ldr	r3, [r3, #0]
    1102:	2b00      	cmp	r3, #0
    1104:	d104      	bne.n	1110 <prvResetNextTaskUnblockTime+0x18>
    {
        /* The new current delayed list is empty.  Set xNextTaskUnblockTime to
         * the maximum possible value so it is  extremely unlikely that the
         * if( xTickCount >= xNextTaskUnblockTime ) test will pass until
         * there is an item in the delayed list. */
        xNextTaskUnblockTime = portMAX_DELAY;
    1106:	4b08      	ldr	r3, [pc, #32]	; (1128 <prvResetNextTaskUnblockTime+0x30>)
    1108:	f04f 32ff 	mov.w	r2, #4294967295	; 0xffffffff
    110c:	601a      	str	r2, [r3, #0]
         * the item at the head of the delayed list.  This is the time at
         * which the task at the head of the delayed list should be removed
         * from the Blocked state. */
        xNextTaskUnblockTime = listGET_ITEM_VALUE_OF_HEAD_ENTRY( pxDelayedTaskList );
    }
}
    110e:	e005      	b.n	111c <prvResetNextTaskUnblockTime+0x24>
        xNextTaskUnblockTime = listGET_ITEM_VALUE_OF_HEAD_ENTRY( pxDelayedTaskList );
    1110:	4b04      	ldr	r3, [pc, #16]	; (1124 <prvResetNextTaskUnblockTime+0x2c>)
    1112:	681b      	ldr	r3, [r3, #0]
    1114:	68db      	ldr	r3, [r3, #12]
    1116:	681b      	ldr	r3, [r3, #0]
    1118:	4a03      	ldr	r2, [pc, #12]	; (1128 <prvResetNextTaskUnblockTime+0x30>)
    111a:	6013      	str	r3, [r2, #0]
}
    111c:	bf00      	nop
    111e:	46bd      	mov	sp, r7
    1120:	bc80      	pop	{r7}
    1122:	4770      	bx	lr
    1124:	20000098 	mulcs	r0, r8, r0
    1128:	200000d4 	ldrdcs	r0, [r0], -r4

0000112c <xTaskGetCurrentTaskHandle>:

#if ( ( INCLUDE_xTaskGetCurrentTaskHandle == 1 ) || ( configUSE_RECURSIVE_MUTEXES == 1 ) ) || ( configNUMBER_OF_CORES > 1 )

    #if ( configNUMBER_OF_CORES == 1 )
        TaskHandle_t xTaskGetCurrentTaskHandle( void )
        {
    112c:	b480      	push	{r7}
    112e:	b083      	sub	sp, #12
    1130:	af00      	add	r7, sp, #0
            traceENTER_xTaskGetCurrentTaskHandle();

            /* A critical section is not required as this is not called from
             * an interrupt and the current TCB will always be the same for any
             * individual execution thread. */
            xReturn = pxCurrentTCB;
    1132:	4b04      	ldr	r3, [pc, #16]	; (1144 <xTaskGetCurrentTaskHandle+0x18>)
    1134:	681b      	ldr	r3, [r3, #0]
    1136:	607b      	str	r3, [r7, #4]

            traceRETURN_xTaskGetCurrentTaskHandle( xReturn );

            return xReturn;
    1138:	687b      	ldr	r3, [r7, #4]
        }
    113a:	4618      	mov	r0, r3
    113c:	370c      	adds	r7, #12
    113e:	46bd      	mov	sp, r7
    1140:	bc80      	pop	{r7}
    1142:	4770      	bx	lr
    1144:	20000008 	andcs	r0, r0, r8

00001148 <xTaskGetCurrentTaskHandleForCore>:
            return xReturn;
        }
    #endif /* #if ( configNUMBER_OF_CORES == 1 ) */

    TaskHandle_t xTaskGetCurrentTaskHandleForCore( BaseType_t xCoreID )
    {
    1148:	b480      	push	{r7}
    114a:	b085      	sub	sp, #20
    114c:	af00      	add	r7, sp, #0
    114e:	6078      	str	r0, [r7, #4]
        TaskHandle_t xReturn = NULL;
    1150:	2300      	movs	r3, #0
    1152:	60fb      	str	r3, [r7, #12]

        traceENTER_xTaskGetCurrentTaskHandleForCore( xCoreID );

        if( taskVALID_CORE_ID( xCoreID ) != pdFALSE )
    1154:	687b      	ldr	r3, [r7, #4]
    1156:	2b00      	cmp	r3, #0
    1158:	db05      	blt.n	1166 <xTaskGetCurrentTaskHandleForCore+0x1e>
    115a:	687b      	ldr	r3, [r7, #4]
    115c:	2b00      	cmp	r3, #0
    115e:	dc02      	bgt.n	1166 <xTaskGetCurrentTaskHandleForCore+0x1e>
        {
            #if ( configNUMBER_OF_CORES == 1 )
                xReturn = pxCurrentTCB;
    1160:	4b04      	ldr	r3, [pc, #16]	; (1174 <xTaskGetCurrentTaskHandleForCore+0x2c>)
    1162:	681b      	ldr	r3, [r3, #0]
    1164:	60fb      	str	r3, [r7, #12]
            #endif /* #if ( configNUMBER_OF_CORES == 1 ) */
        }

        traceRETURN_xTaskGetCurrentTaskHandleForCore( xReturn );

        return xReturn;
    1166:	68fb      	ldr	r3, [r7, #12]
    }
    1168:	4618      	mov	r0, r3
    116a:	3714      	adds	r7, #20
    116c:	46bd      	mov	sp, r7
    116e:	bc80      	pop	{r7}
    1170:	4770      	bx	lr
    1172:	bf00      	nop
    1174:	20000008 	andcs	r0, r0, r8

00001178 <uxTaskResetEventItemValue>:

#endif /* ( ( configGENERATE_RUN_TIME_STATS == 1 ) && ( configUSE_STATS_FORMATTING_FUNCTIONS > 0 ) ) */
/*-----------------------------------------------------------*/

TickType_t uxTaskResetEventItemValue( void )
{
    1178:	b480      	push	{r7}
    117a:	b083      	sub	sp, #12
    117c:	af00      	add	r7, sp, #0
    TickType_t uxReturn;

    traceENTER_uxTaskResetEventItemValue();

    uxReturn = listGET_LIST_ITEM_VALUE( &( pxCurrentTCB->xEventListItem ) );
    117e:	4b09      	ldr	r3, [pc, #36]	; (11a4 <uxTaskResetEventItemValue+0x2c>)
    1180:	681b      	ldr	r3, [r3, #0]
    1182:	699b      	ldr	r3, [r3, #24]
    1184:	607b      	str	r3, [r7, #4]

    /* Reset the event list item to its normal value - so it can be used with
     * queues and semaphores. */
    listSET_LIST_ITEM_VALUE( &( pxCurrentTCB->xEventListItem ), ( ( TickType_t ) configMAX_PRIORITIES - ( TickType_t ) pxCurrentTCB->uxPriority ) );
    1186:	4b07      	ldr	r3, [pc, #28]	; (11a4 <uxTaskResetEventItemValue+0x2c>)
    1188:	681b      	ldr	r3, [r3, #0]
    118a:	6ada      	ldr	r2, [r3, #44]	; 0x2c
    118c:	4b05      	ldr	r3, [pc, #20]	; (11a4 <uxTaskResetEventItemValue+0x2c>)
    118e:	681b      	ldr	r3, [r3, #0]
    1190:	f1c2 0205 	rsb	r2, r2, #5
    1194:	619a      	str	r2, [r3, #24]

    traceRETURN_uxTaskResetEventItemValue( uxReturn );

    return uxReturn;
    1196:	687b      	ldr	r3, [r7, #4]
}
    1198:	4618      	mov	r0, r3
    119a:	370c      	adds	r7, #12
    119c:	46bd      	mov	sp, r7
    119e:	bc80      	pop	{r7}
    11a0:	4770      	bx	lr
    11a2:	bf00      	nop
    11a4:	20000008 	andcs	r0, r0, r8

000011a8 <ulTaskGenericNotifyTake>:
#if ( configUSE_TASK_NOTIFICATIONS == 1 )

    uint32_t ulTaskGenericNotifyTake( UBaseType_t uxIndexToWaitOn,
                                      BaseType_t xClearCountOnExit,
                                      TickType_t xTicksToWait )
    {
    11a8:	b580      	push	{r7, lr}
    11aa:	b088      	sub	sp, #32
    11ac:	af00      	add	r7, sp, #0
    11ae:	60f8      	str	r0, [r7, #12]
    11b0:	60b9      	str	r1, [r7, #8]
    11b2:	607a      	str	r2, [r7, #4]
        uint32_t ulReturn;
        BaseType_t xAlreadyYielded, xShouldBlock = pdFALSE;
    11b4:	2300      	movs	r3, #0
    11b6:	61fb      	str	r3, [r7, #28]

        configASSERT( uxIndexToWaitOn < configTASK_NOTIFICATION_ARRAY_ENTRIES );

        /* If the notification count is zero, and if we are willing to wait for a
         * notification, then block the task and wait. */
        if( ( pxCurrentTCB->ulNotifiedValue[ uxIndexToWaitOn ] == 0U ) && ( xTicksToWait > ( TickType_t ) 0 ) )
    11b8:	4b35      	ldr	r3, [pc, #212]	; (1290 <ulTaskGenericNotifyTake+0xe8>)
    11ba:	681a      	ldr	r2, [r3, #0]
    11bc:	68fb      	ldr	r3, [r7, #12]
    11be:	3310      	adds	r3, #16
    11c0:	009b      	lsls	r3, r3, #2
    11c2:	4413      	add	r3, r2
    11c4:	685b      	ldr	r3, [r3, #4]
    11c6:	2b00      	cmp	r3, #0
    11c8:	d132      	bne.n	1230 <ulTaskGenericNotifyTake+0x88>
    11ca:	687b      	ldr	r3, [r7, #4]
    11cc:	2b00      	cmp	r3, #0
    11ce:	d02f      	beq.n	1230 <ulTaskGenericNotifyTake+0x88>
        {
            /* We suspend the scheduler here as prvAddCurrentTaskToDelayedList is a
             * non-deterministic operation. */
            vTaskSuspendAll();
    11d0:	f7ff fa5c 	bl	68c <vTaskSuspendAll>
            {
                /* We MUST enter a critical section to atomically check if a notification
                 * has occurred and set the flag to indicate that we are waiting for
                 * a notification. If we do not do so, a notification sent from an ISR
                 * will get lost. */
                taskENTER_CRITICAL();
    11d4:	f001 f8a0 	bl	2318 <vPortEnterCritical>
                {
                    /* Only block if the notification count is not already non-zero. */
                    if( pxCurrentTCB->ulNotifiedValue[ uxIndexToWaitOn ] == 0U )
    11d8:	4b2d      	ldr	r3, [pc, #180]	; (1290 <ulTaskGenericNotifyTake+0xe8>)
    11da:	681a      	ldr	r2, [r3, #0]
    11dc:	68fb      	ldr	r3, [r7, #12]
    11de:	3310      	adds	r3, #16
    11e0:	009b      	lsls	r3, r3, #2
    11e2:	4413      	add	r3, r2
    11e4:	685b      	ldr	r3, [r3, #4]
    11e6:	2b00      	cmp	r3, #0
    11e8:	d108      	bne.n	11fc <ulTaskGenericNotifyTake+0x54>
                    {
                        /* Mark this task as waiting for a notification. */
                        pxCurrentTCB->ucNotifyState[ uxIndexToWaitOn ] = taskWAITING_NOTIFICATION;
    11ea:	4b29      	ldr	r3, [pc, #164]	; (1290 <ulTaskGenericNotifyTake+0xe8>)
    11ec:	681a      	ldr	r2, [r3, #0]
    11ee:	68fb      	ldr	r3, [r7, #12]
    11f0:	4413      	add	r3, r2
    11f2:	3348      	adds	r3, #72	; 0x48
    11f4:	2201      	movs	r2, #1
    11f6:	701a      	strb	r2, [r3, #0]

                        /* Arrange to wait for a notification. */
                        xShouldBlock = pdTRUE;
    11f8:	2301      	movs	r3, #1
    11fa:	61fb      	str	r3, [r7, #28]
                    else
                    {
                        mtCOVERAGE_TEST_MARKER();
                    }
                }
                taskEXIT_CRITICAL();
    11fc:	f001 f8a6 	bl	234c <vPortExitCritical>

                /* We are now out of the critical section but the scheduler is still
                 * suspended, so we are safe to do non-deterministic operations such
                 * as prvAddCurrentTaskToDelayedList. */
                if( xShouldBlock == pdTRUE )
    1200:	69fb      	ldr	r3, [r7, #28]
    1202:	2b01      	cmp	r3, #1
    1204:	d103      	bne.n	120e <ulTaskGenericNotifyTake+0x66>
                {
                    traceTASK_NOTIFY_TAKE_BLOCK( uxIndexToWaitOn );
                    prvAddCurrentTaskToDelayedList( xTicksToWait, pdTRUE );
    1206:	2101      	movs	r1, #1
    1208:	6878      	ldr	r0, [r7, #4]
    120a:	f000 fc21 	bl	1a50 <prvAddCurrentTaskToDelayedList>
                else
                {
                    mtCOVERAGE_TEST_MARKER();
                }
            }
            xAlreadyYielded = xTaskResumeAll();
    120e:	f7ff fa4b 	bl	6a8 <xTaskResumeAll>
    1212:	61b8      	str	r0, [r7, #24]

            /* Force a reschedule if xTaskResumeAll has not already done so. */
            if( ( xShouldBlock == pdTRUE ) && ( xAlreadyYielded == pdFALSE ) )
    1214:	69fb      	ldr	r3, [r7, #28]
    1216:	2b01      	cmp	r3, #1
    1218:	d10a      	bne.n	1230 <ulTaskGenericNotifyTake+0x88>
    121a:	69bb      	ldr	r3, [r7, #24]
    121c:	2b00      	cmp	r3, #0
    121e:	d107      	bne.n	1230 <ulTaskGenericNotifyTake+0x88>
            {
                taskYIELD_WITHIN_API();
    1220:	4b1c      	ldr	r3, [pc, #112]	; (1294 <ulTaskGenericNotifyTake+0xec>)
    1222:	f04f 5280 	mov.w	r2, #268435456	; 0x10000000
    1226:	601a      	str	r2, [r3, #0]
    1228:	f3bf 8f4f 	dsb	sy
    122c:	f3bf 8f6f 	isb	sy
            {
                mtCOVERAGE_TEST_MARKER();
            }
        }

        taskENTER_CRITICAL();
    1230:	f001 f872 	bl	2318 <vPortEnterCritical>
        {
            traceTASK_NOTIFY_TAKE( uxIndexToWaitOn );
            ulReturn = pxCurrentTCB->ulNotifiedValue[ uxIndexToWaitOn ];
    1234:	4b16      	ldr	r3, [pc, #88]	; (1290 <ulTaskGenericNotifyTake+0xe8>)
    1236:	681a      	ldr	r2, [r3, #0]
    1238:	68fb      	ldr	r3, [r7, #12]
    123a:	3310      	adds	r3, #16
    123c:	009b      	lsls	r3, r3, #2
    123e:	4413      	add	r3, r2
    1240:	685b      	ldr	r3, [r3, #4]
    1242:	617b      	str	r3, [r7, #20]

            if( ulReturn != 0U )
    1244:	697b      	ldr	r3, [r7, #20]
    1246:	2b00      	cmp	r3, #0
    1248:	d014      	beq.n	1274 <ulTaskGenericNotifyTake+0xcc>
            {
                if( xClearCountOnExit != pdFALSE )
    124a:	68bb      	ldr	r3, [r7, #8]
    124c:	2b00      	cmp	r3, #0
    124e:	d008      	beq.n	1262 <ulTaskGenericNotifyTake+0xba>
                {
                    pxCurrentTCB->ulNotifiedValue[ uxIndexToWaitOn ] = ( uint32_t ) 0U;
    1250:	4b0f      	ldr	r3, [pc, #60]	; (1290 <ulTaskGenericNotifyTake+0xe8>)
    1252:	681a      	ldr	r2, [r3, #0]
    1254:	68fb      	ldr	r3, [r7, #12]
    1256:	3310      	adds	r3, #16
    1258:	009b      	lsls	r3, r3, #2
    125a:	4413      	add	r3, r2
    125c:	2200      	movs	r2, #0
    125e:	605a      	str	r2, [r3, #4]
    1260:	e008      	b.n	1274 <ulTaskGenericNotifyTake+0xcc>
                }
                else
                {
                    pxCurrentTCB->ulNotifiedValue[ uxIndexToWaitOn ] = ulReturn - ( uint32_t ) 1;
    1262:	4b0b      	ldr	r3, [pc, #44]	; (1290 <ulTaskGenericNotifyTake+0xe8>)
    1264:	6819      	ldr	r1, [r3, #0]
    1266:	697b      	ldr	r3, [r7, #20]
    1268:	1e5a      	subs	r2, r3, #1
    126a:	68fb      	ldr	r3, [r7, #12]
    126c:	3310      	adds	r3, #16
    126e:	009b      	lsls	r3, r3, #2
    1270:	440b      	add	r3, r1
    1272:	605a      	str	r2, [r3, #4]
            else
            {
                mtCOVERAGE_TEST_MARKER();
            }

            pxCurrentTCB->ucNotifyState[ uxIndexToWaitOn ] = taskNOT_WAITING_NOTIFICATION;
    1274:	4b06      	ldr	r3, [pc, #24]	; (1290 <ulTaskGenericNotifyTake+0xe8>)
    1276:	681a      	ldr	r2, [r3, #0]
    1278:	68fb      	ldr	r3, [r7, #12]
    127a:	4413      	add	r3, r2
    127c:	3348      	adds	r3, #72	; 0x48
    127e:	2200      	movs	r2, #0
    1280:	701a      	strb	r2, [r3, #0]
        }
        taskEXIT_CRITICAL();
    1282:	f001 f863 	bl	234c <vPortExitCritical>

        traceRETURN_ulTaskGenericNotifyTake( ulReturn );

        return ulReturn;
    1286:	697b      	ldr	r3, [r7, #20]
    }
    1288:	4618      	mov	r0, r3
    128a:	3720      	adds	r7, #32
    128c:	46bd      	mov	sp, r7
    128e:	bd80      	pop	{r7, pc}
    1290:	20000008 	andcs	r0, r0, r8
    1294:	e000ed04 	and	lr, r0, r4, lsl #26

00001298 <xTaskGenericNotifyWait>:
    BaseType_t xTaskGenericNotifyWait( UBaseType_t uxIndexToWaitOn,
                                       uint32_t ulBitsToClearOnEntry,
                                       uint32_t ulBitsToClearOnExit,
                                       uint32_t * pulNotificationValue,
                                       TickType_t xTicksToWait )
    {
    1298:	b580      	push	{r7, lr}
    129a:	b088      	sub	sp, #32
    129c:	af00      	add	r7, sp, #0
    129e:	60f8      	str	r0, [r7, #12]
    12a0:	60b9      	str	r1, [r7, #8]
    12a2:	607a      	str	r2, [r7, #4]
    12a4:	603b      	str	r3, [r7, #0]
        BaseType_t xReturn, xAlreadyYielded, xShouldBlock = pdFALSE;
    12a6:	2300      	movs	r3, #0
    12a8:	61bb      	str	r3, [r7, #24]

        configASSERT( uxIndexToWaitOn < configTASK_NOTIFICATION_ARRAY_ENTRIES );

        /* If the task hasn't received a notification, and if we are willing to wait
         * for it, then block the task and wait. */
        if( ( pxCurrentTCB->ucNotifyState[ uxIndexToWaitOn ] != taskNOTIFICATION_RECEIVED ) && ( xTicksToWait > ( TickType_t ) 0 ) )
    12aa:	4b42      	ldr	r3, [pc, #264]	; (13b4 <xTaskGenericNotifyWait+0x11c>)
    12ac:	681a      	ldr	r2, [r3, #0]
    12ae:	68fb      	ldr	r3, [r7, #12]
    12b0:	4413      	add	r3, r2
    12b2:	3348      	adds	r3, #72	; 0x48
    12b4:	781b      	ldrb	r3, [r3, #0]
    12b6:	b2db      	uxtb	r3, r3
    12b8:	2b02      	cmp	r3, #2
    12ba:	d041      	beq.n	1340 <xTaskGenericNotifyWait+0xa8>
    12bc:	6abb      	ldr	r3, [r7, #40]	; 0x28
    12be:	2b00      	cmp	r3, #0
    12c0:	d03e      	beq.n	1340 <xTaskGenericNotifyWait+0xa8>
        {
            /* We suspend the scheduler here as prvAddCurrentTaskToDelayedList is a
             * non-deterministic operation. */
            vTaskSuspendAll();
    12c2:	f7ff f9e3 	bl	68c <vTaskSuspendAll>
            {
                /* We MUST enter a critical section to atomically check and update the
                 * task notification value. If we do not do so, a notification from
                 * an ISR will get lost. */
                taskENTER_CRITICAL();
    12c6:	f001 f827 	bl	2318 <vPortEnterCritical>
                {
                    /* Only block if a notification is not already pending. */
                    if( pxCurrentTCB->ucNotifyState[ uxIndexToWaitOn ] != taskNOTIFICATION_RECEIVED )
    12ca:	4b3a      	ldr	r3, [pc, #232]	; (13b4 <xTaskGenericNotifyWait+0x11c>)
    12cc:	681a      	ldr	r2, [r3, #0]
    12ce:	68fb      	ldr	r3, [r7, #12]
    12d0:	4413      	add	r3, r2
    12d2:	3348      	adds	r3, #72	; 0x48
    12d4:	781b      	ldrb	r3, [r3, #0]
    12d6:	b2db      	uxtb	r3, r3
    12d8:	2b02      	cmp	r3, #2
    12da:	d017      	beq.n	130c <xTaskGenericNotifyWait+0x74>
                    {
                        /* Clear bits in the task's notification value as bits may get
                         * set by the notifying task or interrupt. This can be used
                         * to clear the value to zero. */
                        pxCurrentTCB->ulNotifiedValue[ uxIndexToWaitOn ] &= ~ulBitsToClearOnEntry;
    12dc:	4b35      	ldr	r3, [pc, #212]	; (13b4 <xTaskGenericNotifyWait+0x11c>)
    12de:	681a      	ldr	r2, [r3, #0]
    12e0:	68fb      	ldr	r3, [r7, #12]
    12e2:	3310      	adds	r3, #16
    12e4:	009b      	lsls	r3, r3, #2
    12e6:	4413      	add	r3, r2
    12e8:	6859      	ldr	r1, [r3, #4]
    12ea:	68bb      	ldr	r3, [r7, #8]
    12ec:	43db      	mvns	r3, r3
    12ee:	4019      	ands	r1, r3
    12f0:	68fb      	ldr	r3, [r7, #12]
    12f2:	3310      	adds	r3, #16
    12f4:	009b      	lsls	r3, r3, #2
    12f6:	4413      	add	r3, r2
    12f8:	6059      	str	r1, [r3, #4]

                        /* Mark this task as waiting for a notification. */
                        pxCurrentTCB->ucNotifyState[ uxIndexToWaitOn ] = taskWAITING_NOTIFICATION;
    12fa:	4b2e      	ldr	r3, [pc, #184]	; (13b4 <xTaskGenericNotifyWait+0x11c>)
    12fc:	681a      	ldr	r2, [r3, #0]
    12fe:	68fb      	ldr	r3, [r7, #12]
    1300:	4413      	add	r3, r2
    1302:	3348      	adds	r3, #72	; 0x48
    1304:	2201      	movs	r2, #1
    1306:	701a      	strb	r2, [r3, #0]

                        /* Arrange to wait for a notification. */
                        xShouldBlock = pdTRUE;
    1308:	2301      	movs	r3, #1
    130a:	61bb      	str	r3, [r7, #24]
                    else
                    {
                        mtCOVERAGE_TEST_MARKER();
                    }
                }
                taskEXIT_CRITICAL();
    130c:	f001 f81e 	bl	234c <vPortExitCritical>

                /* We are now out of the critical section but the scheduler is still
                 * suspended, so we are safe to do non-deterministic operations such
                 * as prvAddCurrentTaskToDelayedList. */
                if( xShouldBlock == pdTRUE )
    1310:	69bb      	ldr	r3, [r7, #24]
    1312:	2b01      	cmp	r3, #1
    1314:	d103      	bne.n	131e <xTaskGenericNotifyWait+0x86>
                {
                    traceTASK_NOTIFY_WAIT_BLOCK( uxIndexToWaitOn );
                    prvAddCurrentTaskToDelayedList( xTicksToWait, pdTRUE );
    1316:	2101      	movs	r1, #1
    1318:	6ab8      	ldr	r0, [r7, #40]	; 0x28
    131a:	f000 fb99 	bl	1a50 <prvAddCurrentTaskToDelayedList>
                else
                {
                    mtCOVERAGE_TEST_MARKER();
                }
            }
            xAlreadyYielded = xTaskResumeAll();
    131e:	f7ff f9c3 	bl	6a8 <xTaskResumeAll>
    1322:	6178      	str	r0, [r7, #20]

            /* Force a reschedule if xTaskResumeAll has not already done so. */
            if( ( xShouldBlock == pdTRUE ) && ( xAlreadyYielded == pdFALSE ) )
    1324:	69bb      	ldr	r3, [r7, #24]
    1326:	2b01      	cmp	r3, #1
    1328:	d10a      	bne.n	1340 <xTaskGenericNotifyWait+0xa8>
    132a:	697b      	ldr	r3, [r7, #20]
    132c:	2b00      	cmp	r3, #0
    132e:	d107      	bne.n	1340 <xTaskGenericNotifyWait+0xa8>
            {
                taskYIELD_WITHIN_API();
    1330:	4b21      	ldr	r3, [pc, #132]	; (13b8 <xTaskGenericNotifyWait+0x120>)
    1332:	f04f 5280 	mov.w	r2, #268435456	; 0x10000000
    1336:	601a      	str	r2, [r3, #0]
    1338:	f3bf 8f4f 	dsb	sy
    133c:	f3bf 8f6f 	isb	sy
            {
                mtCOVERAGE_TEST_MARKER();
            }
        }

        taskENTER_CRITICAL();
    1340:	f000 ffea 	bl	2318 <vPortEnterCritical>
        {
            traceTASK_NOTIFY_WAIT( uxIndexToWaitOn );

            if( pulNotificationValue != NULL )
    1344:	683b      	ldr	r3, [r7, #0]
    1346:	2b00      	cmp	r3, #0
    1348:	d008      	beq.n	135c <xTaskGenericNotifyWait+0xc4>
            {
                /* Output the current notification value, which may or may not
                 * have changed. */
                *pulNotificationValue = pxCurrentTCB->ulNotifiedValue[ uxIndexToWaitOn ];
    134a:	4b1a      	ldr	r3, [pc, #104]	; (13b4 <xTaskGenericNotifyWait+0x11c>)
    134c:	681a      	ldr	r2, [r3, #0]
    134e:	68fb      	ldr	r3, [r7, #12]
    1350:	3310      	adds	r3, #16
    1352:	009b      	lsls	r3, r3, #2
    1354:	4413      	add	r3, r2
    1356:	685a      	ldr	r2, [r3, #4]
    1358:	683b      	ldr	r3, [r7, #0]
    135a:	601a      	str	r2, [r3, #0]

            /* If ucNotifyValue is set then either the task never entered the
             * blocked state (because a notification was already pending) or the
             * task unblocked because of a notification.  Otherwise the task
             * unblocked because of a timeout. */
            if( pxCurrentTCB->ucNotifyState[ uxIndexToWaitOn ] != taskNOTIFICATION_RECEIVED )
    135c:	4b15      	ldr	r3, [pc, #84]	; (13b4 <xTaskGenericNotifyWait+0x11c>)
    135e:	681a      	ldr	r2, [r3, #0]
    1360:	68fb      	ldr	r3, [r7, #12]
    1362:	4413      	add	r3, r2
    1364:	3348      	adds	r3, #72	; 0x48
    1366:	781b      	ldrb	r3, [r3, #0]
    1368:	b2db      	uxtb	r3, r3
    136a:	2b02      	cmp	r3, #2
    136c:	d002      	beq.n	1374 <xTaskGenericNotifyWait+0xdc>
            {
                /* A notification was not received. */
                xReturn = pdFALSE;
    136e:	2300      	movs	r3, #0
    1370:	61fb      	str	r3, [r7, #28]
    1372:	e010      	b.n	1396 <xTaskGenericNotifyWait+0xfe>
            }
            else
            {
                /* A notification was already pending or a notification was
                 * received while the task was waiting. */
                pxCurrentTCB->ulNotifiedValue[ uxIndexToWaitOn ] &= ~ulBitsToClearOnExit;
    1374:	4b0f      	ldr	r3, [pc, #60]	; (13b4 <xTaskGenericNotifyWait+0x11c>)
    1376:	681a      	ldr	r2, [r3, #0]
    1378:	68fb      	ldr	r3, [r7, #12]
    137a:	3310      	adds	r3, #16
    137c:	009b      	lsls	r3, r3, #2
    137e:	4413      	add	r3, r2
    1380:	6859      	ldr	r1, [r3, #4]
    1382:	687b      	ldr	r3, [r7, #4]
    1384:	43db      	mvns	r3, r3
    1386:	4019      	ands	r1, r3
    1388:	68fb      	ldr	r3, [r7, #12]
    138a:	3310      	adds	r3, #16
    138c:	009b      	lsls	r3, r3, #2
    138e:	4413      	add	r3, r2
    1390:	6059      	str	r1, [r3, #4]
                xReturn = pdTRUE;
    1392:	2301      	movs	r3, #1
    1394:	61fb      	str	r3, [r7, #28]
            }

            pxCurrentTCB->ucNotifyState[ uxIndexToWaitOn ] = taskNOT_WAITING_NOTIFICATION;
    1396:	4b07      	ldr	r3, [pc, #28]	; (13b4 <xTaskGenericNotifyWait+0x11c>)
    1398:	681a      	ldr	r2, [r3, #0]
    139a:	68fb      	ldr	r3, [r7, #12]
    139c:	4413      	add	r3, r2
    139e:	3348      	adds	r3, #72	; 0x48
    13a0:	2200      	movs	r2, #0
    13a2:	701a      	strb	r2, [r3, #0]
        }
        taskEXIT_CRITICAL();
    13a4:	f000 ffd2 	bl	234c <vPortExitCritical>

        traceRETURN_xTaskGenericNotifyWait( xReturn );

        return xReturn;
    13a8:	69fb      	ldr	r3, [r7, #28]
    }
    13aa:	4618      	mov	r0, r3
    13ac:	3720      	adds	r7, #32
    13ae:	46bd      	mov	sp, r7
    13b0:	bd80      	pop	{r7, pc}
    13b2:	bf00      	nop
    13b4:	20000008 	andcs	r0, r0, r8
    13b8:	e000ed04 	and	lr, r0, r4, lsl #26

000013bc <xTaskGenericNotify>:
    BaseType_t xTaskGenericNotify( TaskHandle_t xTaskToNotify,
                                   UBaseType_t uxIndexToNotify,
                                   uint32_t ulValue,
                                   eNotifyAction eAction,
                                   uint32_t * pulPreviousNotificationValue )
    {
    13bc:	b580      	push	{r7, lr}
    13be:	b08a      	sub	sp, #40	; 0x28
    13c0:	af00      	add	r7, sp, #0
    13c2:	60f8      	str	r0, [r7, #12]
    13c4:	60b9      	str	r1, [r7, #8]
    13c6:	607a      	str	r2, [r7, #4]
    13c8:	70fb      	strb	r3, [r7, #3]
        TCB_t * pxTCB;
        BaseType_t xReturn = pdPASS;
    13ca:	2301      	movs	r3, #1
    13cc:	627b      	str	r3, [r7, #36]	; 0x24

        traceENTER_xTaskGenericNotify( xTaskToNotify, uxIndexToNotify, ulValue, eAction, pulPreviousNotificationValue );

        configASSERT( uxIndexToNotify < configTASK_NOTIFICATION_ARRAY_ENTRIES );
        configASSERT( xTaskToNotify );
        pxTCB = xTaskToNotify;
    13ce:	68fb      	ldr	r3, [r7, #12]
    13d0:	623b      	str	r3, [r7, #32]

        taskENTER_CRITICAL();
    13d2:	f000 ffa1 	bl	2318 <vPortEnterCritical>
        {
            if( pulPreviousNotificationValue != NULL )
    13d6:	6b3b      	ldr	r3, [r7, #48]	; 0x30
    13d8:	2b00      	cmp	r3, #0
    13da:	d007      	beq.n	13ec <xTaskGenericNotify+0x30>
            {
                *pulPreviousNotificationValue = pxTCB->ulNotifiedValue[ uxIndexToNotify ];
    13dc:	6a3a      	ldr	r2, [r7, #32]
    13de:	68bb      	ldr	r3, [r7, #8]
    13e0:	3310      	adds	r3, #16
    13e2:	009b      	lsls	r3, r3, #2
    13e4:	4413      	add	r3, r2
    13e6:	685a      	ldr	r2, [r3, #4]
    13e8:	6b3b      	ldr	r3, [r7, #48]	; 0x30
    13ea:	601a      	str	r2, [r3, #0]
            }

            ucOriginalNotifyState = pxTCB->ucNotifyState[ uxIndexToNotify ];
    13ec:	6a3a      	ldr	r2, [r7, #32]
    13ee:	68bb      	ldr	r3, [r7, #8]
    13f0:	4413      	add	r3, r2
    13f2:	3348      	adds	r3, #72	; 0x48
    13f4:	781b      	ldrb	r3, [r3, #0]
    13f6:	77fb      	strb	r3, [r7, #31]

            pxTCB->ucNotifyState[ uxIndexToNotify ] = taskNOTIFICATION_RECEIVED;
    13f8:	6a3a      	ldr	r2, [r7, #32]
    13fa:	68bb      	ldr	r3, [r7, #8]
    13fc:	4413      	add	r3, r2
    13fe:	3348      	adds	r3, #72	; 0x48
    1400:	2202      	movs	r2, #2
    1402:	701a      	strb	r2, [r3, #0]

            switch( eAction )
    1404:	78fb      	ldrb	r3, [r7, #3]
    1406:	2b04      	cmp	r3, #4
    1408:	d83f      	bhi.n	148a <xTaskGenericNotify+0xce>
    140a:	a201      	add	r2, pc, #4	; (adr r2, 1410 <xTaskGenericNotify+0x54>)
    140c:	f852 f023 	ldr.w	pc, [r2, r3, lsl #2]
    1410:	0000148b 	andeq	r1, r0, fp, lsl #9
    1414:	00001425 	andeq	r1, r0, r5, lsr #8
    1418:	00001443 	andeq	r1, r0, r3, asr #8
    141c:	0000145f 	andeq	r1, r0, pc, asr r4
    1420:	0000146f 	andeq	r1, r0, pc, ror #8
            {
                case eSetBits:
                    pxTCB->ulNotifiedValue[ uxIndexToNotify ] |= ulValue;
    1424:	6a3a      	ldr	r2, [r7, #32]
    1426:	68bb      	ldr	r3, [r7, #8]
    1428:	3310      	adds	r3, #16
    142a:	009b      	lsls	r3, r3, #2
    142c:	4413      	add	r3, r2
    142e:	685a      	ldr	r2, [r3, #4]
    1430:	687b      	ldr	r3, [r7, #4]
    1432:	431a      	orrs	r2, r3
    1434:	6a39      	ldr	r1, [r7, #32]
    1436:	68bb      	ldr	r3, [r7, #8]
    1438:	3310      	adds	r3, #16
    143a:	009b      	lsls	r3, r3, #2
    143c:	440b      	add	r3, r1
    143e:	605a      	str	r2, [r3, #4]
                    break;
    1440:	e024      	b.n	148c <xTaskGenericNotify+0xd0>

                case eIncrement:
                    ( pxTCB->ulNotifiedValue[ uxIndexToNotify ] )++;
    1442:	6a3a      	ldr	r2, [r7, #32]
    1444:	68bb      	ldr	r3, [r7, #8]
    1446:	3310      	adds	r3, #16
    1448:	009b      	lsls	r3, r3, #2
    144a:	4413      	add	r3, r2
    144c:	685b      	ldr	r3, [r3, #4]
    144e:	1c5a      	adds	r2, r3, #1
    1450:	6a39      	ldr	r1, [r7, #32]
    1452:	68bb      	ldr	r3, [r7, #8]
    1454:	3310      	adds	r3, #16
    1456:	009b      	lsls	r3, r3, #2
    1458:	440b      	add	r3, r1
    145a:	605a      	str	r2, [r3, #4]
                    break;
    145c:	e016      	b.n	148c <xTaskGenericNotify+0xd0>

                case eSetValueWithOverwrite:
                    pxTCB->ulNotifiedValue[ uxIndexToNotify ] = ulValue;
    145e:	6a3a      	ldr	r2, [r7, #32]
    1460:	68bb      	ldr	r3, [r7, #8]
    1462:	3310      	adds	r3, #16
    1464:	009b      	lsls	r3, r3, #2
    1466:	4413      	add	r3, r2
    1468:	687a      	ldr	r2, [r7, #4]
    146a:	605a      	str	r2, [r3, #4]
                    break;
    146c:	e00e      	b.n	148c <xTaskGenericNotify+0xd0>

                case eSetValueWithoutOverwrite:

                    if( ucOriginalNotifyState != taskNOTIFICATION_RECEIVED )
    146e:	7ffb      	ldrb	r3, [r7, #31]
    1470:	2b02      	cmp	r3, #2
    1472:	d007      	beq.n	1484 <xTaskGenericNotify+0xc8>
                    {
                        pxTCB->ulNotifiedValue[ uxIndexToNotify ] = ulValue;
    1474:	6a3a      	ldr	r2, [r7, #32]
    1476:	68bb      	ldr	r3, [r7, #8]
    1478:	3310      	adds	r3, #16
    147a:	009b      	lsls	r3, r3, #2
    147c:	4413      	add	r3, r2
    147e:	687a      	ldr	r2, [r7, #4]
    1480:	605a      	str	r2, [r3, #4]
                    {
                        /* The value could not be written to the task. */
                        xReturn = pdFAIL;
                    }

                    break;
    1482:	e003      	b.n	148c <xTaskGenericNotify+0xd0>
                        xReturn = pdFAIL;
    1484:	2300      	movs	r3, #0
    1486:	627b      	str	r3, [r7, #36]	; 0x24
                    break;
    1488:	e000      	b.n	148c <xTaskGenericNotify+0xd0>
                    /* Should not get here if all enums are handled.
                     * Artificially force an assert by testing a value the
                     * compiler can't assume is const. */
                    configASSERT( xTickCount == ( TickType_t ) 0 );

                    break;
    148a:	bf00      	nop

            traceTASK_NOTIFY( uxIndexToNotify );

            /* If the task is in the blocked state specifically to wait for a
             * notification then unblock it now. */
            if( ucOriginalNotifyState == taskWAITING_NOTIFICATION )
    148c:	7ffb      	ldrb	r3, [r7, #31]
    148e:	2b01      	cmp	r3, #1
    1490:	d16e      	bne.n	1570 <xTaskGenericNotify+0x1b4>
            {
                listREMOVE_ITEM( &( pxTCB->xStateListItem ) );
    1492:	6a3b      	ldr	r3, [r7, #32]
    1494:	695b      	ldr	r3, [r3, #20]
    1496:	61bb      	str	r3, [r7, #24]
    1498:	6a3b      	ldr	r3, [r7, #32]
    149a:	689b      	ldr	r3, [r3, #8]
    149c:	6a3a      	ldr	r2, [r7, #32]
    149e:	68d2      	ldr	r2, [r2, #12]
    14a0:	609a      	str	r2, [r3, #8]
    14a2:	6a3b      	ldr	r3, [r7, #32]
    14a4:	68db      	ldr	r3, [r3, #12]
    14a6:	6a3a      	ldr	r2, [r7, #32]
    14a8:	6892      	ldr	r2, [r2, #8]
    14aa:	605a      	str	r2, [r3, #4]
    14ac:	69bb      	ldr	r3, [r7, #24]
    14ae:	685a      	ldr	r2, [r3, #4]
    14b0:	6a3b      	ldr	r3, [r7, #32]
    14b2:	3304      	adds	r3, #4
    14b4:	429a      	cmp	r2, r3
    14b6:	d103      	bne.n	14c0 <xTaskGenericNotify+0x104>
    14b8:	6a3b      	ldr	r3, [r7, #32]
    14ba:	68da      	ldr	r2, [r3, #12]
    14bc:	69bb      	ldr	r3, [r7, #24]
    14be:	605a      	str	r2, [r3, #4]
    14c0:	6a3b      	ldr	r3, [r7, #32]
    14c2:	2200      	movs	r2, #0
    14c4:	615a      	str	r2, [r3, #20]
    14c6:	69bb      	ldr	r3, [r7, #24]
    14c8:	681b      	ldr	r3, [r3, #0]
    14ca:	1e5a      	subs	r2, r3, #1
    14cc:	69bb      	ldr	r3, [r7, #24]
    14ce:	601a      	str	r2, [r3, #0]
                prvAddTaskToReadyList( pxTCB );
    14d0:	6a3b      	ldr	r3, [r7, #32]
    14d2:	6adb      	ldr	r3, [r3, #44]	; 0x2c
    14d4:	2201      	movs	r2, #1
    14d6:	409a      	lsls	r2, r3
    14d8:	4b29      	ldr	r3, [pc, #164]	; (1580 <xTaskGenericNotify+0x1c4>)
    14da:	681b      	ldr	r3, [r3, #0]
    14dc:	4313      	orrs	r3, r2
    14de:	4a28      	ldr	r2, [pc, #160]	; (1580 <xTaskGenericNotify+0x1c4>)
    14e0:	6013      	str	r3, [r2, #0]
    14e2:	6a3b      	ldr	r3, [r7, #32]
    14e4:	6ada      	ldr	r2, [r3, #44]	; 0x2c
    14e6:	4927      	ldr	r1, [pc, #156]	; (1584 <xTaskGenericNotify+0x1c8>)
    14e8:	4613      	mov	r3, r2
    14ea:	009b      	lsls	r3, r3, #2
    14ec:	4413      	add	r3, r2
    14ee:	009b      	lsls	r3, r3, #2
    14f0:	440b      	add	r3, r1
    14f2:	3304      	adds	r3, #4
    14f4:	681b      	ldr	r3, [r3, #0]
    14f6:	617b      	str	r3, [r7, #20]
    14f8:	6a3b      	ldr	r3, [r7, #32]
    14fa:	697a      	ldr	r2, [r7, #20]
    14fc:	609a      	str	r2, [r3, #8]
    14fe:	697b      	ldr	r3, [r7, #20]
    1500:	689a      	ldr	r2, [r3, #8]
    1502:	6a3b      	ldr	r3, [r7, #32]
    1504:	60da      	str	r2, [r3, #12]
    1506:	697b      	ldr	r3, [r7, #20]
    1508:	689b      	ldr	r3, [r3, #8]
    150a:	6a3a      	ldr	r2, [r7, #32]
    150c:	3204      	adds	r2, #4
    150e:	605a      	str	r2, [r3, #4]
    1510:	6a3b      	ldr	r3, [r7, #32]
    1512:	1d1a      	adds	r2, r3, #4
    1514:	697b      	ldr	r3, [r7, #20]
    1516:	609a      	str	r2, [r3, #8]
    1518:	6a3b      	ldr	r3, [r7, #32]
    151a:	6ada      	ldr	r2, [r3, #44]	; 0x2c
    151c:	4613      	mov	r3, r2
    151e:	009b      	lsls	r3, r3, #2
    1520:	4413      	add	r3, r2
    1522:	009b      	lsls	r3, r3, #2
    1524:	4a17      	ldr	r2, [pc, #92]	; (1584 <xTaskGenericNotify+0x1c8>)
    1526:	441a      	add	r2, r3
    1528:	6a3b      	ldr	r3, [r7, #32]
    152a:	615a      	str	r2, [r3, #20]
    152c:	6a3b      	ldr	r3, [r7, #32]
    152e:	6ada      	ldr	r2, [r3, #44]	; 0x2c
    1530:	4914      	ldr	r1, [pc, #80]	; (1584 <xTaskGenericNotify+0x1c8>)
    1532:	4613      	mov	r3, r2
    1534:	009b      	lsls	r3, r3, #2
    1536:	4413      	add	r3, r2
    1538:	009b      	lsls	r3, r3, #2
    153a:	440b      	add	r3, r1
    153c:	681b      	ldr	r3, [r3, #0]
    153e:	6a3a      	ldr	r2, [r7, #32]
    1540:	6ad2      	ldr	r2, [r2, #44]	; 0x2c
    1542:	1c59      	adds	r1, r3, #1
    1544:	480f      	ldr	r0, [pc, #60]	; (1584 <xTaskGenericNotify+0x1c8>)
    1546:	4613      	mov	r3, r2
    1548:	009b      	lsls	r3, r3, #2
    154a:	4413      	add	r3, r2
    154c:	009b      	lsls	r3, r3, #2
    154e:	4403      	add	r3, r0
    1550:	6019      	str	r1, [r3, #0]
                }
                #endif

                /* Check if the notified task has a priority above the currently
                 * executing task. */
                taskYIELD_ANY_CORE_IF_USING_PREEMPTION( pxTCB );
    1552:	4b0d      	ldr	r3, [pc, #52]	; (1588 <xTaskGenericNotify+0x1cc>)
    1554:	681b      	ldr	r3, [r3, #0]
    1556:	6ada      	ldr	r2, [r3, #44]	; 0x2c
    1558:	6a3b      	ldr	r3, [r7, #32]
    155a:	6adb      	ldr	r3, [r3, #44]	; 0x2c
    155c:	429a      	cmp	r2, r3
    155e:	d207      	bcs.n	1570 <xTaskGenericNotify+0x1b4>
    1560:	4b0a      	ldr	r3, [pc, #40]	; (158c <xTaskGenericNotify+0x1d0>)
    1562:	f04f 5280 	mov.w	r2, #268435456	; 0x10000000
    1566:	601a      	str	r2, [r3, #0]
    1568:	f3bf 8f4f 	dsb	sy
    156c:	f3bf 8f6f 	isb	sy
            else
            {
                mtCOVERAGE_TEST_MARKER();
            }
        }
        taskEXIT_CRITICAL();
    1570:	f000 feec 	bl	234c <vPortExitCritical>

        traceRETURN_xTaskGenericNotify( xReturn );

        return xReturn;
    1574:	6a7b      	ldr	r3, [r7, #36]	; 0x24
    }
    1576:	4618      	mov	r0, r3
    1578:	3728      	adds	r7, #40	; 0x28
    157a:	46bd      	mov	sp, r7
    157c:	bd80      	pop	{r7, pc}
    157e:	bf00      	nop
    1580:	200000bc 	strhcs	r0, [r0], -ip
    1584:	2000000c 	andcs	r0, r0, ip
    1588:	20000008 	andcs	r0, r0, r8
    158c:	e000ed04 	and	lr, r0, r4, lsl #26

00001590 <xTaskGenericNotifyFromISR>:
                                          UBaseType_t uxIndexToNotify,
                                          uint32_t ulValue,
                                          eNotifyAction eAction,
                                          uint32_t * pulPreviousNotificationValue,
                                          BaseType_t * pxHigherPriorityTaskWoken )
    {
    1590:	b480      	push	{r7}
    1592:	b08f      	sub	sp, #60	; 0x3c
    1594:	af00      	add	r7, sp, #0
    1596:	60f8      	str	r0, [r7, #12]
    1598:	60b9      	str	r1, [r7, #8]
    159a:	607a      	str	r2, [r7, #4]
    159c:	70fb      	strb	r3, [r7, #3]
        TCB_t * pxTCB;
        uint8_t ucOriginalNotifyState;
        BaseType_t xReturn = pdPASS;
    159e:	2301      	movs	r3, #1
    15a0:	637b      	str	r3, [r7, #52]	; 0x34
         * simple as possible.  More information (albeit Cortex-M specific) is
         * provided on the following link:
         * https://www.FreeRTOS.org/RTOS-Cortex-M3-M4.html */
        portASSERT_IF_INTERRUPT_PRIORITY_INVALID();

        pxTCB = xTaskToNotify;
    15a2:	68fb      	ldr	r3, [r7, #12]
    15a4:	633b      	str	r3, [r7, #48]	; 0x30

portFORCE_INLINE static uint32_t ulPortRaiseBASEPRI( void )
{
    uint32_t ulOriginalBASEPRI, ulNewBASEPRI;

    __asm volatile
    15a6:	f3ef 8211 	mrs	r2, BASEPRI
    15aa:	f04f 0301 	mov.w	r3, #1
    15ae:	f383 8811 	msr	BASEPRI, r3
    15b2:	f3bf 8f6f 	isb	sy
    15b6:	f3bf 8f4f 	dsb	sy
    15ba:	61ba      	str	r2, [r7, #24]
    15bc:	617b      	str	r3, [r7, #20]
        : "=r" ( ulOriginalBASEPRI ), "=r" ( ulNewBASEPRI ) : "i" ( configMAX_SYSCALL_INTERRUPT_PRIORITY ) : "memory"
    );

    /* This return will not be reached but is necessary to prevent compiler
     * warnings. */
    return ulOriginalBASEPRI;
    15be:	69bb      	ldr	r3, [r7, #24]

        /* MISRA Ref 4.7.1 [Return value shall be checked] */
        /* More details at: https://github.com/FreeRTOS/FreeRTOS-Kernel/blob/main/MISRA.md#dir-47 */
        /* coverity[misra_c_2012_directive_4_7_violation] */
        uxSavedInterruptStatus = ( UBaseType_t ) taskENTER_CRITICAL_FROM_ISR();
    15c0:	62fb      	str	r3, [r7, #44]	; 0x2c
        {
            if( pulPreviousNotificationValue != NULL )
    15c2:	6c3b      	ldr	r3, [r7, #64]	; 0x40
    15c4:	2b00      	cmp	r3, #0
    15c6:	d007      	beq.n	15d8 <xTaskGenericNotifyFromISR+0x48>
            {
                *pulPreviousNotificationValue = pxTCB->ulNotifiedValue[ uxIndexToNotify ];
    15c8:	6b3a      	ldr	r2, [r7, #48]	; 0x30
    15ca:	68bb      	ldr	r3, [r7, #8]
    15cc:	3310      	adds	r3, #16
    15ce:	009b      	lsls	r3, r3, #2
    15d0:	4413      	add	r3, r2
    15d2:	685a      	ldr	r2, [r3, #4]
    15d4:	6c3b      	ldr	r3, [r7, #64]	; 0x40
    15d6:	601a      	str	r2, [r3, #0]
            }

            ucOriginalNotifyState = pxTCB->ucNotifyState[ uxIndexToNotify ];
    15d8:	6b3a      	ldr	r2, [r7, #48]	; 0x30
    15da:	68bb      	ldr	r3, [r7, #8]
    15dc:	4413      	add	r3, r2
    15de:	3348      	adds	r3, #72	; 0x48
    15e0:	781b      	ldrb	r3, [r3, #0]
    15e2:	f887 302b 	strb.w	r3, [r7, #43]	; 0x2b
            pxTCB->ucNotifyState[ uxIndexToNotify ] = taskNOTIFICATION_RECEIVED;
    15e6:	6b3a      	ldr	r2, [r7, #48]	; 0x30
    15e8:	68bb      	ldr	r3, [r7, #8]
    15ea:	4413      	add	r3, r2
    15ec:	3348      	adds	r3, #72	; 0x48
    15ee:	2202      	movs	r2, #2
    15f0:	701a      	strb	r2, [r3, #0]

            switch( eAction )
    15f2:	78fb      	ldrb	r3, [r7, #3]
    15f4:	2b04      	cmp	r3, #4
    15f6:	d841      	bhi.n	167c <xTaskGenericNotifyFromISR+0xec>
    15f8:	a201      	add	r2, pc, #4	; (adr r2, 1600 <xTaskGenericNotifyFromISR+0x70>)
    15fa:	f852 f023 	ldr.w	pc, [r2, r3, lsl #2]
    15fe:	bf00      	nop
    1600:	0000167d 	andeq	r1, r0, sp, ror r6
    1604:	00001615 	andeq	r1, r0, r5, lsl r6
    1608:	00001633 	andeq	r1, r0, r3, lsr r6
    160c:	0000164f 	andeq	r1, r0, pc, asr #12
    1610:	0000165f 	andeq	r1, r0, pc, asr r6
            {
                case eSetBits:
                    pxTCB->ulNotifiedValue[ uxIndexToNotify ] |= ulValue;
    1614:	6b3a      	ldr	r2, [r7, #48]	; 0x30
    1616:	68bb      	ldr	r3, [r7, #8]
    1618:	3310      	adds	r3, #16
    161a:	009b      	lsls	r3, r3, #2
    161c:	4413      	add	r3, r2
    161e:	685a      	ldr	r2, [r3, #4]
    1620:	687b      	ldr	r3, [r7, #4]
    1622:	431a      	orrs	r2, r3
    1624:	6b39      	ldr	r1, [r7, #48]	; 0x30
    1626:	68bb      	ldr	r3, [r7, #8]
    1628:	3310      	adds	r3, #16
    162a:	009b      	lsls	r3, r3, #2
    162c:	440b      	add	r3, r1
    162e:	605a      	str	r2, [r3, #4]
                    break;
    1630:	e025      	b.n	167e <xTaskGenericNotifyFromISR+0xee>

                case eIncrement:
                    ( pxTCB->ulNotifiedValue[ uxIndexToNotify ] )++;
    1632:	6b3a      	ldr	r2, [r7, #48]	; 0x30
    1634:	68bb      	ldr	r3, [r7, #8]
    1636:	3310      	adds	r3, #16
    1638:	009b      	lsls	r3, r3, #2
    163a:	4413      	add	r3, r2
    163c:	685b      	ldr	r3, [r3, #4]
    163e:	1c5a      	adds	r2, r3, #1
    1640:	6b39      	ldr	r1, [r7, #48]	; 0x30
    1642:	68bb      	ldr	r3, [r7, #8]
    1644:	3310      	adds	r3, #16
    1646:	009b      	lsls	r3, r3, #2
    1648:	440b      	add	r3, r1
    164a:	605a      	str	r2, [r3, #4]
                    break;
    164c:	e017      	b.n	167e <xTaskGenericNotifyFromISR+0xee>

                case eSetValueWithOverwrite:
                    pxTCB->ulNotifiedValue[ uxIndexToNotify ] = ulValue;
    164e:	6b3a      	ldr	r2, [r7, #48]	; 0x30
    1650:	68bb      	ldr	r3, [r7, #8]
    1652:	3310      	adds	r3, #16
    1654:	009b      	lsls	r3, r3, #2
    1656:	4413      	add	r3, r2
    1658:	687a      	ldr	r2, [r7, #4]
    165a:	605a      	str	r2, [r3, #4]
                    break;
    165c:	e00f      	b.n	167e <xTaskGenericNotifyFromISR+0xee>

                case eSetValueWithoutOverwrite:

                    if( ucOriginalNotifyState != taskNOTIFICATION_RECEIVED )
    165e:	f897 302b 	ldrb.w	r3, [r7, #43]	; 0x2b
    1662:	2b02      	cmp	r3, #2
    1664:	d007      	beq.n	1676 <xTaskGenericNotifyFromISR+0xe6>
                    {
                        pxTCB->ulNotifiedValue[ uxIndexToNotify ] = ulValue;
    1666:	6b3a      	ldr	r2, [r7, #48]	; 0x30
    1668:	68bb      	ldr	r3, [r7, #8]
    166a:	3310      	adds	r3, #16
    166c:	009b      	lsls	r3, r3, #2
    166e:	4413      	add	r3, r2
    1670:	687a      	ldr	r2, [r7, #4]
    1672:	605a      	str	r2, [r3, #4]
                    {
                        /* The value could not be written to the task. */
                        xReturn = pdFAIL;
                    }

                    break;
    1674:	e003      	b.n	167e <xTaskGenericNotifyFromISR+0xee>
                        xReturn = pdFAIL;
    1676:	2300      	movs	r3, #0
    1678:	637b      	str	r3, [r7, #52]	; 0x34
                    break;
    167a:	e000      	b.n	167e <xTaskGenericNotifyFromISR+0xee>

                    /* Should not get here if all enums are handled.
                     * Artificially force an assert by testing a value the
                     * compiler can't assume is const. */
                    configASSERT( xTickCount == ( TickType_t ) 0 );
                    break;
    167c:	bf00      	nop

            traceTASK_NOTIFY_FROM_ISR( uxIndexToNotify );

            /* If the task is in the blocked state specifically to wait for a
             * notification then unblock it now. */
            if( ucOriginalNotifyState == taskWAITING_NOTIFICATION )
    167e:	f897 302b 	ldrb.w	r3, [r7, #43]	; 0x2b
    1682:	2b01      	cmp	r3, #1
    1684:	f040 8091 	bne.w	17aa <xTaskGenericNotifyFromISR+0x21a>
            {
                /* The task should not have been on an event list. */
                configASSERT( listLIST_ITEM_CONTAINER( &( pxTCB->xEventListItem ) ) == NULL );

                if( uxSchedulerSuspended == ( UBaseType_t ) 0U )
    1688:	4b4e      	ldr	r3, [pc, #312]	; (17c4 <xTaskGenericNotifyFromISR+0x234>)
    168a:	681b      	ldr	r3, [r3, #0]
    168c:	2b00      	cmp	r3, #0
    168e:	d160      	bne.n	1752 <xTaskGenericNotifyFromISR+0x1c2>
                {
                    listREMOVE_ITEM( &( pxTCB->xStateListItem ) );
    1690:	6b3b      	ldr	r3, [r7, #48]	; 0x30
    1692:	695b      	ldr	r3, [r3, #20]
    1694:	623b      	str	r3, [r7, #32]
    1696:	6b3b      	ldr	r3, [r7, #48]	; 0x30
    1698:	689b      	ldr	r3, [r3, #8]
    169a:	6b3a      	ldr	r2, [r7, #48]	; 0x30
    169c:	68d2      	ldr	r2, [r2, #12]
    169e:	609a      	str	r2, [r3, #8]
    16a0:	6b3b      	ldr	r3, [r7, #48]	; 0x30
    16a2:	68db      	ldr	r3, [r3, #12]
    16a4:	6b3a      	ldr	r2, [r7, #48]	; 0x30
    16a6:	6892      	ldr	r2, [r2, #8]
    16a8:	605a      	str	r2, [r3, #4]
    16aa:	6a3b      	ldr	r3, [r7, #32]
    16ac:	685a      	ldr	r2, [r3, #4]
    16ae:	6b3b      	ldr	r3, [r7, #48]	; 0x30
    16b0:	3304      	adds	r3, #4
    16b2:	429a      	cmp	r2, r3
    16b4:	d103      	bne.n	16be <xTaskGenericNotifyFromISR+0x12e>
    16b6:	6b3b      	ldr	r3, [r7, #48]	; 0x30
    16b8:	68da      	ldr	r2, [r3, #12]
    16ba:	6a3b      	ldr	r3, [r7, #32]
    16bc:	605a      	str	r2, [r3, #4]
    16be:	6b3b      	ldr	r3, [r7, #48]	; 0x30
    16c0:	2200      	movs	r2, #0
    16c2:	615a      	str	r2, [r3, #20]
    16c4:	6a3b      	ldr	r3, [r7, #32]
    16c6:	681b      	ldr	r3, [r3, #0]
    16c8:	1e5a      	subs	r2, r3, #1
    16ca:	6a3b      	ldr	r3, [r7, #32]
    16cc:	601a      	str	r2, [r3, #0]
                    prvAddTaskToReadyList( pxTCB );
    16ce:	6b3b      	ldr	r3, [r7, #48]	; 0x30
    16d0:	6adb      	ldr	r3, [r3, #44]	; 0x2c
    16d2:	2201      	movs	r2, #1
    16d4:	409a      	lsls	r2, r3
    16d6:	4b3c      	ldr	r3, [pc, #240]	; (17c8 <xTaskGenericNotifyFromISR+0x238>)
    16d8:	681b      	ldr	r3, [r3, #0]
    16da:	4313      	orrs	r3, r2
    16dc:	4a3a      	ldr	r2, [pc, #232]	; (17c8 <xTaskGenericNotifyFromISR+0x238>)
    16de:	6013      	str	r3, [r2, #0]
    16e0:	6b3b      	ldr	r3, [r7, #48]	; 0x30
    16e2:	6ada      	ldr	r2, [r3, #44]	; 0x2c
    16e4:	4939      	ldr	r1, [pc, #228]	; (17cc <xTaskGenericNotifyFromISR+0x23c>)
    16e6:	4613      	mov	r3, r2
    16e8:	009b      	lsls	r3, r3, #2
    16ea:	4413      	add	r3, r2
    16ec:	009b      	lsls	r3, r3, #2
    16ee:	440b      	add	r3, r1
    16f0:	3304      	adds	r3, #4
    16f2:	681b      	ldr	r3, [r3, #0]
    16f4:	61fb      	str	r3, [r7, #28]
    16f6:	6b3b      	ldr	r3, [r7, #48]	; 0x30
    16f8:	69fa      	ldr	r2, [r7, #28]
    16fa:	609a      	str	r2, [r3, #8]
    16fc:	69fb      	ldr	r3, [r7, #28]
    16fe:	689a      	ldr	r2, [r3, #8]
    1700:	6b3b      	ldr	r3, [r7, #48]	; 0x30
    1702:	60da      	str	r2, [r3, #12]
    1704:	69fb      	ldr	r3, [r7, #28]
    1706:	689b      	ldr	r3, [r3, #8]
    1708:	6b3a      	ldr	r2, [r7, #48]	; 0x30
    170a:	3204      	adds	r2, #4
    170c:	605a      	str	r2, [r3, #4]
    170e:	6b3b      	ldr	r3, [r7, #48]	; 0x30
    1710:	1d1a      	adds	r2, r3, #4
    1712:	69fb      	ldr	r3, [r7, #28]
    1714:	609a      	str	r2, [r3, #8]
    1716:	6b3b      	ldr	r3, [r7, #48]	; 0x30
    1718:	6ada      	ldr	r2, [r3, #44]	; 0x2c
    171a:	4613      	mov	r3, r2
    171c:	009b      	lsls	r3, r3, #2
    171e:	4413      	add	r3, r2
    1720:	009b      	lsls	r3, r3, #2
    1722:	4a2a      	ldr	r2, [pc, #168]	; (17cc <xTaskGenericNotifyFromISR+0x23c>)
    1724:	441a      	add	r2, r3
    1726:	6b3b      	ldr	r3, [r7, #48]	; 0x30
    1728:	615a      	str	r2, [r3, #20]
    172a:	6b3b      	ldr	r3, [r7, #48]	; 0x30
    172c:	6ada      	ldr	r2, [r3, #44]	; 0x2c
    172e:	4927      	ldr	r1, [pc, #156]	; (17cc <xTaskGenericNotifyFromISR+0x23c>)
    1730:	4613      	mov	r3, r2
    1732:	009b      	lsls	r3, r3, #2
    1734:	4413      	add	r3, r2
    1736:	009b      	lsls	r3, r3, #2
    1738:	440b      	add	r3, r1
    173a:	681b      	ldr	r3, [r3, #0]
    173c:	6b3a      	ldr	r2, [r7, #48]	; 0x30
    173e:	6ad2      	ldr	r2, [r2, #44]	; 0x2c
    1740:	1c59      	adds	r1, r3, #1
    1742:	4822      	ldr	r0, [pc, #136]	; (17cc <xTaskGenericNotifyFromISR+0x23c>)
    1744:	4613      	mov	r3, r2
    1746:	009b      	lsls	r3, r3, #2
    1748:	4413      	add	r3, r2
    174a:	009b      	lsls	r3, r3, #2
    174c:	4403      	add	r3, r0
    174e:	6019      	str	r1, [r3, #0]
    1750:	e01b      	b.n	178a <xTaskGenericNotifyFromISR+0x1fa>
                }
                else
                {
                    /* The delayed and ready lists cannot be accessed, so hold
                     * this task pending until the scheduler is resumed. */
                    listINSERT_END( &( xPendingReadyList ), &( pxTCB->xEventListItem ) );
    1752:	4b1f      	ldr	r3, [pc, #124]	; (17d0 <xTaskGenericNotifyFromISR+0x240>)
    1754:	685b      	ldr	r3, [r3, #4]
    1756:	627b      	str	r3, [r7, #36]	; 0x24
    1758:	6b3b      	ldr	r3, [r7, #48]	; 0x30
    175a:	6a7a      	ldr	r2, [r7, #36]	; 0x24
    175c:	61da      	str	r2, [r3, #28]
    175e:	6a7b      	ldr	r3, [r7, #36]	; 0x24
    1760:	689a      	ldr	r2, [r3, #8]
    1762:	6b3b      	ldr	r3, [r7, #48]	; 0x30
    1764:	621a      	str	r2, [r3, #32]
    1766:	6a7b      	ldr	r3, [r7, #36]	; 0x24
    1768:	689b      	ldr	r3, [r3, #8]
    176a:	6b3a      	ldr	r2, [r7, #48]	; 0x30
    176c:	3218      	adds	r2, #24
    176e:	605a      	str	r2, [r3, #4]
    1770:	6b3b      	ldr	r3, [r7, #48]	; 0x30
    1772:	f103 0218 	add.w	r2, r3, #24
    1776:	6a7b      	ldr	r3, [r7, #36]	; 0x24
    1778:	609a      	str	r2, [r3, #8]
    177a:	6b3b      	ldr	r3, [r7, #48]	; 0x30
    177c:	4a14      	ldr	r2, [pc, #80]	; (17d0 <xTaskGenericNotifyFromISR+0x240>)
    177e:	629a      	str	r2, [r3, #40]	; 0x28
    1780:	4b13      	ldr	r3, [pc, #76]	; (17d0 <xTaskGenericNotifyFromISR+0x240>)
    1782:	681b      	ldr	r3, [r3, #0]
    1784:	3301      	adds	r3, #1
    1786:	4a12      	ldr	r2, [pc, #72]	; (17d0 <xTaskGenericNotifyFromISR+0x240>)
    1788:	6013      	str	r3, [r2, #0]
                }

                #if ( configNUMBER_OF_CORES == 1 )
                {
                    if( pxTCB->uxPriority > pxCurrentTCB->uxPriority )
    178a:	6b3b      	ldr	r3, [r7, #48]	; 0x30
    178c:	6ada      	ldr	r2, [r3, #44]	; 0x2c
    178e:	4b11      	ldr	r3, [pc, #68]	; (17d4 <xTaskGenericNotifyFromISR+0x244>)
    1790:	681b      	ldr	r3, [r3, #0]
    1792:	6adb      	ldr	r3, [r3, #44]	; 0x2c
    1794:	429a      	cmp	r2, r3
    1796:	d908      	bls.n	17aa <xTaskGenericNotifyFromISR+0x21a>
                    {
                        /* The notified task has a priority above the currently
                         * executing task so a yield is required. */
                        if( pxHigherPriorityTaskWoken != NULL )
    1798:	6c7b      	ldr	r3, [r7, #68]	; 0x44
    179a:	2b00      	cmp	r3, #0
    179c:	d002      	beq.n	17a4 <xTaskGenericNotifyFromISR+0x214>
                        {
                            *pxHigherPriorityTaskWoken = pdTRUE;
    179e:	6c7b      	ldr	r3, [r7, #68]	; 0x44
    17a0:	2201      	movs	r2, #1
    17a2:	601a      	str	r2, [r3, #0]
                        }

                        /* Mark that a yield is pending in case the user is not
                         * using the "xHigherPriorityTaskWoken" parameter to an ISR
                         * safe FreeRTOS function. */
                        xYieldPendings[ 0 ] = pdTRUE;
    17a4:	4b0c      	ldr	r3, [pc, #48]	; (17d8 <xTaskGenericNotifyFromISR+0x248>)
    17a6:	2201      	movs	r2, #1
    17a8:	601a      	str	r2, [r3, #0]
    17aa:	6afb      	ldr	r3, [r7, #44]	; 0x2c
    17ac:	613b      	str	r3, [r7, #16]
}
/*-----------------------------------------------------------*/

portFORCE_INLINE static void vPortSetBASEPRI( uint32_t ulNewMaskValue )
{
    __asm volatile
    17ae:	693b      	ldr	r3, [r7, #16]
    17b0:	f383 8811 	msr	BASEPRI, r3
    (
        "   msr basepri, %0 " ::"r" ( ulNewMaskValue ) : "memory"
    );
}
    17b4:	bf00      	nop
        }
        taskEXIT_CRITICAL_FROM_ISR( uxSavedInterruptStatus );

        traceRETURN_xTaskGenericNotifyFromISR( xReturn );

        return xReturn;
    17b6:	6b7b      	ldr	r3, [r7, #52]	; 0x34
    }
    17b8:	4618      	mov	r0, r3
    17ba:	373c      	adds	r7, #60	; 0x3c
    17bc:	46bd      	mov	sp, r7
    17be:	bc80      	pop	{r7}
    17c0:	4770      	bx	lr
    17c2:	bf00      	nop
    17c4:	200000dc 	ldrdcs	r0, [r0], -ip
    17c8:	200000bc 	strhcs	r0, [r0], -ip
    17cc:	2000000c 	andcs	r0, r0, ip
    17d0:	200000a0 	andcs	r0, r0, r0, lsr #1
    17d4:	20000008 	andcs	r0, r0, r8
    17d8:	200000c8 	andcs	r0, r0, r8, asr #1

000017dc <vTaskGenericNotifyGiveFromISR>:
#if ( configUSE_TASK_NOTIFICATIONS == 1 )

    void vTaskGenericNotifyGiveFromISR( TaskHandle_t xTaskToNotify,
                                        UBaseType_t uxIndexToNotify,
                                        BaseType_t * pxHigherPriorityTaskWoken )
    {
    17dc:	b480      	push	{r7}
    17de:	b08f      	sub	sp, #60	; 0x3c
    17e0:	af00      	add	r7, sp, #0
    17e2:	60f8      	str	r0, [r7, #12]
    17e4:	60b9      	str	r1, [r7, #8]
    17e6:	607a      	str	r2, [r7, #4]
         * simple as possible.  More information (albeit Cortex-M specific) is
         * provided on the following link:
         * https://www.FreeRTOS.org/RTOS-Cortex-M3-M4.html */
        portASSERT_IF_INTERRUPT_PRIORITY_INVALID();

        pxTCB = xTaskToNotify;
    17e8:	68fb      	ldr	r3, [r7, #12]
    17ea:	637b      	str	r3, [r7, #52]	; 0x34
    __asm volatile
    17ec:	f3ef 8211 	mrs	r2, BASEPRI
    17f0:	f04f 0301 	mov.w	r3, #1
    17f4:	f383 8811 	msr	BASEPRI, r3
    17f8:	f3bf 8f6f 	isb	sy
    17fc:	f3bf 8f4f 	dsb	sy
    1800:	61fa      	str	r2, [r7, #28]
    1802:	61bb      	str	r3, [r7, #24]
    return ulOriginalBASEPRI;
    1804:	69fb      	ldr	r3, [r7, #28]

        /* MISRA Ref 4.7.1 [Return value shall be checked] */
        /* More details at: https://github.com/FreeRTOS/FreeRTOS-Kernel/blob/main/MISRA.md#dir-47 */
        /* coverity[misra_c_2012_directive_4_7_violation] */
        uxSavedInterruptStatus = ( UBaseType_t ) taskENTER_CRITICAL_FROM_ISR();
    1806:	633b      	str	r3, [r7, #48]	; 0x30
        {
            ucOriginalNotifyState = pxTCB->ucNotifyState[ uxIndexToNotify ];
    1808:	6b7a      	ldr	r2, [r7, #52]	; 0x34
    180a:	68bb      	ldr	r3, [r7, #8]
    180c:	4413      	add	r3, r2
    180e:	3348      	adds	r3, #72	; 0x48
    1810:	781b      	ldrb	r3, [r3, #0]
    1812:	f887 302f 	strb.w	r3, [r7, #47]	; 0x2f
            pxTCB->ucNotifyState[ uxIndexToNotify ] = taskNOTIFICATION_RECEIVED;
    1816:	6b7a      	ldr	r2, [r7, #52]	; 0x34
    1818:	68bb      	ldr	r3, [r7, #8]
    181a:	4413      	add	r3, r2
    181c:	3348      	adds	r3, #72	; 0x48
    181e:	2202      	movs	r2, #2
    1820:	701a      	strb	r2, [r3, #0]

            /* 'Giving' is equivalent to incrementing a count in a counting
             * semaphore. */
            ( pxTCB->ulNotifiedValue[ uxIndexToNotify ] )++;
    1822:	6b7a      	ldr	r2, [r7, #52]	; 0x34
    1824:	68bb      	ldr	r3, [r7, #8]
    1826:	3310      	adds	r3, #16
    1828:	009b      	lsls	r3, r3, #2
    182a:	4413      	add	r3, r2
    182c:	685b      	ldr	r3, [r3, #4]
    182e:	1c5a      	adds	r2, r3, #1
    1830:	6b79      	ldr	r1, [r7, #52]	; 0x34
    1832:	68bb      	ldr	r3, [r7, #8]
    1834:	3310      	adds	r3, #16
    1836:	009b      	lsls	r3, r3, #2
    1838:	440b      	add	r3, r1
    183a:	605a      	str	r2, [r3, #4]

            traceTASK_NOTIFY_GIVE_FROM_ISR( uxIndexToNotify );

            /* If the task is in the blocked state specifically to wait for a
             * notification then unblock it now. */
            if( ucOriginalNotifyState == taskWAITING_NOTIFICATION )
    183c:	f897 302f 	ldrb.w	r3, [r7, #47]	; 0x2f
    1840:	2b01      	cmp	r3, #1
    1842:	f040 8091 	bne.w	1968 <vTaskGenericNotifyGiveFromISR+0x18c>
            {
                /* The task should not have been on an event list. */
                configASSERT( listLIST_ITEM_CONTAINER( &( pxTCB->xEventListItem ) ) == NULL );

                if( uxSchedulerSuspended == ( UBaseType_t ) 0U )
    1846:	4b4e      	ldr	r3, [pc, #312]	; (1980 <vTaskGenericNotifyGiveFromISR+0x1a4>)
    1848:	681b      	ldr	r3, [r3, #0]
    184a:	2b00      	cmp	r3, #0
    184c:	d160      	bne.n	1910 <vTaskGenericNotifyGiveFromISR+0x134>
                {
                    listREMOVE_ITEM( &( pxTCB->xStateListItem ) );
    184e:	6b7b      	ldr	r3, [r7, #52]	; 0x34
    1850:	695b      	ldr	r3, [r3, #20]
    1852:	627b      	str	r3, [r7, #36]	; 0x24
    1854:	6b7b      	ldr	r3, [r7, #52]	; 0x34
    1856:	689b      	ldr	r3, [r3, #8]
    1858:	6b7a      	ldr	r2, [r7, #52]	; 0x34
    185a:	68d2      	ldr	r2, [r2, #12]
    185c:	609a      	str	r2, [r3, #8]
    185e:	6b7b      	ldr	r3, [r7, #52]	; 0x34
    1860:	68db      	ldr	r3, [r3, #12]
    1862:	6b7a      	ldr	r2, [r7, #52]	; 0x34
    1864:	6892      	ldr	r2, [r2, #8]
    1866:	605a      	str	r2, [r3, #4]
    1868:	6a7b      	ldr	r3, [r7, #36]	; 0x24
    186a:	685a      	ldr	r2, [r3, #4]
    186c:	6b7b      	ldr	r3, [r7, #52]	; 0x34
    186e:	3304      	adds	r3, #4
    1870:	429a      	cmp	r2, r3
    1872:	d103      	bne.n	187c <vTaskGenericNotifyGiveFromISR+0xa0>
    1874:	6b7b      	ldr	r3, [r7, #52]	; 0x34
    1876:	68da      	ldr	r2, [r3, #12]
    1878:	6a7b      	ldr	r3, [r7, #36]	; 0x24
    187a:	605a      	str	r2, [r3, #4]
    187c:	6b7b      	ldr	r3, [r7, #52]	; 0x34
    187e:	2200      	movs	r2, #0
    1880:	615a      	str	r2, [r3, #20]
    1882:	6a7b      	ldr	r3, [r7, #36]	; 0x24
    1884:	681b      	ldr	r3, [r3, #0]
    1886:	1e5a      	subs	r2, r3, #1
    1888:	6a7b      	ldr	r3, [r7, #36]	; 0x24
    188a:	601a      	str	r2, [r3, #0]
                    prvAddTaskToReadyList( pxTCB );
    188c:	6b7b      	ldr	r3, [r7, #52]	; 0x34
    188e:	6adb      	ldr	r3, [r3, #44]	; 0x2c
    1890:	2201      	movs	r2, #1
    1892:	409a      	lsls	r2, r3
    1894:	4b3b      	ldr	r3, [pc, #236]	; (1984 <vTaskGenericNotifyGiveFromISR+0x1a8>)
    1896:	681b      	ldr	r3, [r3, #0]
    1898:	4313      	orrs	r3, r2
    189a:	4a3a      	ldr	r2, [pc, #232]	; (1984 <vTaskGenericNotifyGiveFromISR+0x1a8>)
    189c:	6013      	str	r3, [r2, #0]
    189e:	6b7b      	ldr	r3, [r7, #52]	; 0x34
    18a0:	6ada      	ldr	r2, [r3, #44]	; 0x2c
    18a2:	4939      	ldr	r1, [pc, #228]	; (1988 <vTaskGenericNotifyGiveFromISR+0x1ac>)
    18a4:	4613      	mov	r3, r2
    18a6:	009b      	lsls	r3, r3, #2
    18a8:	4413      	add	r3, r2
    18aa:	009b      	lsls	r3, r3, #2
    18ac:	440b      	add	r3, r1
    18ae:	3304      	adds	r3, #4
    18b0:	681b      	ldr	r3, [r3, #0]
    18b2:	623b      	str	r3, [r7, #32]
    18b4:	6b7b      	ldr	r3, [r7, #52]	; 0x34
    18b6:	6a3a      	ldr	r2, [r7, #32]
    18b8:	609a      	str	r2, [r3, #8]
    18ba:	6a3b      	ldr	r3, [r7, #32]
    18bc:	689a      	ldr	r2, [r3, #8]
    18be:	6b7b      	ldr	r3, [r7, #52]	; 0x34
    18c0:	60da      	str	r2, [r3, #12]
    18c2:	6a3b      	ldr	r3, [r7, #32]
    18c4:	689b      	ldr	r3, [r3, #8]
    18c6:	6b7a      	ldr	r2, [r7, #52]	; 0x34
    18c8:	3204      	adds	r2, #4
    18ca:	605a      	str	r2, [r3, #4]
    18cc:	6b7b      	ldr	r3, [r7, #52]	; 0x34
    18ce:	1d1a      	adds	r2, r3, #4
    18d0:	6a3b      	ldr	r3, [r7, #32]
    18d2:	609a      	str	r2, [r3, #8]
    18d4:	6b7b      	ldr	r3, [r7, #52]	; 0x34
    18d6:	6ada      	ldr	r2, [r3, #44]	; 0x2c
    18d8:	4613      	mov	r3, r2
    18da:	009b      	lsls	r3, r3, #2
    18dc:	4413      	add	r3, r2
    18de:	009b      	lsls	r3, r3, #2
    18e0:	4a29      	ldr	r2, [pc, #164]	; (1988 <vTaskGenericNotifyGiveFromISR+0x1ac>)
    18e2:	441a      	add	r2, r3
    18e4:	6b7b      	ldr	r3, [r7, #52]	; 0x34
    18e6:	615a      	str	r2, [r3, #20]
    18e8:	6b7b      	ldr	r3, [r7, #52]	; 0x34
    18ea:	6ada      	ldr	r2, [r3, #44]	; 0x2c
    18ec:	4926      	ldr	r1, [pc, #152]	; (1988 <vTaskGenericNotifyGiveFromISR+0x1ac>)
    18ee:	4613      	mov	r3, r2
    18f0:	009b      	lsls	r3, r3, #2
    18f2:	4413      	add	r3, r2
    18f4:	009b      	lsls	r3, r3, #2
    18f6:	440b      	add	r3, r1
    18f8:	681b      	ldr	r3, [r3, #0]
    18fa:	6b7a      	ldr	r2, [r7, #52]	; 0x34
    18fc:	6ad2      	ldr	r2, [r2, #44]	; 0x2c
    18fe:	1c59      	adds	r1, r3, #1
    1900:	4821      	ldr	r0, [pc, #132]	; (1988 <vTaskGenericNotifyGiveFromISR+0x1ac>)
    1902:	4613      	mov	r3, r2
    1904:	009b      	lsls	r3, r3, #2
    1906:	4413      	add	r3, r2
    1908:	009b      	lsls	r3, r3, #2
    190a:	4403      	add	r3, r0
    190c:	6019      	str	r1, [r3, #0]
    190e:	e01b      	b.n	1948 <vTaskGenericNotifyGiveFromISR+0x16c>
                }
                else
                {
                    /* The delayed and ready lists cannot be accessed, so hold
                     * this task pending until the scheduler is resumed. */
                    listINSERT_END( &( xPendingReadyList ), &( pxTCB->xEventListItem ) );
    1910:	4b1e      	ldr	r3, [pc, #120]	; (198c <vTaskGenericNotifyGiveFromISR+0x1b0>)
    1912:	685b      	ldr	r3, [r3, #4]
    1914:	62bb      	str	r3, [r7, #40]	; 0x28
    1916:	6b7b      	ldr	r3, [r7, #52]	; 0x34
    1918:	6aba      	ldr	r2, [r7, #40]	; 0x28
    191a:	61da      	str	r2, [r3, #28]
    191c:	6abb      	ldr	r3, [r7, #40]	; 0x28
    191e:	689a      	ldr	r2, [r3, #8]
    1920:	6b7b      	ldr	r3, [r7, #52]	; 0x34
    1922:	621a      	str	r2, [r3, #32]
    1924:	6abb      	ldr	r3, [r7, #40]	; 0x28
    1926:	689b      	ldr	r3, [r3, #8]
    1928:	6b7a      	ldr	r2, [r7, #52]	; 0x34
    192a:	3218      	adds	r2, #24
    192c:	605a      	str	r2, [r3, #4]
    192e:	6b7b      	ldr	r3, [r7, #52]	; 0x34
    1930:	f103 0218 	add.w	r2, r3, #24
    1934:	6abb      	ldr	r3, [r7, #40]	; 0x28
    1936:	609a      	str	r2, [r3, #8]
    1938:	6b7b      	ldr	r3, [r7, #52]	; 0x34
    193a:	4a14      	ldr	r2, [pc, #80]	; (198c <vTaskGenericNotifyGiveFromISR+0x1b0>)
    193c:	629a      	str	r2, [r3, #40]	; 0x28
    193e:	4b13      	ldr	r3, [pc, #76]	; (198c <vTaskGenericNotifyGiveFromISR+0x1b0>)
    1940:	681b      	ldr	r3, [r3, #0]
    1942:	3301      	adds	r3, #1
    1944:	4a11      	ldr	r2, [pc, #68]	; (198c <vTaskGenericNotifyGiveFromISR+0x1b0>)
    1946:	6013      	str	r3, [r2, #0]
                }

                #if ( configNUMBER_OF_CORES == 1 )
                {
                    if( pxTCB->uxPriority > pxCurrentTCB->uxPriority )
    1948:	6b7b      	ldr	r3, [r7, #52]	; 0x34
    194a:	6ada      	ldr	r2, [r3, #44]	; 0x2c
    194c:	4b10      	ldr	r3, [pc, #64]	; (1990 <vTaskGenericNotifyGiveFromISR+0x1b4>)
    194e:	681b      	ldr	r3, [r3, #0]
    1950:	6adb      	ldr	r3, [r3, #44]	; 0x2c
    1952:	429a      	cmp	r2, r3
    1954:	d908      	bls.n	1968 <vTaskGenericNotifyGiveFromISR+0x18c>
                    {
                        /* The notified task has a priority above the currently
                         * executing task so a yield is required. */
                        if( pxHigherPriorityTaskWoken != NULL )
    1956:	687b      	ldr	r3, [r7, #4]
    1958:	2b00      	cmp	r3, #0
    195a:	d002      	beq.n	1962 <vTaskGenericNotifyGiveFromISR+0x186>
                        {
                            *pxHigherPriorityTaskWoken = pdTRUE;
    195c:	687b      	ldr	r3, [r7, #4]
    195e:	2201      	movs	r2, #1
    1960:	601a      	str	r2, [r3, #0]
                        }

                        /* Mark that a yield is pending in case the user is not
                         * using the "xHigherPriorityTaskWoken" parameter in an ISR
                         * safe FreeRTOS function. */
                        xYieldPendings[ 0 ] = pdTRUE;
    1962:	4b0c      	ldr	r3, [pc, #48]	; (1994 <vTaskGenericNotifyGiveFromISR+0x1b8>)
    1964:	2201      	movs	r2, #1
    1966:	601a      	str	r2, [r3, #0]
    1968:	6b3b      	ldr	r3, [r7, #48]	; 0x30
    196a:	617b      	str	r3, [r7, #20]
    __asm volatile
    196c:	697b      	ldr	r3, [r7, #20]
    196e:	f383 8811 	msr	BASEPRI, r3
}
    1972:	bf00      	nop
            }
        }
        taskEXIT_CRITICAL_FROM_ISR( uxSavedInterruptStatus );

        traceRETURN_vTaskGenericNotifyGiveFromISR();
    }
    1974:	bf00      	nop
    1976:	373c      	adds	r7, #60	; 0x3c
    1978:	46bd      	mov	sp, r7
    197a:	bc80      	pop	{r7}
    197c:	4770      	bx	lr
    197e:	bf00      	nop
    1980:	200000dc 	ldrdcs	r0, [r0], -ip
    1984:	200000bc 	strhcs	r0, [r0], -ip
    1988:	2000000c 	andcs	r0, r0, ip
    198c:	200000a0 	andcs	r0, r0, r0, lsr #1
    1990:	20000008 	andcs	r0, r0, r8
    1994:	200000c8 	andcs	r0, r0, r8, asr #1

00001998 <xTaskGenericNotifyStateClear>:

#if ( configUSE_TASK_NOTIFICATIONS == 1 )

    BaseType_t xTaskGenericNotifyStateClear( TaskHandle_t xTask,
                                             UBaseType_t uxIndexToClear )
    {
    1998:	b580      	push	{r7, lr}
    199a:	b084      	sub	sp, #16
    199c:	af00      	add	r7, sp, #0
    199e:	6078      	str	r0, [r7, #4]
    19a0:	6039      	str	r1, [r7, #0]

        configASSERT( uxIndexToClear < configTASK_NOTIFICATION_ARRAY_ENTRIES );

        /* If null is passed in here then it is the calling task that is having
         * its notification state cleared. */
        pxTCB = prvGetTCBFromHandle( xTask );
    19a2:	687b      	ldr	r3, [r7, #4]
    19a4:	2b00      	cmp	r3, #0
    19a6:	d102      	bne.n	19ae <xTaskGenericNotifyStateClear+0x16>
    19a8:	4b10      	ldr	r3, [pc, #64]	; (19ec <xTaskGenericNotifyStateClear+0x54>)
    19aa:	681b      	ldr	r3, [r3, #0]
    19ac:	e000      	b.n	19b0 <xTaskGenericNotifyStateClear+0x18>
    19ae:	687b      	ldr	r3, [r7, #4]
    19b0:	60bb      	str	r3, [r7, #8]
        configASSERT( pxTCB != NULL );

        taskENTER_CRITICAL();
    19b2:	f000 fcb1 	bl	2318 <vPortEnterCritical>
        {
            if( pxTCB->ucNotifyState[ uxIndexToClear ] == taskNOTIFICATION_RECEIVED )
    19b6:	68ba      	ldr	r2, [r7, #8]
    19b8:	683b      	ldr	r3, [r7, #0]
    19ba:	4413      	add	r3, r2
    19bc:	3348      	adds	r3, #72	; 0x48
    19be:	781b      	ldrb	r3, [r3, #0]
    19c0:	b2db      	uxtb	r3, r3
    19c2:	2b02      	cmp	r3, #2
    19c4:	d108      	bne.n	19d8 <xTaskGenericNotifyStateClear+0x40>
            {
                pxTCB->ucNotifyState[ uxIndexToClear ] = taskNOT_WAITING_NOTIFICATION;
    19c6:	68ba      	ldr	r2, [r7, #8]
    19c8:	683b      	ldr	r3, [r7, #0]
    19ca:	4413      	add	r3, r2
    19cc:	3348      	adds	r3, #72	; 0x48
    19ce:	2200      	movs	r2, #0
    19d0:	701a      	strb	r2, [r3, #0]
                xReturn = pdPASS;
    19d2:	2301      	movs	r3, #1
    19d4:	60fb      	str	r3, [r7, #12]
    19d6:	e001      	b.n	19dc <xTaskGenericNotifyStateClear+0x44>
            }
            else
            {
                xReturn = pdFAIL;
    19d8:	2300      	movs	r3, #0
    19da:	60fb      	str	r3, [r7, #12]
            }
        }
        taskEXIT_CRITICAL();
    19dc:	f000 fcb6 	bl	234c <vPortExitCritical>

        traceRETURN_xTaskGenericNotifyStateClear( xReturn );

        return xReturn;
    19e0:	68fb      	ldr	r3, [r7, #12]
    }
    19e2:	4618      	mov	r0, r3
    19e4:	3710      	adds	r7, #16
    19e6:	46bd      	mov	sp, r7
    19e8:	bd80      	pop	{r7, pc}
    19ea:	bf00      	nop
    19ec:	20000008 	andcs	r0, r0, r8

000019f0 <ulTaskGenericNotifyValueClear>:
#if ( configUSE_TASK_NOTIFICATIONS == 1 )

    uint32_t ulTaskGenericNotifyValueClear( TaskHandle_t xTask,
                                            UBaseType_t uxIndexToClear,
                                            uint32_t ulBitsToClear )
    {
    19f0:	b580      	push	{r7, lr}
    19f2:	b086      	sub	sp, #24
    19f4:	af00      	add	r7, sp, #0
    19f6:	60f8      	str	r0, [r7, #12]
    19f8:	60b9      	str	r1, [r7, #8]
    19fa:	607a      	str	r2, [r7, #4]

        configASSERT( uxIndexToClear < configTASK_NOTIFICATION_ARRAY_ENTRIES );

        /* If null is passed in here then it is the calling task that is having
         * its notification state cleared. */
        pxTCB = prvGetTCBFromHandle( xTask );
    19fc:	68fb      	ldr	r3, [r7, #12]
    19fe:	2b00      	cmp	r3, #0
    1a00:	d102      	bne.n	1a08 <ulTaskGenericNotifyValueClear+0x18>
    1a02:	4b12      	ldr	r3, [pc, #72]	; (1a4c <ulTaskGenericNotifyValueClear+0x5c>)
    1a04:	681b      	ldr	r3, [r3, #0]
    1a06:	e000      	b.n	1a0a <ulTaskGenericNotifyValueClear+0x1a>
    1a08:	68fb      	ldr	r3, [r7, #12]
    1a0a:	617b      	str	r3, [r7, #20]
        configASSERT( pxTCB != NULL );

        taskENTER_CRITICAL();
    1a0c:	f000 fc84 	bl	2318 <vPortEnterCritical>
        {
            /* Return the notification as it was before the bits were cleared,
             * then clear the bit mask. */
            ulReturn = pxTCB->ulNotifiedValue[ uxIndexToClear ];
    1a10:	697a      	ldr	r2, [r7, #20]
    1a12:	68bb      	ldr	r3, [r7, #8]
    1a14:	3310      	adds	r3, #16
    1a16:	009b      	lsls	r3, r3, #2
    1a18:	4413      	add	r3, r2
    1a1a:	685b      	ldr	r3, [r3, #4]
    1a1c:	613b      	str	r3, [r7, #16]
            pxTCB->ulNotifiedValue[ uxIndexToClear ] &= ~ulBitsToClear;
    1a1e:	697a      	ldr	r2, [r7, #20]
    1a20:	68bb      	ldr	r3, [r7, #8]
    1a22:	3310      	adds	r3, #16
    1a24:	009b      	lsls	r3, r3, #2
    1a26:	4413      	add	r3, r2
    1a28:	685a      	ldr	r2, [r3, #4]
    1a2a:	687b      	ldr	r3, [r7, #4]
    1a2c:	43db      	mvns	r3, r3
    1a2e:	401a      	ands	r2, r3
    1a30:	6979      	ldr	r1, [r7, #20]
    1a32:	68bb      	ldr	r3, [r7, #8]
    1a34:	3310      	adds	r3, #16
    1a36:	009b      	lsls	r3, r3, #2
    1a38:	440b      	add	r3, r1
    1a3a:	605a      	str	r2, [r3, #4]
        }
        taskEXIT_CRITICAL();
    1a3c:	f000 fc86 	bl	234c <vPortExitCritical>

        traceRETURN_ulTaskGenericNotifyValueClear( ulReturn );

        return ulReturn;
    1a40:	693b      	ldr	r3, [r7, #16]
    }
    1a42:	4618      	mov	r0, r3
    1a44:	3718      	adds	r7, #24
    1a46:	46bd      	mov	sp, r7
    1a48:	bd80      	pop	{r7, pc}
    1a4a:	bf00      	nop
    1a4c:	20000008 	andcs	r0, r0, r8

00001a50 <prvAddCurrentTaskToDelayedList>:
#endif /* if ( ( configGENERATE_RUN_TIME_STATS == 1 ) && ( INCLUDE_xTaskGetIdleTaskHandle == 1 ) ) */
/*-----------------------------------------------------------*/

STATIC void prvAddCurrentTaskToDelayedList( TickType_t xTicksToWait,
                                            const BaseType_t xCanBlockIndefinitely )
{
    1a50:	b580      	push	{r7, lr}
    1a52:	b086      	sub	sp, #24
    1a54:	af00      	add	r7, sp, #0
    1a56:	6078      	str	r0, [r7, #4]
    1a58:	6039      	str	r1, [r7, #0]
    TickType_t xTimeToWake;
    const TickType_t xConstTickCount = xTickCount;
    1a5a:	4b22      	ldr	r3, [pc, #136]	; (1ae4 <prvAddCurrentTaskToDelayedList+0x94>)
    1a5c:	681b      	ldr	r3, [r3, #0]
    1a5e:	617b      	str	r3, [r7, #20]
    List_t * const pxDelayedList = pxDelayedTaskList;
    1a60:	4b21      	ldr	r3, [pc, #132]	; (1ae8 <prvAddCurrentTaskToDelayedList+0x98>)
    1a62:	681b      	ldr	r3, [r3, #0]
    1a64:	613b      	str	r3, [r7, #16]
    List_t * const pxOverflowDelayedList = pxOverflowDelayedTaskList;
    1a66:	4b21      	ldr	r3, [pc, #132]	; (1aec <prvAddCurrentTaskToDelayedList+0x9c>)
    1a68:	681b      	ldr	r3, [r3, #0]
    1a6a:	60fb      	str	r3, [r7, #12]
    }
    #endif

    /* Remove the task from the ready list before adding it to the blocked list
     * as the same list item is used for both lists. */
    if( uxListRemove( &( pxCurrentTCB->xStateListItem ) ) == ( UBaseType_t ) 0 )
    1a6c:	4b20      	ldr	r3, [pc, #128]	; (1af0 <prvAddCurrentTaskToDelayedList+0xa0>)
    1a6e:	681b      	ldr	r3, [r3, #0]
    1a70:	3304      	adds	r3, #4
    1a72:	4618      	mov	r0, r3
    1a74:	f000 f912 	bl	1c9c <uxListRemove>
    1a78:	4603      	mov	r3, r0
    1a7a:	2b00      	cmp	r3, #0
    1a7c:	d10b      	bne.n	1a96 <prvAddCurrentTaskToDelayedList+0x46>
    {
        /* The current task must be in a ready list, so there is no need to
         * check, and the port reset macro can be called directly. */
        portRESET_READY_PRIORITY( pxCurrentTCB->uxPriority, uxTopReadyPriority );
    1a7e:	4b1c      	ldr	r3, [pc, #112]	; (1af0 <prvAddCurrentTaskToDelayedList+0xa0>)
    1a80:	681b      	ldr	r3, [r3, #0]
    1a82:	6adb      	ldr	r3, [r3, #44]	; 0x2c
    1a84:	2201      	movs	r2, #1
    1a86:	fa02 f303 	lsl.w	r3, r2, r3
    1a8a:	43da      	mvns	r2, r3
    1a8c:	4b19      	ldr	r3, [pc, #100]	; (1af4 <prvAddCurrentTaskToDelayedList+0xa4>)
    1a8e:	681b      	ldr	r3, [r3, #0]
    1a90:	4013      	ands	r3, r2
    1a92:	4a18      	ldr	r2, [pc, #96]	; (1af4 <prvAddCurrentTaskToDelayedList+0xa4>)
    1a94:	6013      	str	r3, [r2, #0]
    #else /* INCLUDE_vTaskSuspend */
    {
        /* Calculate the time at which the task should be woken if the event
         * does not occur.  This may overflow but this doesn't matter, the kernel
         * will manage it correctly. */
        xTimeToWake = xConstTickCount + xTicksToWait;
    1a96:	697a      	ldr	r2, [r7, #20]
    1a98:	687b      	ldr	r3, [r7, #4]
    1a9a:	4413      	add	r3, r2
    1a9c:	60bb      	str	r3, [r7, #8]

        /* The list item will be inserted in wake time order. */
        listSET_LIST_ITEM_VALUE( &( pxCurrentTCB->xStateListItem ), xTimeToWake );
    1a9e:	4b14      	ldr	r3, [pc, #80]	; (1af0 <prvAddCurrentTaskToDelayedList+0xa0>)
    1aa0:	681b      	ldr	r3, [r3, #0]
    1aa2:	68ba      	ldr	r2, [r7, #8]
    1aa4:	605a      	str	r2, [r3, #4]

        if( xTimeToWake < xConstTickCount )
    1aa6:	68ba      	ldr	r2, [r7, #8]
    1aa8:	697b      	ldr	r3, [r7, #20]
    1aaa:	429a      	cmp	r2, r3
    1aac:	d207      	bcs.n	1abe <prvAddCurrentTaskToDelayedList+0x6e>
        {
            traceMOVED_TASK_TO_OVERFLOW_DELAYED_LIST();
            /* Wake time has overflowed.  Place this item in the overflow list. */
            vListInsert( pxOverflowDelayedList, &( pxCurrentTCB->xStateListItem ) );
    1aae:	4b10      	ldr	r3, [pc, #64]	; (1af0 <prvAddCurrentTaskToDelayedList+0xa0>)
    1ab0:	681b      	ldr	r3, [r3, #0]
    1ab2:	3304      	adds	r3, #4
    1ab4:	4619      	mov	r1, r3
    1ab6:	68f8      	ldr	r0, [r7, #12]
    1ab8:	f000 f8b8 	bl	1c2c <vListInsert>

        /* Avoid compiler warning when INCLUDE_vTaskSuspend is not 1. */
        ( void ) xCanBlockIndefinitely;
    }
    #endif /* INCLUDE_vTaskSuspend */
}
    1abc:	e00e      	b.n	1adc <prvAddCurrentTaskToDelayedList+0x8c>
            vListInsert( pxDelayedList, &( pxCurrentTCB->xStateListItem ) );
    1abe:	4b0c      	ldr	r3, [pc, #48]	; (1af0 <prvAddCurrentTaskToDelayedList+0xa0>)
    1ac0:	681b      	ldr	r3, [r3, #0]
    1ac2:	3304      	adds	r3, #4
    1ac4:	4619      	mov	r1, r3
    1ac6:	6938      	ldr	r0, [r7, #16]
    1ac8:	f000 f8b0 	bl	1c2c <vListInsert>
            if( xTimeToWake < xNextTaskUnblockTime )
    1acc:	4b0a      	ldr	r3, [pc, #40]	; (1af8 <prvAddCurrentTaskToDelayedList+0xa8>)
    1ace:	681b      	ldr	r3, [r3, #0]
    1ad0:	68ba      	ldr	r2, [r7, #8]
    1ad2:	429a      	cmp	r2, r3
    1ad4:	d202      	bcs.n	1adc <prvAddCurrentTaskToDelayedList+0x8c>
                xNextTaskUnblockTime = xTimeToWake;
    1ad6:	4a08      	ldr	r2, [pc, #32]	; (1af8 <prvAddCurrentTaskToDelayedList+0xa8>)
    1ad8:	68bb      	ldr	r3, [r7, #8]
    1ada:	6013      	str	r3, [r2, #0]
}
    1adc:	bf00      	nop
    1ade:	3718      	adds	r7, #24
    1ae0:	46bd      	mov	sp, r7
    1ae2:	bd80      	pop	{r7, pc}
    1ae4:	200000b8 	strhcs	r0, [r0], -r8
    1ae8:	20000098 	mulcs	r0, r8, r0
    1aec:	2000009c 	mulcs	r0, ip, r0
    1af0:	20000008 	andcs	r0, r0, r8
    1af4:	200000bc 	strhcs	r0, [r0], -ip
    1af8:	200000d4 	ldrdcs	r0, [r0], -r4

00001afc <vTaskResetState>:
 * Reset the state in this file. This state is normally initialized at start up.
 * This function must be called by the application before restarting the
 * scheduler.
 */
void vTaskResetState( void )
{
    1afc:	b480      	push	{r7}
    1afe:	b083      	sub	sp, #12
    1b00:	af00      	add	r7, sp, #0
    BaseType_t xCoreID;

    /* Task control block. */
    #if ( configNUMBER_OF_CORES == 1 )
    {
        pxCurrentTCB = NULL;
    1b02:	4b18      	ldr	r3, [pc, #96]	; (1b64 <vTaskResetState+0x68>)
    1b04:	2200      	movs	r2, #0
    1b06:	601a      	str	r2, [r3, #0]
        FreeRTOS_errno = 0;
    }
    #endif /* #if ( configUSE_POSIX_ERRNO == 1 ) */

    /* Other file private variables. */
    uxCurrentNumberOfTasks = ( UBaseType_t ) 0U;
    1b08:	4b17      	ldr	r3, [pc, #92]	; (1b68 <vTaskResetState+0x6c>)
    1b0a:	2200      	movs	r2, #0
    1b0c:	601a      	str	r2, [r3, #0]
    xTickCount = ( TickType_t ) configINITIAL_TICK_COUNT;
    1b0e:	4b17      	ldr	r3, [pc, #92]	; (1b6c <vTaskResetState+0x70>)
    1b10:	2200      	movs	r2, #0
    1b12:	601a      	str	r2, [r3, #0]
    uxTopReadyPriority = tskIDLE_PRIORITY;
    1b14:	4b16      	ldr	r3, [pc, #88]	; (1b70 <vTaskResetState+0x74>)
    1b16:	2200      	movs	r2, #0
    1b18:	601a      	str	r2, [r3, #0]
    xSchedulerRunning = pdFALSE;
    1b1a:	4b16      	ldr	r3, [pc, #88]	; (1b74 <vTaskResetState+0x78>)
    1b1c:	2200      	movs	r2, #0
    1b1e:	601a      	str	r2, [r3, #0]
    xPendedTicks = ( TickType_t ) 0U;
    1b20:	4b15      	ldr	r3, [pc, #84]	; (1b78 <vTaskResetState+0x7c>)
    1b22:	2200      	movs	r2, #0
    1b24:	601a      	str	r2, [r3, #0]

    for( xCoreID = 0; xCoreID < configNUMBER_OF_CORES; xCoreID++ )
    1b26:	2300      	movs	r3, #0
    1b28:	607b      	str	r3, [r7, #4]
    1b2a:	e007      	b.n	1b3c <vTaskResetState+0x40>
    {
        xYieldPendings[ xCoreID ] = pdFALSE;
    1b2c:	4a13      	ldr	r2, [pc, #76]	; (1b7c <vTaskResetState+0x80>)
    1b2e:	687b      	ldr	r3, [r7, #4]
    1b30:	2100      	movs	r1, #0
    1b32:	f842 1023 	str.w	r1, [r2, r3, lsl #2]
    for( xCoreID = 0; xCoreID < configNUMBER_OF_CORES; xCoreID++ )
    1b36:	687b      	ldr	r3, [r7, #4]
    1b38:	3301      	adds	r3, #1
    1b3a:	607b      	str	r3, [r7, #4]
    1b3c:	687b      	ldr	r3, [r7, #4]
    1b3e:	2b00      	cmp	r3, #0
    1b40:	ddf4      	ble.n	1b2c <vTaskResetState+0x30>
    }

    xNumOfOverflows = ( BaseType_t ) 0;
    1b42:	4b0f      	ldr	r3, [pc, #60]	; (1b80 <vTaskResetState+0x84>)
    1b44:	2200      	movs	r2, #0
    1b46:	601a      	str	r2, [r3, #0]
    uxTaskNumber = ( UBaseType_t ) 0U;
    1b48:	4b0e      	ldr	r3, [pc, #56]	; (1b84 <vTaskResetState+0x88>)
    1b4a:	2200      	movs	r2, #0
    1b4c:	601a      	str	r2, [r3, #0]
    xNextTaskUnblockTime = ( TickType_t ) 0U;
    1b4e:	4b0e      	ldr	r3, [pc, #56]	; (1b88 <vTaskResetState+0x8c>)
    1b50:	2200      	movs	r2, #0
    1b52:	601a      	str	r2, [r3, #0]

    uxSchedulerSuspended = ( UBaseType_t ) 0U;
    1b54:	4b0d      	ldr	r3, [pc, #52]	; (1b8c <vTaskResetState+0x90>)
    1b56:	2200      	movs	r2, #0
    1b58:	601a      	str	r2, [r3, #0]
            ulTaskSwitchedInTime[ xCoreID ] = 0U;
            ulTotalRunTime[ xCoreID ] = 0U;
        }
    }
    #endif /* #if ( configGENERATE_RUN_TIME_STATS == 1 ) */
}
    1b5a:	bf00      	nop
    1b5c:	370c      	adds	r7, #12
    1b5e:	46bd      	mov	sp, r7
    1b60:	bc80      	pop	{r7}
    1b62:	4770      	bx	lr
    1b64:	20000008 	andcs	r0, r0, r8
    1b68:	200000b4 	strhcs	r0, [r0], -r4
    1b6c:	200000b8 	strhcs	r0, [r0], -r8
    1b70:	200000bc 	strhcs	r0, [r0], -ip
    1b74:	200000c0 	andcs	r0, r0, r0, asr #1
    1b78:	200000c4 	andcs	r0, r0, r4, asr #1
    1b7c:	200000c8 	andcs	r0, r0, r8, asr #1
    1b80:	200000cc 	andcs	r0, r0, ip, asr #1
    1b84:	200000d0 	ldrdcs	r0, [r0], -r0	; <UNPREDICTABLE>
    1b88:	200000d4 	ldrdcs	r0, [r0], -r4
    1b8c:	200000dc 	ldrdcs	r0, [r0], -ip

00001b90 <vListInitialise>:
/*-----------------------------------------------------------
* PUBLIC LIST API documented in list.h
*----------------------------------------------------------*/

void vListInitialise( List_t * const pxList )
{
    1b90:	b480      	push	{r7}
    1b92:	b083      	sub	sp, #12
    1b94:	af00      	add	r7, sp, #0
    1b96:	6078      	str	r0, [r7, #4]
    traceENTER_vListInitialise( pxList );

    /* The list structure contains a list item which is used to mark the
     * end of the list.  To initialise the list the list end is inserted
     * as the only list entry. */
    pxList->pxIndex = ( ListItem_t * ) &( pxList->xListEnd );
    1b98:	687b      	ldr	r3, [r7, #4]
    1b9a:	f103 0208 	add.w	r2, r3, #8
    1b9e:	687b      	ldr	r3, [r7, #4]
    1ba0:	605a      	str	r2, [r3, #4]

    listSET_FIRST_LIST_ITEM_INTEGRITY_CHECK_VALUE( &( pxList->xListEnd ) );

    /* The list end value is the highest possible value in the list to
     * ensure it remains at the end of the list. */
    pxList->xListEnd.xItemValue = portMAX_DELAY;
    1ba2:	687b      	ldr	r3, [r7, #4]
    1ba4:	f04f 32ff 	mov.w	r2, #4294967295	; 0xffffffff
    1ba8:	609a      	str	r2, [r3, #8]

    /* The list end next and previous pointers point to itself so we know
     * when the list is empty. */
    pxList->xListEnd.pxNext = ( ListItem_t * ) &( pxList->xListEnd );
    1baa:	687b      	ldr	r3, [r7, #4]
    1bac:	f103 0208 	add.w	r2, r3, #8
    1bb0:	687b      	ldr	r3, [r7, #4]
    1bb2:	60da      	str	r2, [r3, #12]
    pxList->xListEnd.pxPrevious = ( ListItem_t * ) &( pxList->xListEnd );
    1bb4:	687b      	ldr	r3, [r7, #4]
    1bb6:	f103 0208 	add.w	r2, r3, #8
    1bba:	687b      	ldr	r3, [r7, #4]
    1bbc:	611a      	str	r2, [r3, #16]
        pxList->xListEnd.pxContainer = NULL;
        listSET_SECOND_LIST_ITEM_INTEGRITY_CHECK_VALUE( &( pxList->xListEnd ) );
    }
    #endif

    pxList->uxNumberOfItems = ( UBaseType_t ) 0U;
    1bbe:	687b      	ldr	r3, [r7, #4]
    1bc0:	2200      	movs	r2, #0
    1bc2:	601a      	str	r2, [r3, #0]
     * configUSE_LIST_DATA_INTEGRITY_CHECK_BYTES is set to 1. */
    listSET_LIST_INTEGRITY_CHECK_1_VALUE( pxList );
    listSET_LIST_INTEGRITY_CHECK_2_VALUE( pxList );

    traceRETURN_vListInitialise();
}
    1bc4:	bf00      	nop
    1bc6:	370c      	adds	r7, #12
    1bc8:	46bd      	mov	sp, r7
    1bca:	bc80      	pop	{r7}
    1bcc:	4770      	bx	lr

00001bce <vListInitialiseItem>:
/*-----------------------------------------------------------*/

void vListInitialiseItem( ListItem_t * const pxItem )
{
    1bce:	b480      	push	{r7}
    1bd0:	b083      	sub	sp, #12
    1bd2:	af00      	add	r7, sp, #0
    1bd4:	6078      	str	r0, [r7, #4]
    traceENTER_vListInitialiseItem( pxItem );

    /* Make sure the list item is not recorded as being on a list. */
    pxItem->pxContainer = NULL;
    1bd6:	687b      	ldr	r3, [r7, #4]
    1bd8:	2200      	movs	r2, #0
    1bda:	611a      	str	r2, [r3, #16]
     * configUSE_LIST_DATA_INTEGRITY_CHECK_BYTES is set to 1. */
    listSET_FIRST_LIST_ITEM_INTEGRITY_CHECK_VALUE( pxItem );
    listSET_SECOND_LIST_ITEM_INTEGRITY_CHECK_VALUE( pxItem );

    traceRETURN_vListInitialiseItem();
}
    1bdc:	bf00      	nop
    1bde:	370c      	adds	r7, #12
    1be0:	46bd      	mov	sp, r7
    1be2:	bc80      	pop	{r7}
    1be4:	4770      	bx	lr

00001be6 <vListInsertEnd>:
/*-----------------------------------------------------------*/

void vListInsertEnd( List_t * const pxList,
                     ListItem_t * const pxNewListItem )
{
    1be6:	b480      	push	{r7}
    1be8:	b085      	sub	sp, #20
    1bea:	af00      	add	r7, sp, #0
    1bec:	6078      	str	r0, [r7, #4]
    1bee:	6039      	str	r1, [r7, #0]
    ListItem_t * const pxIndex = pxList->pxIndex;
    1bf0:	687b      	ldr	r3, [r7, #4]
    1bf2:	685b      	ldr	r3, [r3, #4]
    1bf4:	60fb      	str	r3, [r7, #12]
    listTEST_LIST_ITEM_INTEGRITY( pxNewListItem );

    /* Insert a new list item into pxList, but rather than sort the list,
     * makes the new list item the last item to be removed by a call to
     * listGET_OWNER_OF_NEXT_ENTRY(). */
    pxNewListItem->pxNext = pxIndex;
    1bf6:	683b      	ldr	r3, [r7, #0]
    1bf8:	68fa      	ldr	r2, [r7, #12]
    1bfa:	605a      	str	r2, [r3, #4]
    pxNewListItem->pxPrevious = pxIndex->pxPrevious;
    1bfc:	68fb      	ldr	r3, [r7, #12]
    1bfe:	689a      	ldr	r2, [r3, #8]
    1c00:	683b      	ldr	r3, [r7, #0]
    1c02:	609a      	str	r2, [r3, #8]

    /* Only used during decision coverage testing. */
    mtCOVERAGE_TEST_DELAY();

    pxIndex->pxPrevious->pxNext = pxNewListItem;
    1c04:	68fb      	ldr	r3, [r7, #12]
    1c06:	689b      	ldr	r3, [r3, #8]
    1c08:	683a      	ldr	r2, [r7, #0]
    1c0a:	605a      	str	r2, [r3, #4]
    pxIndex->pxPrevious = pxNewListItem;
    1c0c:	68fb      	ldr	r3, [r7, #12]
    1c0e:	683a      	ldr	r2, [r7, #0]
    1c10:	609a      	str	r2, [r3, #8]

    /* Remember which list the item is in. */
    pxNewListItem->pxContainer = pxList;
    1c12:	683b      	ldr	r3, [r7, #0]
    1c14:	687a      	ldr	r2, [r7, #4]
    1c16:	611a      	str	r2, [r3, #16]

    ( pxList->uxNumberOfItems ) = ( UBaseType_t ) ( pxList->uxNumberOfItems + 1U );
    1c18:	687b      	ldr	r3, [r7, #4]
    1c1a:	681b      	ldr	r3, [r3, #0]
    1c1c:	1c5a      	adds	r2, r3, #1
    1c1e:	687b      	ldr	r3, [r7, #4]
    1c20:	601a      	str	r2, [r3, #0]

    traceRETURN_vListInsertEnd();
}
    1c22:	bf00      	nop
    1c24:	3714      	adds	r7, #20
    1c26:	46bd      	mov	sp, r7
    1c28:	bc80      	pop	{r7}
    1c2a:	4770      	bx	lr

00001c2c <vListInsert>:
/*-----------------------------------------------------------*/

void vListInsert( List_t * const pxList,
                  ListItem_t * const pxNewListItem )
{
    1c2c:	b480      	push	{r7}
    1c2e:	b085      	sub	sp, #20
    1c30:	af00      	add	r7, sp, #0
    1c32:	6078      	str	r0, [r7, #4]
    1c34:	6039      	str	r1, [r7, #0]
    ListItem_t * pxIterator;
    const TickType_t xValueOfInsertion = pxNewListItem->xItemValue;
    1c36:	683b      	ldr	r3, [r7, #0]
    1c38:	681b      	ldr	r3, [r3, #0]
    1c3a:	60bb      	str	r3, [r7, #8]
     * new list item should be placed after it.  This ensures that TCBs which are
     * stored in ready lists (all of which have the same xItemValue value) get a
     * share of the CPU.  However, if the xItemValue is the same as the back marker
     * the iteration loop below will not end.  Therefore the value is checked
     * first, and the algorithm slightly modified if necessary. */
    if( xValueOfInsertion == portMAX_DELAY )
    1c3c:	68bb      	ldr	r3, [r7, #8]
    1c3e:	f1b3 3fff 	cmp.w	r3, #4294967295	; 0xffffffff
    1c42:	d103      	bne.n	1c4c <vListInsert+0x20>
    {
        pxIterator = pxList->xListEnd.pxPrevious;
    1c44:	687b      	ldr	r3, [r7, #4]
    1c46:	691b      	ldr	r3, [r3, #16]
    1c48:	60fb      	str	r3, [r7, #12]
    1c4a:	e00c      	b.n	1c66 <vListInsert+0x3a>
        *   5) If the FreeRTOS port supports interrupt nesting then ensure that
        *      the priority of the tick interrupt is at or below
        *      configMAX_SYSCALL_INTERRUPT_PRIORITY.
        **********************************************************************/

        for( pxIterator = ( ListItem_t * ) &( pxList->xListEnd ); pxIterator->pxNext->xItemValue <= xValueOfInsertion; pxIterator = pxIterator->pxNext )
    1c4c:	687b      	ldr	r3, [r7, #4]
    1c4e:	3308      	adds	r3, #8
    1c50:	60fb      	str	r3, [r7, #12]
    1c52:	e002      	b.n	1c5a <vListInsert+0x2e>
    1c54:	68fb      	ldr	r3, [r7, #12]
    1c56:	685b      	ldr	r3, [r3, #4]
    1c58:	60fb      	str	r3, [r7, #12]
    1c5a:	68fb      	ldr	r3, [r7, #12]
    1c5c:	685b      	ldr	r3, [r3, #4]
    1c5e:	681b      	ldr	r3, [r3, #0]
    1c60:	68ba      	ldr	r2, [r7, #8]
    1c62:	429a      	cmp	r2, r3
    1c64:	d2f6      	bcs.n	1c54 <vListInsert+0x28>
             * IF YOU FIND YOUR CODE STUCK HERE, SEE THE NOTE JUST ABOVE.
             */
        }
    }

    pxNewListItem->pxNext = pxIterator->pxNext;
    1c66:	68fb      	ldr	r3, [r7, #12]
    1c68:	685a      	ldr	r2, [r3, #4]
    1c6a:	683b      	ldr	r3, [r7, #0]
    1c6c:	605a      	str	r2, [r3, #4]
    pxNewListItem->pxNext->pxPrevious = pxNewListItem;
    1c6e:	683b      	ldr	r3, [r7, #0]
    1c70:	685b      	ldr	r3, [r3, #4]
    1c72:	683a      	ldr	r2, [r7, #0]
    1c74:	609a      	str	r2, [r3, #8]
    pxNewListItem->pxPrevious = pxIterator;
    1c76:	683b      	ldr	r3, [r7, #0]
    1c78:	68fa      	ldr	r2, [r7, #12]
    1c7a:	609a      	str	r2, [r3, #8]
    pxIterator->pxNext = pxNewListItem;
    1c7c:	68fb      	ldr	r3, [r7, #12]
    1c7e:	683a      	ldr	r2, [r7, #0]
    1c80:	605a      	str	r2, [r3, #4]

    /* Remember which list the item is in.  This allows fast removal of the
     * item later. */
    pxNewListItem->pxContainer = pxList;
    1c82:	683b      	ldr	r3, [r7, #0]
    1c84:	687a      	ldr	r2, [r7, #4]
    1c86:	611a      	str	r2, [r3, #16]

    ( pxList->uxNumberOfItems ) = ( UBaseType_t ) ( pxList->uxNumberOfItems + 1U );
    1c88:	687b      	ldr	r3, [r7, #4]
    1c8a:	681b      	ldr	r3, [r3, #0]
    1c8c:	1c5a      	adds	r2, r3, #1
    1c8e:	687b      	ldr	r3, [r7, #4]
    1c90:	601a      	str	r2, [r3, #0]

    traceRETURN_vListInsert();
}
    1c92:	bf00      	nop
    1c94:	3714      	adds	r7, #20
    1c96:	46bd      	mov	sp, r7
    1c98:	bc80      	pop	{r7}
    1c9a:	4770      	bx	lr

00001c9c <uxListRemove>:
/*-----------------------------------------------------------*/


UBaseType_t uxListRemove( ListItem_t * const pxItemToRemove )
{
    1c9c:	b480      	push	{r7}
    1c9e:	b085      	sub	sp, #20
    1ca0:	af00      	add	r7, sp, #0
    1ca2:	6078      	str	r0, [r7, #4]
    /* The list item knows which list it is in.  Obtain the list from the list
     * item. */
    List_t * const pxList = pxItemToRemove->pxContainer;
    1ca4:	687b      	ldr	r3, [r7, #4]
    1ca6:	691b      	ldr	r3, [r3, #16]
    1ca8:	60fb      	str	r3, [r7, #12]

    traceENTER_uxListRemove( pxItemToRemove );

    pxItemToRemove->pxNext->pxPrevious = pxItemToRemove->pxPrevious;
    1caa:	687b      	ldr	r3, [r7, #4]
    1cac:	685b      	ldr	r3, [r3, #4]
    1cae:	687a      	ldr	r2, [r7, #4]
    1cb0:	6892      	ldr	r2, [r2, #8]
    1cb2:	609a      	str	r2, [r3, #8]
    pxItemToRemove->pxPrevious->pxNext = pxItemToRemove->pxNext;
    1cb4:	687b      	ldr	r3, [r7, #4]
    1cb6:	689b      	ldr	r3, [r3, #8]
    1cb8:	687a      	ldr	r2, [r7, #4]
    1cba:	6852      	ldr	r2, [r2, #4]
    1cbc:	605a      	str	r2, [r3, #4]

    /* Only used during decision coverage testing. */
    mtCOVERAGE_TEST_DELAY();

    /* Make sure the index is left pointing to a valid item. */
    if( pxList->pxIndex == pxItemToRemove )
    1cbe:	68fb      	ldr	r3, [r7, #12]
    1cc0:	685b      	ldr	r3, [r3, #4]
    1cc2:	687a      	ldr	r2, [r7, #4]
    1cc4:	429a      	cmp	r2, r3
    1cc6:	d103      	bne.n	1cd0 <uxListRemove+0x34>
    {
        pxList->pxIndex = pxItemToRemove->pxPrevious;
    1cc8:	687b      	ldr	r3, [r7, #4]
    1cca:	689a      	ldr	r2, [r3, #8]
    1ccc:	68fb      	ldr	r3, [r7, #12]
    1cce:	605a      	str	r2, [r3, #4]
    else
    {
        mtCOVERAGE_TEST_MARKER();
    }

    pxItemToRemove->pxContainer = NULL;
    1cd0:	687b      	ldr	r3, [r7, #4]
    1cd2:	2200      	movs	r2, #0
    1cd4:	611a      	str	r2, [r3, #16]
    ( pxList->uxNumberOfItems ) = ( UBaseType_t ) ( pxList->uxNumberOfItems - 1U );
    1cd6:	68fb      	ldr	r3, [r7, #12]
    1cd8:	681b      	ldr	r3, [r3, #0]
    1cda:	1e5a      	subs	r2, r3, #1
    1cdc:	68fb      	ldr	r3, [r7, #12]
    1cde:	601a      	str	r2, [r3, #0]

    traceRETURN_uxListRemove( pxList->uxNumberOfItems );

    return pxList->uxNumberOfItems;
    1ce0:	68fb      	ldr	r3, [r7, #12]
    1ce2:	681b      	ldr	r3, [r3, #0]
}
    1ce4:	4618      	mov	r0, r3
    1ce6:	3714      	adds	r7, #20
    1ce8:	46bd      	mov	sp, r7
    1cea:	bc80      	pop	{r7}
    1cec:	4770      	bx	lr
	...

00001cf0 <pvPortMalloc>:
PRIVILEGED_DATA static size_t xNumberOfSuccessfulFrees = ( size_t ) 0U;

/*-----------------------------------------------------------*/

void * pvPortMalloc( size_t xWantedSize )
{
    1cf0:	b580      	push	{r7, lr}
    1cf2:	b088      	sub	sp, #32
    1cf4:	af00      	add	r7, sp, #0
    1cf6:	6078      	str	r0, [r7, #4]
    BlockLink_t * pxBlock;
    BlockLink_t * pxPreviousBlock;
    BlockLink_t * pxNewBlockLink;
    void * pvReturn = NULL;
    1cf8:	2300      	movs	r3, #0
    1cfa:	617b      	str	r3, [r7, #20]
    size_t xAdditionalRequiredSize;
    size_t xAllocatedBlockSize = 0;
    1cfc:	2300      	movs	r3, #0
    1cfe:	613b      	str	r3, [r7, #16]

    if( xWantedSize > 0 )
    1d00:	687b      	ldr	r3, [r7, #4]
    1d02:	2b00      	cmp	r3, #0
    1d04:	d022      	beq.n	1d4c <pvPortMalloc+0x5c>
    {
        /* The wanted size must be increased so it can contain a BlockLink_t
         * structure in addition to the requested amount of bytes. */
        if( heapADD_WILL_OVERFLOW( xWantedSize, xHeapStructSize ) == 0 )
    1d06:	2308      	movs	r3, #8
    1d08:	43db      	mvns	r3, r3
    1d0a:	687a      	ldr	r2, [r7, #4]
    1d0c:	429a      	cmp	r2, r3
    1d0e:	d81b      	bhi.n	1d48 <pvPortMalloc+0x58>
        {
            xWantedSize += xHeapStructSize;
    1d10:	2208      	movs	r2, #8
    1d12:	687b      	ldr	r3, [r7, #4]
    1d14:	4413      	add	r3, r2
    1d16:	607b      	str	r3, [r7, #4]

            /* Ensure that blocks are always aligned to the required number
             * of bytes. */
            if( ( xWantedSize & portBYTE_ALIGNMENT_MASK ) != 0x00 )
    1d18:	687b      	ldr	r3, [r7, #4]
    1d1a:	f003 0307 	and.w	r3, r3, #7
    1d1e:	2b00      	cmp	r3, #0
    1d20:	d014      	beq.n	1d4c <pvPortMalloc+0x5c>
            {
                /* Byte alignment required. */
                xAdditionalRequiredSize = portBYTE_ALIGNMENT - ( xWantedSize & portBYTE_ALIGNMENT_MASK );
    1d22:	687b      	ldr	r3, [r7, #4]
    1d24:	f003 0307 	and.w	r3, r3, #7
    1d28:	f1c3 0308 	rsb	r3, r3, #8
    1d2c:	60fb      	str	r3, [r7, #12]

                if( heapADD_WILL_OVERFLOW( xWantedSize, xAdditionalRequiredSize ) == 0 )
    1d2e:	68fb      	ldr	r3, [r7, #12]
    1d30:	43db      	mvns	r3, r3
    1d32:	687a      	ldr	r2, [r7, #4]
    1d34:	429a      	cmp	r2, r3
    1d36:	d804      	bhi.n	1d42 <pvPortMalloc+0x52>
                {
                    xWantedSize += xAdditionalRequiredSize;
    1d38:	687a      	ldr	r2, [r7, #4]
    1d3a:	68fb      	ldr	r3, [r7, #12]
    1d3c:	4413      	add	r3, r2
    1d3e:	607b      	str	r3, [r7, #4]
    1d40:	e004      	b.n	1d4c <pvPortMalloc+0x5c>
                }
                else
                {
                    xWantedSize = 0;
    1d42:	2300      	movs	r3, #0
    1d44:	607b      	str	r3, [r7, #4]
    1d46:	e001      	b.n	1d4c <pvPortMalloc+0x5c>
                mtCOVERAGE_TEST_MARKER();
            }
        }
        else
        {
            xWantedSize = 0;
    1d48:	2300      	movs	r3, #0
    1d4a:	607b      	str	r3, [r7, #4]
    else
    {
        mtCOVERAGE_TEST_MARKER();
    }

    vTaskSuspendAll();
    1d4c:	f7fe fc9e 	bl	68c <vTaskSuspendAll>
    {
        /* If this is the first call to malloc then the heap will require
         * initialisation to setup the list of free blocks. */
        if( pxEnd == NULL )
    1d50:	4b3b      	ldr	r3, [pc, #236]	; (1e40 <pvPortMalloc+0x150>)
    1d52:	681b      	ldr	r3, [r3, #0]
    1d54:	2b00      	cmp	r3, #0
    1d56:	d101      	bne.n	1d5c <pvPortMalloc+0x6c>
        {
            prvHeapInit();
    1d58:	f000 f912 	bl	1f80 <prvHeapInit>

        /* Check the block size we are trying to allocate is not so large that the
         * top bit is set.  The top bit of the block size member of the BlockLink_t
         * structure is used to determine who owns the block - the application or
         * the kernel, so it must be free. */
        if( heapBLOCK_SIZE_IS_VALID( xWantedSize ) != 0 )
    1d5c:	687b      	ldr	r3, [r7, #4]
    1d5e:	2b00      	cmp	r3, #0
    1d60:	db67      	blt.n	1e32 <pvPortMalloc+0x142>
        {
            if( ( xWantedSize > 0 ) && ( xWantedSize <= xFreeBytesRemaining ) )
    1d62:	687b      	ldr	r3, [r7, #4]
    1d64:	2b00      	cmp	r3, #0
    1d66:	d064      	beq.n	1e32 <pvPortMalloc+0x142>
    1d68:	4b36      	ldr	r3, [pc, #216]	; (1e44 <pvPortMalloc+0x154>)
    1d6a:	681b      	ldr	r3, [r3, #0]
    1d6c:	687a      	ldr	r2, [r7, #4]
    1d6e:	429a      	cmp	r2, r3
    1d70:	d85f      	bhi.n	1e32 <pvPortMalloc+0x142>
            {
                /* Traverse the list from the start (lowest address) block until
                 * one of adequate size is found. */
                pxPreviousBlock = &xStart;
    1d72:	4b35      	ldr	r3, [pc, #212]	; (1e48 <pvPortMalloc+0x158>)
    1d74:	61bb      	str	r3, [r7, #24]
                pxBlock = heapPROTECT_BLOCK_POINTER( xStart.pxNextFreeBlock );
    1d76:	4b34      	ldr	r3, [pc, #208]	; (1e48 <pvPortMalloc+0x158>)
    1d78:	681b      	ldr	r3, [r3, #0]
    1d7a:	61fb      	str	r3, [r7, #28]
                heapVALIDATE_BLOCK_POINTER( pxBlock );

                while( ( pxBlock->xBlockSize < xWantedSize ) && ( pxBlock->pxNextFreeBlock != heapPROTECT_BLOCK_POINTER( NULL ) ) )
    1d7c:	e004      	b.n	1d88 <pvPortMalloc+0x98>
                {
                    pxPreviousBlock = pxBlock;
    1d7e:	69fb      	ldr	r3, [r7, #28]
    1d80:	61bb      	str	r3, [r7, #24]
                    pxBlock = heapPROTECT_BLOCK_POINTER( pxBlock->pxNextFreeBlock );
    1d82:	69fb      	ldr	r3, [r7, #28]
    1d84:	681b      	ldr	r3, [r3, #0]
    1d86:	61fb      	str	r3, [r7, #28]
                while( ( pxBlock->xBlockSize < xWantedSize ) && ( pxBlock->pxNextFreeBlock != heapPROTECT_BLOCK_POINTER( NULL ) ) )
    1d88:	69fb      	ldr	r3, [r7, #28]
    1d8a:	685b      	ldr	r3, [r3, #4]
    1d8c:	687a      	ldr	r2, [r7, #4]
    1d8e:	429a      	cmp	r2, r3
    1d90:	d903      	bls.n	1d9a <pvPortMalloc+0xaa>
    1d92:	69fb      	ldr	r3, [r7, #28]
    1d94:	681b      	ldr	r3, [r3, #0]
    1d96:	2b00      	cmp	r3, #0
    1d98:	d1f1      	bne.n	1d7e <pvPortMalloc+0x8e>
                    heapVALIDATE_BLOCK_POINTER( pxBlock );
                }

                /* If the end marker was reached then a block of adequate size
                 * was not found. */
                if( pxBlock != pxEnd )
    1d9a:	4b29      	ldr	r3, [pc, #164]	; (1e40 <pvPortMalloc+0x150>)
    1d9c:	681b      	ldr	r3, [r3, #0]
    1d9e:	69fa      	ldr	r2, [r7, #28]
    1da0:	429a      	cmp	r2, r3
    1da2:	d046      	beq.n	1e32 <pvPortMalloc+0x142>
                {
                    /* Return the memory space pointed to - jumping over the
                     * BlockLink_t structure at its start. */
                    pvReturn = ( void * ) ( ( ( uint8_t * ) heapPROTECT_BLOCK_POINTER( pxPreviousBlock->pxNextFreeBlock ) ) + xHeapStructSize );
    1da4:	69bb      	ldr	r3, [r7, #24]
    1da6:	681b      	ldr	r3, [r3, #0]
    1da8:	2208      	movs	r2, #8
    1daa:	4413      	add	r3, r2
    1dac:	617b      	str	r3, [r7, #20]
                    heapVALIDATE_BLOCK_POINTER( pvReturn );

                    /* This block is being returned for use so must be taken out
                     * of the list of free blocks. */
                    pxPreviousBlock->pxNextFreeBlock = pxBlock->pxNextFreeBlock;
    1dae:	69fb      	ldr	r3, [r7, #28]
    1db0:	681a      	ldr	r2, [r3, #0]
    1db2:	69bb      	ldr	r3, [r7, #24]
    1db4:	601a      	str	r2, [r3, #0]

                    /* If the block is larger than required it can be split into
                     * two. */
                    configASSERT( heapSUBTRACT_WILL_UNDERFLOW( pxBlock->xBlockSize, xWantedSize ) == 0 );

                    if( ( pxBlock->xBlockSize - xWantedSize ) > heapMINIMUM_BLOCK_SIZE )
    1db6:	69fb      	ldr	r3, [r7, #28]
    1db8:	685a      	ldr	r2, [r3, #4]
    1dba:	687b      	ldr	r3, [r7, #4]
    1dbc:	1ad2      	subs	r2, r2, r3
    1dbe:	2308      	movs	r3, #8
    1dc0:	005b      	lsls	r3, r3, #1
    1dc2:	429a      	cmp	r2, r3
    1dc4:	d913      	bls.n	1dee <pvPortMalloc+0xfe>
                    {
                        /* This block is to be split into two.  Create a new
                         * block following the number of bytes requested. The void
                         * cast is used to prevent byte alignment warnings from the
                         * compiler. */
                        pxNewBlockLink = ( void * ) ( ( ( uint8_t * ) pxBlock ) + xWantedSize );
    1dc6:	69fa      	ldr	r2, [r7, #28]
    1dc8:	687b      	ldr	r3, [r7, #4]
    1dca:	4413      	add	r3, r2
    1dcc:	60bb      	str	r3, [r7, #8]
                        configASSERT( ( ( ( size_t ) pxNewBlockLink ) & portBYTE_ALIGNMENT_MASK ) == 0 );

                        /* Calculate the sizes of two blocks split from the
                         * single block. */
                        pxNewBlockLink->xBlockSize = pxBlock->xBlockSize - xWantedSize;
    1dce:	69fb      	ldr	r3, [r7, #28]
    1dd0:	685a      	ldr	r2, [r3, #4]
    1dd2:	687b      	ldr	r3, [r7, #4]
    1dd4:	1ad2      	subs	r2, r2, r3
    1dd6:	68bb      	ldr	r3, [r7, #8]
    1dd8:	605a      	str	r2, [r3, #4]
                        pxBlock->xBlockSize = xWantedSize;
    1dda:	69fb      	ldr	r3, [r7, #28]
    1ddc:	687a      	ldr	r2, [r7, #4]
    1dde:	605a      	str	r2, [r3, #4]

                        /* Insert the new block into the list of free blocks. */
                        pxNewBlockLink->pxNextFreeBlock = pxPreviousBlock->pxNextFreeBlock;
    1de0:	69bb      	ldr	r3, [r7, #24]
    1de2:	681a      	ldr	r2, [r3, #0]
    1de4:	68bb      	ldr	r3, [r7, #8]
    1de6:	601a      	str	r2, [r3, #0]
                        pxPreviousBlock->pxNextFreeBlock = heapPROTECT_BLOCK_POINTER( pxNewBlockLink );
    1de8:	69bb      	ldr	r3, [r7, #24]
    1dea:	68ba      	ldr	r2, [r7, #8]
    1dec:	601a      	str	r2, [r3, #0]
                    else
                    {
                        mtCOVERAGE_TEST_MARKER();
                    }

                    xFreeBytesRemaining -= pxBlock->xBlockSize;
    1dee:	4b15      	ldr	r3, [pc, #84]	; (1e44 <pvPortMalloc+0x154>)
    1df0:	681a      	ldr	r2, [r3, #0]
    1df2:	69fb      	ldr	r3, [r7, #28]
    1df4:	685b      	ldr	r3, [r3, #4]
    1df6:	1ad3      	subs	r3, r2, r3
    1df8:	4a12      	ldr	r2, [pc, #72]	; (1e44 <pvPortMalloc+0x154>)
    1dfa:	6013      	str	r3, [r2, #0]

                    if( xFreeBytesRemaining < xMinimumEverFreeBytesRemaining )
    1dfc:	4b11      	ldr	r3, [pc, #68]	; (1e44 <pvPortMalloc+0x154>)
    1dfe:	681a      	ldr	r2, [r3, #0]
    1e00:	4b12      	ldr	r3, [pc, #72]	; (1e4c <pvPortMalloc+0x15c>)
    1e02:	681b      	ldr	r3, [r3, #0]
    1e04:	429a      	cmp	r2, r3
    1e06:	d203      	bcs.n	1e10 <pvPortMalloc+0x120>
                    {
                        xMinimumEverFreeBytesRemaining = xFreeBytesRemaining;
    1e08:	4b0e      	ldr	r3, [pc, #56]	; (1e44 <pvPortMalloc+0x154>)
    1e0a:	681b      	ldr	r3, [r3, #0]
    1e0c:	4a0f      	ldr	r2, [pc, #60]	; (1e4c <pvPortMalloc+0x15c>)
    1e0e:	6013      	str	r3, [r2, #0]
                    else
                    {
                        mtCOVERAGE_TEST_MARKER();
                    }

                    xAllocatedBlockSize = pxBlock->xBlockSize;
    1e10:	69fb      	ldr	r3, [r7, #28]
    1e12:	685b      	ldr	r3, [r3, #4]
    1e14:	613b      	str	r3, [r7, #16]

                    /* The block is being returned - it is allocated and owned
                     * by the application and has no "next" block. */
                    heapALLOCATE_BLOCK( pxBlock );
    1e16:	69fb      	ldr	r3, [r7, #28]
    1e18:	685b      	ldr	r3, [r3, #4]
    1e1a:	f043 4200 	orr.w	r2, r3, #2147483648	; 0x80000000
    1e1e:	69fb      	ldr	r3, [r7, #28]
    1e20:	605a      	str	r2, [r3, #4]
                    pxBlock->pxNextFreeBlock = heapPROTECT_BLOCK_POINTER( NULL );
    1e22:	69fb      	ldr	r3, [r7, #28]
    1e24:	2200      	movs	r2, #0
    1e26:	601a      	str	r2, [r3, #0]
                    xNumberOfSuccessfulAllocations++;
    1e28:	4b09      	ldr	r3, [pc, #36]	; (1e50 <pvPortMalloc+0x160>)
    1e2a:	681b      	ldr	r3, [r3, #0]
    1e2c:	3301      	adds	r3, #1
    1e2e:	4a08      	ldr	r2, [pc, #32]	; (1e50 <pvPortMalloc+0x160>)
    1e30:	6013      	str	r3, [r2, #0]
        traceMALLOC( pvReturn, xAllocatedBlockSize );

        /* Prevent compiler warnings when trace macros are not used. */
        ( void ) xAllocatedBlockSize;
    }
    ( void ) xTaskResumeAll();
    1e32:	f7fe fc39 	bl	6a8 <xTaskResumeAll>
        }
    }
    #endif /* if ( configUSE_MALLOC_FAILED_HOOK == 1 ) */

    configASSERT( ( ( ( size_t ) pvReturn ) & ( size_t ) portBYTE_ALIGNMENT_MASK ) == 0 );
    return pvReturn;
    1e36:	697b      	ldr	r3, [r7, #20]
}
    1e38:	4618      	mov	r0, r3
    1e3a:	3720      	adds	r7, #32
    1e3c:	46bd      	mov	sp, r7
    1e3e:	bd80      	pop	{r7, pc}
    1e40:	200010e8 	andcs	r1, r0, r8, ror #1
    1e44:	200010ec 	andcs	r1, r0, ip, ror #1
    1e48:	200010e0 	andcs	r1, r0, r0, ror #1
    1e4c:	200010f0 	strdcs	r1, [r0], -r0
    1e50:	200010f4 	strdcs	r1, [r0], -r4

00001e54 <vPortFree>:
/*-----------------------------------------------------------*/

void vPortFree( void * pv )
{
    1e54:	b580      	push	{r7, lr}
    1e56:	b084      	sub	sp, #16
    1e58:	af00      	add	r7, sp, #0
    1e5a:	6078      	str	r0, [r7, #4]
    uint8_t * puc = ( uint8_t * ) pv;
    1e5c:	687b      	ldr	r3, [r7, #4]
    1e5e:	60fb      	str	r3, [r7, #12]
    BlockLink_t * pxLink;

    if( pv != NULL )
    1e60:	687b      	ldr	r3, [r7, #4]
    1e62:	2b00      	cmp	r3, #0
    1e64:	d02b      	beq.n	1ebe <vPortFree+0x6a>
    {
        /* The memory being freed will have an BlockLink_t structure immediately
         * before it. */
        puc -= xHeapStructSize;
    1e66:	2308      	movs	r3, #8
    1e68:	425b      	negs	r3, r3
    1e6a:	68fa      	ldr	r2, [r7, #12]
    1e6c:	4413      	add	r3, r2
    1e6e:	60fb      	str	r3, [r7, #12]

        /* This casting is to keep the compiler from issuing warnings. */
        pxLink = ( void * ) puc;
    1e70:	68fb      	ldr	r3, [r7, #12]
    1e72:	60bb      	str	r3, [r7, #8]

        heapVALIDATE_BLOCK_POINTER( pxLink );
        configASSERT( heapBLOCK_IS_ALLOCATED( pxLink ) != 0 );
        configASSERT( pxLink->pxNextFreeBlock == heapPROTECT_BLOCK_POINTER( NULL ) );

        if( heapBLOCK_IS_ALLOCATED( pxLink ) != 0 )
    1e74:	68bb      	ldr	r3, [r7, #8]
    1e76:	685b      	ldr	r3, [r3, #4]
    1e78:	0fdb      	lsrs	r3, r3, #31
    1e7a:	f003 0301 	and.w	r3, r3, #1
    1e7e:	b2db      	uxtb	r3, r3
    1e80:	2b00      	cmp	r3, #0
    1e82:	d01c      	beq.n	1ebe <vPortFree+0x6a>
        {
            if( pxLink->pxNextFreeBlock == heapPROTECT_BLOCK_POINTER( NULL ) )
    1e84:	68bb      	ldr	r3, [r7, #8]
    1e86:	681b      	ldr	r3, [r3, #0]
    1e88:	2b00      	cmp	r3, #0
    1e8a:	d118      	bne.n	1ebe <vPortFree+0x6a>
            {
                /* The block is being returned to the heap - it is no longer
                 * allocated. */
                heapFREE_BLOCK( pxLink );
    1e8c:	68bb      	ldr	r3, [r7, #8]
    1e8e:	685b      	ldr	r3, [r3, #4]
    1e90:	f023 4200 	bic.w	r2, r3, #2147483648	; 0x80000000
    1e94:	68bb      	ldr	r3, [r7, #8]
    1e96:	605a      	str	r2, [r3, #4]
                        ( void ) memset( puc + xHeapStructSize, 0, pxLink->xBlockSize - xHeapStructSize );
                    }
                }
                #endif

                vTaskSuspendAll();
    1e98:	f7fe fbf8 	bl	68c <vTaskSuspendAll>
                {
                    /* Add this block to the list of free blocks. */
                    xFreeBytesRemaining += pxLink->xBlockSize;
    1e9c:	68bb      	ldr	r3, [r7, #8]
    1e9e:	685a      	ldr	r2, [r3, #4]
    1ea0:	4b09      	ldr	r3, [pc, #36]	; (1ec8 <vPortFree+0x74>)
    1ea2:	681b      	ldr	r3, [r3, #0]
    1ea4:	4413      	add	r3, r2
    1ea6:	4a08      	ldr	r2, [pc, #32]	; (1ec8 <vPortFree+0x74>)
    1ea8:	6013      	str	r3, [r2, #0]
                    traceFREE( pv, pxLink->xBlockSize );
                    prvInsertBlockIntoFreeList( ( ( BlockLink_t * ) pxLink ) );
    1eaa:	68b8      	ldr	r0, [r7, #8]
    1eac:	f000 f8c2 	bl	2034 <prvInsertBlockIntoFreeList>
                    xNumberOfSuccessfulFrees++;
    1eb0:	4b06      	ldr	r3, [pc, #24]	; (1ecc <vPortFree+0x78>)
    1eb2:	681b      	ldr	r3, [r3, #0]
    1eb4:	3301      	adds	r3, #1
    1eb6:	4a05      	ldr	r2, [pc, #20]	; (1ecc <vPortFree+0x78>)
    1eb8:	6013      	str	r3, [r2, #0]
                }
                ( void ) xTaskResumeAll();
    1eba:	f7fe fbf5 	bl	6a8 <xTaskResumeAll>
        else
        {
            mtCOVERAGE_TEST_MARKER();
        }
    }
}
    1ebe:	bf00      	nop
    1ec0:	3710      	adds	r7, #16
    1ec2:	46bd      	mov	sp, r7
    1ec4:	bd80      	pop	{r7, pc}
    1ec6:	bf00      	nop
    1ec8:	200010ec 	andcs	r1, r0, ip, ror #1
    1ecc:	200010f8 	strdcs	r1, [r0], -r8

00001ed0 <xPortGetFreeHeapSize>:
/*-----------------------------------------------------------*/

size_t xPortGetFreeHeapSize( void )
{
    1ed0:	b480      	push	{r7}
    1ed2:	af00      	add	r7, sp, #0
    return xFreeBytesRemaining;
    1ed4:	4b02      	ldr	r3, [pc, #8]	; (1ee0 <xPortGetFreeHeapSize+0x10>)
    1ed6:	681b      	ldr	r3, [r3, #0]
}
    1ed8:	4618      	mov	r0, r3
    1eda:	46bd      	mov	sp, r7
    1edc:	bc80      	pop	{r7}
    1ede:	4770      	bx	lr
    1ee0:	200010ec 	andcs	r1, r0, ip, ror #1

00001ee4 <xPortGetMinimumEverFreeHeapSize>:
/*-----------------------------------------------------------*/

size_t xPortGetMinimumEverFreeHeapSize( void )
{
    1ee4:	b480      	push	{r7}
    1ee6:	af00      	add	r7, sp, #0
    return xMinimumEverFreeBytesRemaining;
    1ee8:	4b02      	ldr	r3, [pc, #8]	; (1ef4 <xPortGetMinimumEverFreeHeapSize+0x10>)
    1eea:	681b      	ldr	r3, [r3, #0]
}
    1eec:	4618      	mov	r0, r3
    1eee:	46bd      	mov	sp, r7
    1ef0:	bc80      	pop	{r7}
    1ef2:	4770      	bx	lr
    1ef4:	200010f0 	strdcs	r1, [r0], -r0

00001ef8 <xPortResetHeapMinimumEverFreeHeapSize>:
/*-----------------------------------------------------------*/

void xPortResetHeapMinimumEverFreeHeapSize( void )
{
    1ef8:	b480      	push	{r7}
    1efa:	af00      	add	r7, sp, #0
    xMinimumEverFreeBytesRemaining = xFreeBytesRemaining;
    1efc:	4b03      	ldr	r3, [pc, #12]	; (1f0c <xPortResetHeapMinimumEverFreeHeapSize+0x14>)
    1efe:	681b      	ldr	r3, [r3, #0]
    1f00:	4a03      	ldr	r2, [pc, #12]	; (1f10 <xPortResetHeapMinimumEverFreeHeapSize+0x18>)
    1f02:	6013      	str	r3, [r2, #0]
}
    1f04:	bf00      	nop
    1f06:	46bd      	mov	sp, r7
    1f08:	bc80      	pop	{r7}
    1f0a:	4770      	bx	lr
    1f0c:	200010ec 	andcs	r1, r0, ip, ror #1
    1f10:	200010f0 	strdcs	r1, [r0], -r0

00001f14 <vPortInitialiseBlocks>:
/*-----------------------------------------------------------*/

void vPortInitialiseBlocks( void )
{
    1f14:	b480      	push	{r7}
    1f16:	af00      	add	r7, sp, #0
    /* This just exists to keep the linker quiet. */
}
    1f18:	bf00      	nop
    1f1a:	46bd      	mov	sp, r7
    1f1c:	bc80      	pop	{r7}
    1f1e:	4770      	bx	lr

00001f20 <pvPortCalloc>:
/*-----------------------------------------------------------*/

void * pvPortCalloc( size_t xNum,
                     size_t xSize )
{
    1f20:	b580      	push	{r7, lr}
    1f22:	b084      	sub	sp, #16
    1f24:	af00      	add	r7, sp, #0
    1f26:	6078      	str	r0, [r7, #4]
    1f28:	6039      	str	r1, [r7, #0]
    void * pv = NULL;
    1f2a:	2300      	movs	r3, #0
    1f2c:	60fb      	str	r3, [r7, #12]

    if( heapMULTIPLY_WILL_OVERFLOW( xNum, xSize ) == 0 )
    1f2e:	687b      	ldr	r3, [r7, #4]
    1f30:	2b00      	cmp	r3, #0
    1f32:	d009      	beq.n	1f48 <pvPortCalloc+0x28>
    1f34:	f04f 32ff 	mov.w	r2, #4294967295	; 0xffffffff
    1f38:	687b      	ldr	r3, [r7, #4]
    1f3a:	fbb2 f3f3 	udiv	r3, r2, r3
    1f3e:	683a      	ldr	r2, [r7, #0]
    1f40:	429a      	cmp	r2, r3
    1f42:	d901      	bls.n	1f48 <pvPortCalloc+0x28>
    1f44:	2301      	movs	r3, #1
    1f46:	e000      	b.n	1f4a <pvPortCalloc+0x2a>
    1f48:	2300      	movs	r3, #0
    1f4a:	2b00      	cmp	r3, #0
    1f4c:	d113      	bne.n	1f76 <pvPortCalloc+0x56>
    {
        pv = pvPortMalloc( xNum * xSize );
    1f4e:	687b      	ldr	r3, [r7, #4]
    1f50:	683a      	ldr	r2, [r7, #0]
    1f52:	fb02 f303 	mul.w	r3, r2, r3
    1f56:	4618      	mov	r0, r3
    1f58:	f7ff feca 	bl	1cf0 <pvPortMalloc>
    1f5c:	60f8      	str	r0, [r7, #12]

        if( pv != NULL )
    1f5e:	68fb      	ldr	r3, [r7, #12]
    1f60:	2b00      	cmp	r3, #0
    1f62:	d008      	beq.n	1f76 <pvPortCalloc+0x56>
        {
            ( void ) memset( pv, 0, xNum * xSize );
    1f64:	687b      	ldr	r3, [r7, #4]
    1f66:	683a      	ldr	r2, [r7, #0]
    1f68:	fb02 f303 	mul.w	r3, r2, r3
    1f6c:	461a      	mov	r2, r3
    1f6e:	2100      	movs	r1, #0
    1f70:	68f8      	ldr	r0, [r7, #12]
    1f72:	f7fe f977 	bl	264 <memset>
        }
    }

    return pv;
    1f76:	68fb      	ldr	r3, [r7, #12]
}
    1f78:	4618      	mov	r0, r3
    1f7a:	3710      	adds	r7, #16
    1f7c:	46bd      	mov	sp, r7
    1f7e:	bd80      	pop	{r7, pc}

00001f80 <prvHeapInit>:
/*-----------------------------------------------------------*/

static void prvHeapInit( void ) /* PRIVILEGED_FUNCTION */
{
    1f80:	b480      	push	{r7}
    1f82:	b085      	sub	sp, #20
    1f84:	af00      	add	r7, sp, #0
    BlockLink_t * pxFirstFreeBlock;
    portPOINTER_SIZE_TYPE uxStartAddress, uxEndAddress;
    size_t xTotalHeapSize = configTOTAL_HEAP_SIZE;
    1f86:	f44f 5380 	mov.w	r3, #4096	; 0x1000
    1f8a:	60bb      	str	r3, [r7, #8]

    /* Ensure the heap starts on a correctly aligned boundary. */
    uxStartAddress = ( portPOINTER_SIZE_TYPE ) ucHeap;
    1f8c:	4b24      	ldr	r3, [pc, #144]	; (2020 <prvHeapInit+0xa0>)
    1f8e:	60fb      	str	r3, [r7, #12]

    if( ( uxStartAddress & portBYTE_ALIGNMENT_MASK ) != 0 )
    1f90:	68fb      	ldr	r3, [r7, #12]
    1f92:	f003 0307 	and.w	r3, r3, #7
    1f96:	2b00      	cmp	r3, #0
    1f98:	d00c      	beq.n	1fb4 <prvHeapInit+0x34>
    {
        uxStartAddress += ( portBYTE_ALIGNMENT - 1 );
    1f9a:	68fb      	ldr	r3, [r7, #12]
    1f9c:	3307      	adds	r3, #7
    1f9e:	60fb      	str	r3, [r7, #12]
        uxStartAddress &= ~( ( portPOINTER_SIZE_TYPE ) portBYTE_ALIGNMENT_MASK );
    1fa0:	68fb      	ldr	r3, [r7, #12]
    1fa2:	f023 0307 	bic.w	r3, r3, #7
    1fa6:	60fb      	str	r3, [r7, #12]
        xTotalHeapSize -= ( size_t ) ( uxStartAddress - ( portPOINTER_SIZE_TYPE ) ucHeap );
    1fa8:	68ba      	ldr	r2, [r7, #8]
    1faa:	68fb      	ldr	r3, [r7, #12]
    1fac:	1ad3      	subs	r3, r2, r3
    1fae:	4a1c      	ldr	r2, [pc, #112]	; (2020 <prvHeapInit+0xa0>)
    1fb0:	4413      	add	r3, r2
    1fb2:	60bb      	str	r3, [r7, #8]
    }
    #endif

    /* xStart is used to hold a pointer to the first item in the list of free
     * blocks.  The void cast is used to prevent compiler warnings. */
    xStart.pxNextFreeBlock = ( void * ) heapPROTECT_BLOCK_POINTER( uxStartAddress );
    1fb4:	68fb      	ldr	r3, [r7, #12]
    1fb6:	4a1b      	ldr	r2, [pc, #108]	; (2024 <prvHeapInit+0xa4>)
    1fb8:	6013      	str	r3, [r2, #0]
    xStart.xBlockSize = ( size_t ) 0;
    1fba:	4b1a      	ldr	r3, [pc, #104]	; (2024 <prvHeapInit+0xa4>)
    1fbc:	2200      	movs	r2, #0
    1fbe:	605a      	str	r2, [r3, #4]

    /* pxEnd is used to mark the end of the list of free blocks and is inserted
     * at the end of the heap space. */
    uxEndAddress = uxStartAddress + ( portPOINTER_SIZE_TYPE ) xTotalHeapSize;
    1fc0:	68fa      	ldr	r2, [r7, #12]
    1fc2:	68bb      	ldr	r3, [r7, #8]
    1fc4:	4413      	add	r3, r2
    1fc6:	607b      	str	r3, [r7, #4]
    uxEndAddress -= ( portPOINTER_SIZE_TYPE ) xHeapStructSize;
    1fc8:	2208      	movs	r2, #8
    1fca:	687b      	ldr	r3, [r7, #4]
    1fcc:	1a9b      	subs	r3, r3, r2
    1fce:	607b      	str	r3, [r7, #4]
    uxEndAddress &= ~( ( portPOINTER_SIZE_TYPE ) portBYTE_ALIGNMENT_MASK );
    1fd0:	687b      	ldr	r3, [r7, #4]
    1fd2:	f023 0307 	bic.w	r3, r3, #7
    1fd6:	607b      	str	r3, [r7, #4]
    pxEnd = ( BlockLink_t * ) uxEndAddress;
    1fd8:	687b      	ldr	r3, [r7, #4]
    1fda:	4a13      	ldr	r2, [pc, #76]	; (2028 <prvHeapInit+0xa8>)
    1fdc:	6013      	str	r3, [r2, #0]
    pxEnd->xBlockSize = 0;
    1fde:	4b12      	ldr	r3, [pc, #72]	; (2028 <prvHeapInit+0xa8>)
    1fe0:	681b      	ldr	r3, [r3, #0]
    1fe2:	2200      	movs	r2, #0
    1fe4:	605a      	str	r2, [r3, #4]
    pxEnd->pxNextFreeBlock = heapPROTECT_BLOCK_POINTER( NULL );
    1fe6:	4b10      	ldr	r3, [pc, #64]	; (2028 <prvHeapInit+0xa8>)
    1fe8:	681b      	ldr	r3, [r3, #0]
    1fea:	2200      	movs	r2, #0
    1fec:	601a      	str	r2, [r3, #0]

    /* To start with there is a single free block that is sized to take up the
     * entire heap space, minus the space taken by pxEnd. */
    pxFirstFreeBlock = ( BlockLink_t * ) uxStartAddress;
    1fee:	68fb      	ldr	r3, [r7, #12]
    1ff0:	603b      	str	r3, [r7, #0]
    pxFirstFreeBlock->xBlockSize = ( size_t ) ( uxEndAddress - ( portPOINTER_SIZE_TYPE ) pxFirstFreeBlock );
    1ff2:	683b      	ldr	r3, [r7, #0]
    1ff4:	687a      	ldr	r2, [r7, #4]
    1ff6:	1ad2      	subs	r2, r2, r3
    1ff8:	683b      	ldr	r3, [r7, #0]
    1ffa:	605a      	str	r2, [r3, #4]
    pxFirstFreeBlock->pxNextFreeBlock = heapPROTECT_BLOCK_POINTER( pxEnd );
    1ffc:	4b0a      	ldr	r3, [pc, #40]	; (2028 <prvHeapInit+0xa8>)
    1ffe:	681a      	ldr	r2, [r3, #0]
    2000:	683b      	ldr	r3, [r7, #0]
    2002:	601a      	str	r2, [r3, #0]

    /* Only one block exists - and it covers the entire usable heap space. */
    xMinimumEverFreeBytesRemaining = pxFirstFreeBlock->xBlockSize;
    2004:	683b      	ldr	r3, [r7, #0]
    2006:	685b      	ldr	r3, [r3, #4]
    2008:	4a08      	ldr	r2, [pc, #32]	; (202c <prvHeapInit+0xac>)
    200a:	6013      	str	r3, [r2, #0]
    xFreeBytesRemaining = pxFirstFreeBlock->xBlockSize;
    200c:	683b      	ldr	r3, [r7, #0]
    200e:	685b      	ldr	r3, [r3, #4]
    2010:	4a07      	ldr	r2, [pc, #28]	; (2030 <prvHeapInit+0xb0>)
    2012:	6013      	str	r3, [r2, #0]
}
    2014:	bf00      	nop
    2016:	3714      	adds	r7, #20
    2018:	46bd      	mov	sp, r7
    201a:	bc80      	pop	{r7}
    201c:	4770      	bx	lr
    201e:	bf00      	nop
    2020:	200000e0 	andcs	r0, r0, r0, ror #1
    2024:	200010e0 	andcs	r1, r0, r0, ror #1
    2028:	200010e8 	andcs	r1, r0, r8, ror #1
    202c:	200010f0 	strdcs	r1, [r0], -r0
    2030:	200010ec 	andcs	r1, r0, ip, ror #1

00002034 <prvInsertBlockIntoFreeList>:
/*-----------------------------------------------------------*/

static void prvInsertBlockIntoFreeList( BlockLink_t * pxBlockToInsert ) /* PRIVILEGED_FUNCTION */
{
    2034:	b480      	push	{r7}
    2036:	b085      	sub	sp, #20
    2038:	af00      	add	r7, sp, #0
    203a:	6078      	str	r0, [r7, #4]
    BlockLink_t * pxIterator;
    uint8_t * puc;

    /* Iterate through the list until a block is found that has a higher address
     * than the block being inserted. */
    for( pxIterator = &xStart; heapPROTECT_BLOCK_POINTER( pxIterator->pxNextFreeBlock ) < pxBlockToInsert; pxIterator = heapPROTECT_BLOCK_POINTER( pxIterator->pxNextFreeBlock ) )
    203c:	4b27      	ldr	r3, [pc, #156]	; (20dc <prvInsertBlockIntoFreeList+0xa8>)
    203e:	60fb      	str	r3, [r7, #12]
    2040:	e002      	b.n	2048 <prvInsertBlockIntoFreeList+0x14>
    2042:	68fb      	ldr	r3, [r7, #12]
    2044:	681b      	ldr	r3, [r3, #0]
    2046:	60fb      	str	r3, [r7, #12]
    2048:	68fb      	ldr	r3, [r7, #12]
    204a:	681b      	ldr	r3, [r3, #0]
    204c:	687a      	ldr	r2, [r7, #4]
    204e:	429a      	cmp	r2, r3
    2050:	d8f7      	bhi.n	2042 <prvInsertBlockIntoFreeList+0xe>
        heapVALIDATE_BLOCK_POINTER( pxIterator );
    }

    /* Do the block being inserted, and the block it is being inserted after
     * make a contiguous block of memory? */
    puc = ( uint8_t * ) pxIterator;
    2052:	68fb      	ldr	r3, [r7, #12]
    2054:	60bb      	str	r3, [r7, #8]

    if( ( puc + pxIterator->xBlockSize ) == ( uint8_t * ) pxBlockToInsert )
    2056:	68fb      	ldr	r3, [r7, #12]
    2058:	685b      	ldr	r3, [r3, #4]
    205a:	68ba      	ldr	r2, [r7, #8]
    205c:	4413      	add	r3, r2
    205e:	687a      	ldr	r2, [r7, #4]
    2060:	429a      	cmp	r2, r3
    2062:	d108      	bne.n	2076 <prvInsertBlockIntoFreeList+0x42>
    {
        pxIterator->xBlockSize += pxBlockToInsert->xBlockSize;
    2064:	68fb      	ldr	r3, [r7, #12]
    2066:	685a      	ldr	r2, [r3, #4]
    2068:	687b      	ldr	r3, [r7, #4]
    206a:	685b      	ldr	r3, [r3, #4]
    206c:	441a      	add	r2, r3
    206e:	68fb      	ldr	r3, [r7, #12]
    2070:	605a      	str	r2, [r3, #4]
        pxBlockToInsert = pxIterator;
    2072:	68fb      	ldr	r3, [r7, #12]
    2074:	607b      	str	r3, [r7, #4]
        mtCOVERAGE_TEST_MARKER();
    }

    /* Do the block being inserted, and the block it is being inserted before
     * make a contiguous block of memory? */
    puc = ( uint8_t * ) pxBlockToInsert;
    2076:	687b      	ldr	r3, [r7, #4]
    2078:	60bb      	str	r3, [r7, #8]

    if( ( puc + pxBlockToInsert->xBlockSize ) == ( uint8_t * ) heapPROTECT_BLOCK_POINTER( pxIterator->pxNextFreeBlock ) )
    207a:	687b      	ldr	r3, [r7, #4]
    207c:	685b      	ldr	r3, [r3, #4]
    207e:	68ba      	ldr	r2, [r7, #8]
    2080:	441a      	add	r2, r3
    2082:	68fb      	ldr	r3, [r7, #12]
    2084:	681b      	ldr	r3, [r3, #0]
    2086:	429a      	cmp	r2, r3
    2088:	d118      	bne.n	20bc <prvInsertBlockIntoFreeList+0x88>
    {
        if( heapPROTECT_BLOCK_POINTER( pxIterator->pxNextFreeBlock ) != pxEnd )
    208a:	68fb      	ldr	r3, [r7, #12]
    208c:	681a      	ldr	r2, [r3, #0]
    208e:	4b14      	ldr	r3, [pc, #80]	; (20e0 <prvInsertBlockIntoFreeList+0xac>)
    2090:	681b      	ldr	r3, [r3, #0]
    2092:	429a      	cmp	r2, r3
    2094:	d00d      	beq.n	20b2 <prvInsertBlockIntoFreeList+0x7e>
        {
            /* Form one big block from the two blocks. */
            pxBlockToInsert->xBlockSize += heapPROTECT_BLOCK_POINTER( pxIterator->pxNextFreeBlock )->xBlockSize;
    2096:	687b      	ldr	r3, [r7, #4]
    2098:	685a      	ldr	r2, [r3, #4]
    209a:	68fb      	ldr	r3, [r7, #12]
    209c:	681b      	ldr	r3, [r3, #0]
    209e:	685b      	ldr	r3, [r3, #4]
    20a0:	441a      	add	r2, r3
    20a2:	687b      	ldr	r3, [r7, #4]
    20a4:	605a      	str	r2, [r3, #4]
            pxBlockToInsert->pxNextFreeBlock = heapPROTECT_BLOCK_POINTER( pxIterator->pxNextFreeBlock )->pxNextFreeBlock;
    20a6:	68fb      	ldr	r3, [r7, #12]
    20a8:	681b      	ldr	r3, [r3, #0]
    20aa:	681a      	ldr	r2, [r3, #0]
    20ac:	687b      	ldr	r3, [r7, #4]
    20ae:	601a      	str	r2, [r3, #0]
    20b0:	e008      	b.n	20c4 <prvInsertBlockIntoFreeList+0x90>
        }
        else
        {
            pxBlockToInsert->pxNextFreeBlock = heapPROTECT_BLOCK_POINTER( pxEnd );
    20b2:	4b0b      	ldr	r3, [pc, #44]	; (20e0 <prvInsertBlockIntoFreeList+0xac>)
    20b4:	681a      	ldr	r2, [r3, #0]
    20b6:	687b      	ldr	r3, [r7, #4]
    20b8:	601a      	str	r2, [r3, #0]
    20ba:	e003      	b.n	20c4 <prvInsertBlockIntoFreeList+0x90>
        }
    }
    else
    {
        pxBlockToInsert->pxNextFreeBlock = pxIterator->pxNextFreeBlock;
    20bc:	68fb      	ldr	r3, [r7, #12]
    20be:	681a      	ldr	r2, [r3, #0]
    20c0:	687b      	ldr	r3, [r7, #4]
    20c2:	601a      	str	r2, [r3, #0]

    /* If the block being inserted plugged a gap, so was merged with the block
     * before and the block after, then it's pxNextFreeBlock pointer will have
     * already been set, and should not be set here as that would make it point
     * to itself. */
    if( pxIterator != pxBlockToInsert )
    20c4:	68fa      	ldr	r2, [r7, #12]
    20c6:	687b      	ldr	r3, [r7, #4]
    20c8:	429a      	cmp	r2, r3
    20ca:	d002      	beq.n	20d2 <prvInsertBlockIntoFreeList+0x9e>
    {
        pxIterator->pxNextFreeBlock = heapPROTECT_BLOCK_POINTER( pxBlockToInsert );
    20cc:	68fb      	ldr	r3, [r7, #12]
    20ce:	687a      	ldr	r2, [r7, #4]
    20d0:	601a      	str	r2, [r3, #0]
    }
    else
    {
        mtCOVERAGE_TEST_MARKER();
    }
}
    20d2:	bf00      	nop
    20d4:	3714      	adds	r7, #20
    20d6:	46bd      	mov	sp, r7
    20d8:	bc80      	pop	{r7}
    20da:	4770      	bx	lr
    20dc:	200010e0 	andcs	r1, r0, r0, ror #1
    20e0:	200010e8 	andcs	r1, r0, r8, ror #1

000020e4 <vPortGetHeapStats>:
/*-----------------------------------------------------------*/

void vPortGetHeapStats( HeapStats_t * pxHeapStats )
{
    20e4:	b580      	push	{r7, lr}
    20e6:	b086      	sub	sp, #24
    20e8:	af00      	add	r7, sp, #0
    20ea:	6078      	str	r0, [r7, #4]
    BlockLink_t * pxBlock;
    size_t xBlocks = 0, xMaxSize = 0, xMinSize = SIZE_MAX;
    20ec:	2300      	movs	r3, #0
    20ee:	613b      	str	r3, [r7, #16]
    20f0:	2300      	movs	r3, #0
    20f2:	60fb      	str	r3, [r7, #12]
    20f4:	f04f 33ff 	mov.w	r3, #4294967295	; 0xffffffff
    20f8:	60bb      	str	r3, [r7, #8]

    vTaskSuspendAll();
    20fa:	f7fe fac7 	bl	68c <vTaskSuspendAll>
    {
        pxBlock = heapPROTECT_BLOCK_POINTER( xStart.pxNextFreeBlock );
    20fe:	4b22      	ldr	r3, [pc, #136]	; (2188 <vPortGetHeapStats+0xa4>)
    2100:	681b      	ldr	r3, [r3, #0]
    2102:	617b      	str	r3, [r7, #20]

        /* pxBlock will be NULL if the heap has not been initialised.  The heap
         * is initialised automatically when the first allocation is made. */
        if( pxBlock != NULL )
    2104:	697b      	ldr	r3, [r7, #20]
    2106:	2b00      	cmp	r3, #0
    2108:	d01b      	beq.n	2142 <vPortGetHeapStats+0x5e>
        {
            while( pxBlock != pxEnd )
    210a:	e015      	b.n	2138 <vPortGetHeapStats+0x54>
            {
                /* Increment the number of blocks and record the largest block seen
                 * so far. */
                xBlocks++;
    210c:	693b      	ldr	r3, [r7, #16]
    210e:	3301      	adds	r3, #1
    2110:	613b      	str	r3, [r7, #16]

                if( pxBlock->xBlockSize > xMaxSize )
    2112:	697b      	ldr	r3, [r7, #20]
    2114:	685b      	ldr	r3, [r3, #4]
    2116:	68fa      	ldr	r2, [r7, #12]
    2118:	429a      	cmp	r2, r3
    211a:	d202      	bcs.n	2122 <vPortGetHeapStats+0x3e>
                {
                    xMaxSize = pxBlock->xBlockSize;
    211c:	697b      	ldr	r3, [r7, #20]
    211e:	685b      	ldr	r3, [r3, #4]
    2120:	60fb      	str	r3, [r7, #12]
                }

                if( pxBlock->xBlockSize < xMinSize )
    2122:	697b      	ldr	r3, [r7, #20]
    2124:	685b      	ldr	r3, [r3, #4]
    2126:	68ba      	ldr	r2, [r7, #8]
    2128:	429a      	cmp	r2, r3
    212a:	d902      	bls.n	2132 <vPortGetHeapStats+0x4e>
                {
                    xMinSize = pxBlock->xBlockSize;
    212c:	697b      	ldr	r3, [r7, #20]
    212e:	685b      	ldr	r3, [r3, #4]
    2130:	60bb      	str	r3, [r7, #8]
                }

                /* Move to the next block in the chain until the last block is
                 * reached. */
                pxBlock = heapPROTECT_BLOCK_POINTER( pxBlock->pxNextFreeBlock );
    2132:	697b      	ldr	r3, [r7, #20]
    2134:	681b      	ldr	r3, [r3, #0]
    2136:	617b      	str	r3, [r7, #20]
            while( pxBlock != pxEnd )
    2138:	4b14      	ldr	r3, [pc, #80]	; (218c <vPortGetHeapStats+0xa8>)
    213a:	681b      	ldr	r3, [r3, #0]
    213c:	697a      	ldr	r2, [r7, #20]
    213e:	429a      	cmp	r2, r3
    2140:	d1e4      	bne.n	210c <vPortGetHeapStats+0x28>
            }
        }
    }
    ( void ) xTaskResumeAll();
    2142:	f7fe fab1 	bl	6a8 <xTaskResumeAll>

    pxHeapStats->xSizeOfLargestFreeBlockInBytes = xMaxSize;
    2146:	687b      	ldr	r3, [r7, #4]
    2148:	68fa      	ldr	r2, [r7, #12]
    214a:	605a      	str	r2, [r3, #4]
    pxHeapStats->xSizeOfSmallestFreeBlockInBytes = xMinSize;
    214c:	687b      	ldr	r3, [r7, #4]
    214e:	68ba      	ldr	r2, [r7, #8]
    2150:	609a      	str	r2, [r3, #8]
    pxHeapStats->xNumberOfFreeBlocks = xBlocks;
    2152:	687b      	ldr	r3, [r7, #4]
    2154:	693a      	ldr	r2, [r7, #16]
    2156:	60da      	str	r2, [r3, #12]

    taskENTER_CRITICAL();
    2158:	f000 f8de 	bl	2318 <vPortEnterCritical>
    {
        pxHeapStats->xAvailableHeapSpaceInBytes = xFreeBytesRemaining;
    215c:	4b0c      	ldr	r3, [pc, #48]	; (2190 <vPortGetHeapStats+0xac>)
    215e:	681a      	ldr	r2, [r3, #0]
    2160:	687b      	ldr	r3, [r7, #4]
    2162:	601a      	str	r2, [r3, #0]
        pxHeapStats->xNumberOfSuccessfulAllocations = xNumberOfSuccessfulAllocations;
    2164:	4b0b      	ldr	r3, [pc, #44]	; (2194 <vPortGetHeapStats+0xb0>)
    2166:	681a      	ldr	r2, [r3, #0]
    2168:	687b      	ldr	r3, [r7, #4]
    216a:	615a      	str	r2, [r3, #20]
        pxHeapStats->xNumberOfSuccessfulFrees = xNumberOfSuccessfulFrees;
    216c:	4b0a      	ldr	r3, [pc, #40]	; (2198 <vPortGetHeapStats+0xb4>)
    216e:	681a      	ldr	r2, [r3, #0]
    2170:	687b      	ldr	r3, [r7, #4]
    2172:	619a      	str	r2, [r3, #24]
        pxHeapStats->xMinimumEverFreeBytesRemaining = xMinimumEverFreeBytesRemaining;
    2174:	4b09      	ldr	r3, [pc, #36]	; (219c <vPortGetHeapStats+0xb8>)
    2176:	681a      	ldr	r2, [r3, #0]
    2178:	687b      	ldr	r3, [r7, #4]
    217a:	611a      	str	r2, [r3, #16]
    }
    taskEXIT_CRITICAL();
    217c:	f000 f8e6 	bl	234c <vPortExitCritical>
}
    2180:	bf00      	nop
    2182:	3718      	adds	r7, #24
    2184:	46bd      	mov	sp, r7
    2186:	bd80      	pop	{r7, pc}
    2188:	200010e0 	andcs	r1, r0, r0, ror #1
    218c:	200010e8 	andcs	r1, r0, r8, ror #1
    2190:	200010ec 	andcs	r1, r0, ip, ror #1
    2194:	200010f4 	strdcs	r1, [r0], -r4
    2198:	200010f8 	strdcs	r1, [r0], -r8
    219c:	200010f0 	strdcs	r1, [r0], -r0

000021a0 <vPortHeapResetState>:
 * Reset the state in this file. This state is normally initialized at start up.
 * This function must be called by the application before restarting the
 * scheduler.
 */
void vPortHeapResetState( void )
{
    21a0:	b480      	push	{r7}
    21a2:	af00      	add	r7, sp, #0
    pxEnd = NULL;
    21a4:	4b09      	ldr	r3, [pc, #36]	; (21cc <vPortHeapResetState+0x2c>)
    21a6:	2200      	movs	r2, #0
    21a8:	601a      	str	r2, [r3, #0]

    xFreeBytesRemaining = ( size_t ) 0U;
    21aa:	4b09      	ldr	r3, [pc, #36]	; (21d0 <vPortHeapResetState+0x30>)
    21ac:	2200      	movs	r2, #0
    21ae:	601a      	str	r2, [r3, #0]
    xMinimumEverFreeBytesRemaining = ( size_t ) 0U;
    21b0:	4b08      	ldr	r3, [pc, #32]	; (21d4 <vPortHeapResetState+0x34>)
    21b2:	2200      	movs	r2, #0
    21b4:	601a      	str	r2, [r3, #0]
    xNumberOfSuccessfulAllocations = ( size_t ) 0U;
    21b6:	4b08      	ldr	r3, [pc, #32]	; (21d8 <vPortHeapResetState+0x38>)
    21b8:	2200      	movs	r2, #0
    21ba:	601a      	str	r2, [r3, #0]
    xNumberOfSuccessfulFrees = ( size_t ) 0U;
    21bc:	4b07      	ldr	r3, [pc, #28]	; (21dc <vPortHeapResetState+0x3c>)
    21be:	2200      	movs	r2, #0
    21c0:	601a      	str	r2, [r3, #0]
}
    21c2:	bf00      	nop
    21c4:	46bd      	mov	sp, r7
    21c6:	bc80      	pop	{r7}
    21c8:	4770      	bx	lr
    21ca:	bf00      	nop
    21cc:	200010e8 	andcs	r1, r0, r8, ror #1
    21d0:	200010ec 	andcs	r1, r0, ip, ror #1
    21d4:	200010f0 	strdcs	r1, [r0], -r0
    21d8:	200010f4 	strdcs	r1, [r0], -r4
    21dc:	200010f8 	strdcs	r1, [r0], -r8

000021e0 <pxPortInitialiseStack>:
 * See header file for description.
 */
StackType_t * pxPortInitialiseStack( StackType_t * pxTopOfStack,
                                     TaskFunction_t pxCode,
                                     void * pvParameters )
{
    21e0:	b480      	push	{r7}
    21e2:	b085      	sub	sp, #20
    21e4:	af00      	add	r7, sp, #0
    21e6:	60f8      	str	r0, [r7, #12]
    21e8:	60b9      	str	r1, [r7, #8]
    21ea:	607a      	str	r2, [r7, #4]
    /* Simulate the stack frame as it would be created by a context switch
     * interrupt. */
    pxTopOfStack--;                                                      /* Offset added to account for the way the MCU uses the stack on entry/exit of interrupts. */
    21ec:	68fb      	ldr	r3, [r7, #12]
    21ee:	3b04      	subs	r3, #4
    21f0:	60fb      	str	r3, [r7, #12]
    *pxTopOfStack = portINITIAL_XPSR;                                    /* xPSR */
    21f2:	68fb      	ldr	r3, [r7, #12]
    21f4:	f04f 7280 	mov.w	r2, #16777216	; 0x1000000
    21f8:	601a      	str	r2, [r3, #0]
    pxTopOfStack--;
    21fa:	68fb      	ldr	r3, [r7, #12]
    21fc:	3b04      	subs	r3, #4
    21fe:	60fb      	str	r3, [r7, #12]
    *pxTopOfStack = ( ( StackType_t ) pxCode ) & portSTART_ADDRESS_MASK; /* PC */
    2200:	68bb      	ldr	r3, [r7, #8]
    2202:	f023 0201 	bic.w	r2, r3, #1
    2206:	68fb      	ldr	r3, [r7, #12]
    2208:	601a      	str	r2, [r3, #0]
    pxTopOfStack--;
    220a:	68fb      	ldr	r3, [r7, #12]
    220c:	3b04      	subs	r3, #4
    220e:	60fb      	str	r3, [r7, #12]
    *pxTopOfStack = ( StackType_t ) portTASK_RETURN_ADDRESS;             /* LR */
    2210:	4a08      	ldr	r2, [pc, #32]	; (2234 <pxPortInitialiseStack+0x54>)
    2212:	68fb      	ldr	r3, [r7, #12]
    2214:	601a      	str	r2, [r3, #0]
    pxTopOfStack -= 5;                                                   /* R12, R3, R2 and R1. */
    2216:	68fb      	ldr	r3, [r7, #12]
    2218:	3b14      	subs	r3, #20
    221a:	60fb      	str	r3, [r7, #12]
    *pxTopOfStack = ( StackType_t ) pvParameters;                        /* R0 */
    221c:	687a      	ldr	r2, [r7, #4]
    221e:	68fb      	ldr	r3, [r7, #12]
    2220:	601a      	str	r2, [r3, #0]
    pxTopOfStack -= 8;                                                   /* R11, R10, R9, R8, R7, R6, R5 and R4. */
    2222:	68fb      	ldr	r3, [r7, #12]
    2224:	3b20      	subs	r3, #32
    2226:	60fb      	str	r3, [r7, #12]

    return pxTopOfStack;
    2228:	68fb      	ldr	r3, [r7, #12]
}
    222a:	4618      	mov	r0, r3
    222c:	3714      	adds	r7, #20
    222e:	46bd      	mov	sp, r7
    2230:	bc80      	pop	{r7}
    2232:	4770      	bx	lr
    2234:	00002239 	andeq	r2, r0, r9, lsr r2

00002238 <prvTaskExitError>:
/*-----------------------------------------------------------*/

static void prvTaskExitError( void )
{
    2238:	b480      	push	{r7}
    223a:	b083      	sub	sp, #12
    223c:	af00      	add	r7, sp, #0
    volatile uint32_t ulDummy = 0UL;
    223e:	2300      	movs	r3, #0
    2240:	603b      	str	r3, [r7, #0]
    __asm volatile
    2242:	f04f 0301 	mov.w	r3, #1
    2246:	f383 8811 	msr	BASEPRI, r3
    224a:	f3bf 8f6f 	isb	sy
    224e:	f3bf 8f4f 	dsb	sy
    2252:	607b      	str	r3, [r7, #4]
}
    2254:	bf00      	nop
     * Artificially force an assert() to be triggered if configASSERT() is
     * defined, then stop here so application writers can catch the error. */
    configASSERT( uxCriticalNesting == ~0UL );
    portDISABLE_INTERRUPTS();

    while( ulDummy == 0 )
    2256:	bf00      	nop
    2258:	683b      	ldr	r3, [r7, #0]
    225a:	2b00      	cmp	r3, #0
    225c:	d0fc      	beq.n	2258 <prvTaskExitError+0x20>
         * about code appearing after this function is called - making ulDummy
         * volatile makes the compiler think the function could return and
         * therefore not output an 'unreachable code' warning for code that appears
         * after it. */
    }
}
    225e:	bf00      	nop
    2260:	bf00      	nop
    2262:	370c      	adds	r7, #12
    2264:	46bd      	mov	sp, r7
    2266:	bc80      	pop	{r7}
    2268:	4770      	bx	lr

0000226a <vPortSVCHandler>:
/*-----------------------------------------------------------*/

void vPortSVCHandler( void )
{
    __asm volatile (
    226a:	4b08      	ldr	r3, [pc, #32]	; (228c <vPortSVCHandler+0x22>)
    226c:	6819      	ldr	r1, [r3, #0]
    226e:	6808      	ldr	r0, [r1, #0]
    2270:	e8b0 0ff0 	ldmia.w	r0!, {r4, r5, r6, r7, r8, r9, sl, fp}
    2274:	f380 8809 	msr	PSP, r0
    2278:	f3bf 8f6f 	isb	sy
    227c:	f04f 0000 	mov.w	r0, #0
    2280:	f380 8811 	msr	BASEPRI, r0
    2284:	f04e 0e0d 	orr.w	lr, lr, #13
    2288:	4770      	bx	lr
    228a:	00080000 	andeq	r0, r8, r0
    228e:	bf002000 	svclt	0x00002000

00002292 <prvPortStartFirstTask>:
}
/*-----------------------------------------------------------*/

static void prvPortStartFirstTask( void )
{
    __asm volatile (
    2292:	4806      	ldr	r0, [pc, #24]	; (22ac <prvPortStartFirstTask+0x1a>)
    2294:	6800      	ldr	r0, [r0, #0]
    2296:	6800      	ldr	r0, [r0, #0]
    2298:	f380 8808 	msr	MSP, r0
    229c:	b662      	cpsie	i
    229e:	b661      	cpsie	f
    22a0:	f3bf 8f4f 	dsb	sy
    22a4:	f3bf 8f6f 	isb	sy
    22a8:	df00      	svc	0
    22aa:	bf00      	nop
    22ac:	e000ed08 	and	lr, r0, r8, lsl #26
        " isb                   \n"
        " svc 0                 \n" /* System call to start first task. */
        " nop                   \n"
        " .ltorg                \n"
        );
}
    22b0:	bf00      	nop

000022b2 <xPortStartScheduler>:

/*
 * See header file for description.
 */
BaseType_t xPortStartScheduler( void )
{
    22b2:	b580      	push	{r7, lr}
    22b4:	b082      	sub	sp, #8
    22b6:	af00      	add	r7, sp, #0
     * configCHECK_HANDLER_INSTALLATION to 0 in their FreeRTOSConfig.h. Direct
     * routing, which is validated here when configCHECK_HANDLER_INSTALLATION
     * is 1, should be preferred when possible. */
    #if ( configCHECK_HANDLER_INSTALLATION == 1 )
    {
        const portISR_t * const pxVectorTable = portSCB_VTOR_REG;
    22b8:	4b10      	ldr	r3, [pc, #64]	; (22fc <xPortStartScheduler+0x4a>)
    22ba:	681b      	ldr	r3, [r3, #0]
    22bc:	607b      	str	r3, [r7, #4]
    }
    #endif /* configASSERT_DEFINED */

    /* Make PendSV and SysTick the lowest priority interrupts, and make SVCall
     * the highest priority. */
    portNVIC_SHPR3_REG |= portNVIC_PENDSV_PRI;
    22be:	4b10      	ldr	r3, [pc, #64]	; (2300 <xPortStartScheduler+0x4e>)
    22c0:	681b      	ldr	r3, [r3, #0]
    22c2:	4a0f      	ldr	r2, [pc, #60]	; (2300 <xPortStartScheduler+0x4e>)
    22c4:	f443 037f 	orr.w	r3, r3, #16711680	; 0xff0000
    22c8:	6013      	str	r3, [r2, #0]
    portNVIC_SHPR3_REG |= portNVIC_SYSTICK_PRI;
    22ca:	4b0d      	ldr	r3, [pc, #52]	; (2300 <xPortStartScheduler+0x4e>)
    22cc:	681b      	ldr	r3, [r3, #0]
    22ce:	4a0c      	ldr	r2, [pc, #48]	; (2300 <xPortStartScheduler+0x4e>)
    22d0:	f043 437f 	orr.w	r3, r3, #4278190080	; 0xff000000
    22d4:	6013      	str	r3, [r2, #0]
    portNVIC_SHPR2_REG = 0;
    22d6:	4b0b      	ldr	r3, [pc, #44]	; (2304 <xPortStartScheduler+0x52>)
    22d8:	2200      	movs	r2, #0
    22da:	601a      	str	r2, [r3, #0]

    /* Start the timer that generates the tick ISR.  Interrupts are disabled
     * here already. */
    vPortSetupTimerInterrupt();
    22dc:	f000 f896 	bl	240c <vPortSetupTimerInterrupt>

    /* Initialise the critical nesting count ready for the first task. */
    uxCriticalNesting = 0;
    22e0:	4b09      	ldr	r3, [pc, #36]	; (2308 <xPortStartScheduler+0x56>)
    22e2:	2200      	movs	r2, #0
    22e4:	601a      	str	r2, [r3, #0]

    /* Start the first task. */
    prvPortStartFirstTask();
    22e6:	f7ff ffd4 	bl	2292 <prvPortStartFirstTask>
     * exit error function to prevent compiler warnings about a static function
     * not being called in the case that the application writer overrides this
     * functionality by defining configTASK_RETURN_ADDRESS.  Call
     * vTaskSwitchContext() so link time optimisation does not remove the
     * symbol. */
    vTaskSwitchContext();
    22ea:	f7fe fc35 	bl	b58 <vTaskSwitchContext>
    prvTaskExitError();
    22ee:	f7ff ffa3 	bl	2238 <prvTaskExitError>

    /* Should not get here! */
    return 0;
    22f2:	2300      	movs	r3, #0
}
    22f4:	4618      	mov	r0, r3
    22f6:	3708      	adds	r7, #8
    22f8:	46bd      	mov	sp, r7
    22fa:	bd80      	pop	{r7, pc}
    22fc:	e000ed08 	and	lr, r0, r8, lsl #26
    2300:	e000ed20 	and	lr, r0, r0, lsr #26
    2304:	e000ed1c 	and	lr, r0, ip, lsl sp
    2308:	00002458 	andeq	r2, r0, r8, asr r4

0000230c <vPortEndScheduler>:
/*-----------------------------------------------------------*/

void vPortEndScheduler( void )
{
    230c:	b480      	push	{r7}
    230e:	af00      	add	r7, sp, #0
    /* Not implemented in ports where there is nothing to return to.
     * Artificially force an assert. */
    configASSERT( uxCriticalNesting == 1000UL );
}
    2310:	bf00      	nop
    2312:	46bd      	mov	sp, r7
    2314:	bc80      	pop	{r7}
    2316:	4770      	bx	lr

00002318 <vPortEnterCritical>:
/*-----------------------------------------------------------*/

void vPortEnterCritical( void )
{
    2318:	b480      	push	{r7}
    231a:	b083      	sub	sp, #12
    231c:	af00      	add	r7, sp, #0
    __asm volatile
    231e:	f04f 0301 	mov.w	r3, #1
    2322:	f383 8811 	msr	BASEPRI, r3
    2326:	f3bf 8f6f 	isb	sy
    232a:	f3bf 8f4f 	dsb	sy
    232e:	607b      	str	r3, [r7, #4]
}
    2330:	bf00      	nop
    portDISABLE_INTERRUPTS();
    uxCriticalNesting++;
    2332:	4b05      	ldr	r3, [pc, #20]	; (2348 <vPortEnterCritical+0x30>)
    2334:	681b      	ldr	r3, [r3, #0]
    2336:	3301      	adds	r3, #1
    2338:	4a03      	ldr	r2, [pc, #12]	; (2348 <vPortEnterCritical+0x30>)
    233a:	6013      	str	r3, [r2, #0]
     * assert function also uses a critical section. */
    if( uxCriticalNesting == 1 )
    {
        configASSERT( ( portNVIC_INT_CTRL_REG & portVECTACTIVE_MASK ) == 0 );
    }
}
    233c:	bf00      	nop
    233e:	370c      	adds	r7, #12
    2340:	46bd      	mov	sp, r7
    2342:	bc80      	pop	{r7}
    2344:	4770      	bx	lr
    2346:	bf00      	nop
    2348:	00002458 	andeq	r2, r0, r8, asr r4

0000234c <vPortExitCritical>:
/*-----------------------------------------------------------*/

void vPortExitCritical( void )
{
    234c:	b480      	push	{r7}
    234e:	b083      	sub	sp, #12
    2350:	af00      	add	r7, sp, #0
    configASSERT( uxCriticalNesting );
    uxCriticalNesting--;
    2352:	4b0a      	ldr	r3, [pc, #40]	; (237c <vPortExitCritical+0x30>)
    2354:	681b      	ldr	r3, [r3, #0]
    2356:	3b01      	subs	r3, #1
    2358:	4a08      	ldr	r2, [pc, #32]	; (237c <vPortExitCritical+0x30>)
    235a:	6013      	str	r3, [r2, #0]

    if( uxCriticalNesting == 0 )
    235c:	4b07      	ldr	r3, [pc, #28]	; (237c <vPortExitCritical+0x30>)
    235e:	681b      	ldr	r3, [r3, #0]
    2360:	2b00      	cmp	r3, #0
    2362:	d105      	bne.n	2370 <vPortExitCritical+0x24>
    2364:	2300      	movs	r3, #0
    2366:	607b      	str	r3, [r7, #4]
    __asm volatile
    2368:	687b      	ldr	r3, [r7, #4]
    236a:	f383 8811 	msr	BASEPRI, r3
}
    236e:	bf00      	nop
    {
        portENABLE_INTERRUPTS();
    }
}
    2370:	bf00      	nop
    2372:	370c      	adds	r7, #12
    2374:	46bd      	mov	sp, r7
    2376:	bc80      	pop	{r7}
    2378:	4770      	bx	lr
    237a:	bf00      	nop
    237c:	00002458 	andeq	r2, r0, r8, asr r4

00002380 <xPortPendSVHandler>:

void xPortPendSVHandler( void )
{
    /* This is a naked function. */

    __asm volatile
    2380:	f3ef 8009 	mrs	r0, PSP
    2384:	f3bf 8f6f 	isb	sy
    2388:	4b0d      	ldr	r3, [pc, #52]	; (23c0 <xPortPendSVHandler+0x40>)
    238a:	681a      	ldr	r2, [r3, #0]
    238c:	e920 0ff0 	stmdb	r0!, {r4, r5, r6, r7, r8, r9, sl, fp}
    2390:	6010      	str	r0, [r2, #0]
    2392:	e92d 4008 	stmdb	sp!, {r3, lr}
    2396:	f04f 0001 	mov.w	r0, #1
    239a:	f380 8811 	msr	BASEPRI, r0
    239e:	f7fe fbdb 	bl	b58 <vTaskSwitchContext>
    23a2:	f04f 0000 	mov.w	r0, #0
    23a6:	f380 8811 	msr	BASEPRI, r0
    23aa:	e8bd 4008 	ldmia.w	sp!, {r3, lr}
    23ae:	6819      	ldr	r1, [r3, #0]
    23b0:	6808      	ldr	r0, [r1, #0]
    23b2:	e8b0 0ff0 	ldmia.w	r0!, {r4, r5, r6, r7, r8, r9, sl, fp}
    23b6:	f380 8809 	msr	PSP, r0
    23ba:	f3bf 8f6f 	isb	sy
    23be:	4770      	bx	lr
    23c0:	20000008 	andcs	r0, r0, r8
        "   bx r14                              \n"
        "                                       \n"
        "   .ltorg                              \n"
        ::"i" ( configMAX_SYSCALL_INTERRUPT_PRIORITY )
    );
}
    23c4:	bf00      	nop

000023c6 <xPortSysTickHandler>:
/*-----------------------------------------------------------*/

void xPortSysTickHandler( void )
{
    23c6:	b580      	push	{r7, lr}
    23c8:	b082      	sub	sp, #8
    23ca:	af00      	add	r7, sp, #0
    __asm volatile
    23cc:	f04f 0301 	mov.w	r3, #1
    23d0:	f383 8811 	msr	BASEPRI, r3
    23d4:	f3bf 8f6f 	isb	sy
    23d8:	f3bf 8f4f 	dsb	sy
    23dc:	607b      	str	r3, [r7, #4]
}
    23de:	bf00      	nop
     * known. */
    portDISABLE_INTERRUPTS();
    traceISR_ENTER();
    {
        /* Increment the RTOS tick. */
        if( xTaskIncrementTick() != pdFALSE )
    23e0:	f7fe fab2 	bl	948 <xTaskIncrementTick>
    23e4:	4603      	mov	r3, r0
    23e6:	2b00      	cmp	r3, #0
    23e8:	d003      	beq.n	23f2 <xPortSysTickHandler+0x2c>
        {
            traceISR_EXIT_TO_SCHEDULER();

            /* A context switch is required.  Context switching is performed in
             * the PendSV interrupt.  Pend the PendSV interrupt. */
            portNVIC_INT_CTRL_REG = portNVIC_PENDSVSET_BIT;
    23ea:	4b07      	ldr	r3, [pc, #28]	; (2408 <xPortSysTickHandler+0x42>)
    23ec:	f04f 5280 	mov.w	r2, #268435456	; 0x10000000
    23f0:	601a      	str	r2, [r3, #0]
    23f2:	2300      	movs	r3, #0
    23f4:	603b      	str	r3, [r7, #0]
    __asm volatile
    23f6:	683b      	ldr	r3, [r7, #0]
    23f8:	f383 8811 	msr	BASEPRI, r3
}
    23fc:	bf00      	nop
        {
            traceISR_EXIT();
        }
    }
    portENABLE_INTERRUPTS();
}
    23fe:	bf00      	nop
    2400:	3708      	adds	r7, #8
    2402:	46bd      	mov	sp, r7
    2404:	bd80      	pop	{r7, pc}
    2406:	bf00      	nop
    2408:	e000ed04 	and	lr, r0, r4, lsl #26

0000240c <vPortSetupTimerInterrupt>:
/*
 * Setup the systick timer to generate the tick interrupts at the required
 * frequency.
 */
__attribute__( ( weak ) ) void vPortSetupTimerInterrupt( void )
{
    240c:	b480      	push	{r7}
    240e:	af00      	add	r7, sp, #0
        ulStoppedTimerCompensation = portMISSED_COUNTS_FACTOR / ( configCPU_CLOCK_HZ / configSYSTICK_CLOCK_HZ );
    }
    #endif /* configUSE_TICKLESS_IDLE */

    /* Stop and clear the SysTick. */
    portNVIC_SYSTICK_CTRL_REG = 0UL;
    2410:	4b07      	ldr	r3, [pc, #28]	; (2430 <vPortSetupTimerInterrupt+0x24>)
    2412:	2200      	movs	r2, #0
    2414:	601a      	str	r2, [r3, #0]
    portNVIC_SYSTICK_CURRENT_VALUE_REG = 0UL;
    2416:	4b07      	ldr	r3, [pc, #28]	; (2434 <vPortSetupTimerInterrupt+0x28>)
    2418:	2200      	movs	r2, #0
    241a:	601a      	str	r2, [r3, #0]

    /* Configure SysTick to interrupt at the requested rate. */
    portNVIC_SYSTICK_LOAD_REG = ( configSYSTICK_CLOCK_HZ / configTICK_RATE_HZ ) - 1UL;
    241c:	4b06      	ldr	r3, [pc, #24]	; (2438 <vPortSetupTimerInterrupt+0x2c>)
    241e:	4a07      	ldr	r2, [pc, #28]	; (243c <vPortSetupTimerInterrupt+0x30>)
    2420:	601a      	str	r2, [r3, #0]
    portNVIC_SYSTICK_CTRL_REG = ( portNVIC_SYSTICK_CLK_BIT_CONFIG | portNVIC_SYSTICK_INT_BIT | portNVIC_SYSTICK_ENABLE_BIT );
    2422:	4b03      	ldr	r3, [pc, #12]	; (2430 <vPortSetupTimerInterrupt+0x24>)
    2424:	2203      	movs	r2, #3
    2426:	601a      	str	r2, [r3, #0]
}
    2428:	bf00      	nop
    242a:	46bd      	mov	sp, r7
    242c:	bc80      	pop	{r7}
    242e:	4770      	bx	lr
    2430:	e000e010 	and	lr, r0, r0, lsl r0
    2434:	e000e018 	and	lr, r0, r8, lsl r0
    2438:	e000e014 	and	lr, r0, r4, lsl r0
    243c:	000c34ff 	strdeq	r3, [ip], -pc	; <UNPREDICTABLE>
    2440:	00003154 	andeq	r3, r0, r4, asr r1
    2444:	00003254 	andeq	r3, r0, r4, asr r2
    2448:	454c4449 	strbmi	r4, [ip, #-1097]	; 0xfffffbb7
    244c:	00000000 	andeq	r0, r0, r0

00002450 <xHeapStructSize>:
    2450:	00000008 	andeq	r0, r0, r8

Disassembly of section .data:

00002454 <uxTopUsedPriority>:
    2454:	00000004 	andeq	r0, r0, r4

00002458 <uxCriticalNesting>:
static UBaseType_t uxCriticalNesting = 0xaaaaaaaa;
    2458:	aaaaaaaa 	bge	feaacf08 <__StackTop+0xdeaaaf08>

Disassembly of section .bss:

20000008 <pxCurrentTCB>:
    portDONT_DISCARD PRIVILEGED_DATA TCB_t * volatile pxCurrentTCB = NULL;
20000008:	00000000 	andeq	r0, r0, r0

2000000c <pxReadyTasksLists>:
	...

20000070 <xDelayedTaskList1>:
	...

20000084 <xDelayedTaskList2>:
	...

20000098 <pxDelayedTaskList>:
PRIVILEGED_DATA STATIC List_t * volatile pxDelayedTaskList;              /**< Points to the delayed task list currently being used. */
20000098:	00000000 	andeq	r0, r0, r0

2000009c <pxOverflowDelayedTaskList>:
PRIVILEGED_DATA STATIC List_t * volatile pxOverflowDelayedTaskList;      /**< Points to the delayed task list currently being used to hold tasks that have overflowed the current tick count. */
2000009c:	00000000 	andeq	r0, r0, r0

200000a0 <xPendingReadyList>:
	...

200000b4 <uxCurrentNumberOfTasks>:
PRIVILEGED_DATA STATIC volatile UBaseType_t uxCurrentNumberOfTasks = ( UBaseType_t ) 0U;
200000b4:	00000000 	andeq	r0, r0, r0

200000b8 <xTickCount>:
PRIVILEGED_DATA STATIC volatile TickType_t xTickCount = ( TickType_t ) configINITIAL_TICK_COUNT;
200000b8:	00000000 	andeq	r0, r0, r0

200000bc <uxTopReadyPriority>:
PRIVILEGED_DATA STATIC volatile UBaseType_t uxTopReadyPriority = tskIDLE_PRIORITY;
200000bc:	00000000 	andeq	r0, r0, r0

200000c0 <xSchedulerRunning>:
PRIVILEGED_DATA STATIC volatile BaseType_t xSchedulerRunning = pdFALSE;
200000c0:	00000000 	andeq	r0, r0, r0

200000c4 <xPendedTicks>:
PRIVILEGED_DATA STATIC volatile TickType_t xPendedTicks = ( TickType_t ) 0U;
200000c4:	00000000 	andeq	r0, r0, r0

200000c8 <xYieldPendings>:
PRIVILEGED_DATA STATIC volatile BaseType_t xYieldPendings[ configNUMBER_OF_CORES ] = { pdFALSE };
200000c8:	00000000 	andeq	r0, r0, r0

200000cc <xNumOfOverflows>:
PRIVILEGED_DATA STATIC volatile BaseType_t xNumOfOverflows = ( BaseType_t ) 0;
200000cc:	00000000 	andeq	r0, r0, r0

200000d0 <uxTaskNumber>:
PRIVILEGED_DATA STATIC UBaseType_t uxTaskNumber = ( UBaseType_t ) 0U;
200000d0:	00000000 	andeq	r0, r0, r0

200000d4 <xNextTaskUnblockTime>:
PRIVILEGED_DATA STATIC volatile TickType_t xNextTaskUnblockTime = ( TickType_t ) 0U; /* Initialised to portMAX_DELAY before the scheduler starts. */
200000d4:	00000000 	andeq	r0, r0, r0

200000d8 <xIdleTaskHandles>:
PRIVILEGED_DATA STATIC TaskHandle_t xIdleTaskHandles[ configNUMBER_OF_CORES ];       /**< Holds the handles of the idle tasks.  The idle tasks are created automatically when the scheduler is started. */
200000d8:	00000000 	andeq	r0, r0, r0

200000dc <uxSchedulerSuspended>:
PRIVILEGED_DATA STATIC volatile UBaseType_t uxSchedulerSuspended = ( UBaseType_t ) 0U;
200000dc:	00000000 	andeq	r0, r0, r0

200000e0 <ucHeap>:
	...

200010e0 <xStart>:
	...

200010e8 <pxEnd>:
PRIVILEGED_DATA static BlockLink_t * pxEnd = NULL;
200010e8:	00000000 	andeq	r0, r0, r0

200010ec <xFreeBytesRemaining>:
PRIVILEGED_DATA static size_t xFreeBytesRemaining = ( size_t ) 0U;
200010ec:	00000000 	andeq	r0, r0, r0

200010f0 <xMinimumEverFreeBytesRemaining>:
PRIVILEGED_DATA static size_t xMinimumEverFreeBytesRemaining = ( size_t ) 0U;
200010f0:	00000000 	andeq	r0, r0, r0

200010f4 <xNumberOfSuccessfulAllocations>:
PRIVILEGED_DATA static size_t xNumberOfSuccessfulAllocations = ( size_t ) 0U;
200010f4:	00000000 	andeq	r0, r0, r0

200010f8 <xNumberOfSuccessfulFrees>:
PRIVILEGED_DATA static size_t xNumberOfSuccessfulFrees = ( size_t ) 0U;
200010f8:	00000000 	andeq	r0, r0, r0

Disassembly of section .ARM.attributes:

00000000 <.ARM.attributes>:
   0:	00002e41 	andeq	r2, r0, r1, asr #28
   4:	61656100 	cmnvs	r5, r0, lsl #2
   8:	01006962 	tsteq	r0, r2, ror #18
   c:	00000024 	andeq	r0, r0, r4, lsr #32
  10:	726f4305 	rsbvc	r4, pc, #335544320	; 0x14000000
  14:	2d786574 	cfldr64cs	mvdx6, [r8, #-464]!	; 0xfffffe30
  18:	0600334d 	streq	r3, [r0], -sp, asr #6
  1c:	094d070a 	stmdbeq	sp, {r1, r3, r8, r9, sl}^
  20:	14041202 	strne	r1, [r4], #-514	; 0xfffffdfe
  24:	17011501 	strne	r1, [r1, -r1, lsl #10]
  28:	1a011803 	bne	4603c <_edata+0x43be0>
  2c:	Address 0x000000000000002c is out of bounds.


Disassembly of section .comment:

00000000 <.comment>:
   0:	3a434347 	bcc	10d0d24 <_edata+0x10ce8c8>
   4:	35312820 	ldrcc	r2, [r1, #-2080]!	; 0xfffff7e0
   8:	2e30313a 	mrccs	1, 1, r3, cr0, cr10, {1}
   c:	30322d33 	eorscc	r2, r2, r3, lsr sp
  10:	302e3132 	eorcc	r3, lr, r2, lsr r1
  14:	29342d37 	ldmdbcs	r4!, {r0, r1, r2, r4, r5, r8, sl, fp, sp}
  18:	2e303120 	rsfcssp	f3, f0, f0
  1c:	20312e33 	eorscs	r2, r1, r3, lsr lr
  20:	31323032 	teqcc	r2, r2, lsr r0
  24:	31323630 	teqcc	r2, r0, lsr r6
  28:	65722820 	ldrbvs	r2, [r2, #-2080]!	; 0xfffff7e0
  2c:	7361656c 	cmnvc	r1, #108, 10	; 0x1b000000
  30:	Address 0x0000000000000030 is out of bounds.


Disassembly of section .debug_line:

00000000 <.debug_line>:
       0:	00000033 	andeq	r0, r0, r3, lsr r0
       4:	001d0003 	andseq	r0, sp, r3
       8:	01020000 	mrseq	r0, (UNDEF: 2)
       c:	000d0efb 	strdeq	r0, [sp], -fp
      10:	01010101 	tsteq	r1, r1, lsl #2
      14:	01000000 	mrseq	r0, (UNDEF: 0)
      18:	00010000 	andeq	r0, r1, r0
      1c:	746f6f62 	strbtvc	r6, [pc], #-3938	; 24 <_stext+0x24>
      20:	0000532e 	andeq	r5, r0, lr, lsr #6
      24:	00000000 	andeq	r0, r0, r0
      28:	01980205 	orrseq	r0, r8, r5, lsl #4
      2c:	0b030000 	bleq	c0034 <_edata+0xbdbd8>
      30:	01022101 	tsteq	r2, r1, lsl #2
      34:	ec010100 	stfs	f0, [r1], {-0}
      38:	03000000 	movweq	r0, #0
      3c:	00008b00 	andeq	r8, r0, r0, lsl #22
      40:	fb010200 	blx	4084a <_edata+0x3e3ee>
      44:	01000d0e 	tsteq	r0, lr, lsl #26
      48:	00010101 	andeq	r0, r1, r1, lsl #2
      4c:	00010000 	andeq	r0, r1, r0
      50:	752f0100 	strvc	r0, [pc, #-256]!	; ffffff58 <__StackTop+0xdfffdf58>
      54:	6c2f7273 	sfmvs	f7, 4, [pc], #-460	; fffffe90 <__StackTop+0xdfffde90>
      58:	672f6269 	strvs	r6, [pc, -r9, ror #4]!
      5c:	612f6363 			; <UNDEFINED> instruction: 0x612f6363
      60:	6e2d6d72 	mcrvs	13, 1, r6, cr13, cr2, {3}
      64:	2d656e6f 	stclcs	14, cr6, [r5, #-444]!	; 0xfffffe44
      68:	69626165 	stmdbvs	r2!, {r0, r2, r5, r6, r8, sp, lr}^
      6c:	2e30312f 	rsfcssp	f3, f0, #10.0
      70:	2f312e33 	svccs	0x00312e33
      74:	6c636e69 	stclvs	14, cr6, [r3], #-420	; 0xfffffe5c
      78:	00656475 	rsbeq	r6, r5, r5, ror r4
      7c:	462f2e2e 	strtmi	r2, [pc], -lr, lsr #28
      80:	52656572 	rsbpl	r6, r5, #478150656	; 0x1c800000
      84:	2d534f54 	ldclcs	15, cr4, [r3, #-336]	; 0xfffffeb0
      88:	6e72654b 	cdpvs	5, 7, cr6, cr2, cr11, {2}
      8c:	702f6c65 	eorvc	r6, pc, r5, ror #24
      90:	6174726f 	cmnvs	r4, pc, ror #4
      94:	2f656c62 	svccs	0x00656c62
      98:	2f434347 	svccs	0x00434347
      9c:	5f4d5241 	svcpl	0x004d5241
      a0:	00334d43 	eorseq	r4, r3, r3, asr #26
      a4:	61747300 	cmnvs	r4, r0, lsl #6
      a8:	632e7472 			; <UNDEFINED> instruction: 0x632e7472
      ac:	00000000 	andeq	r0, r0, r0
      b0:	69647473 	stmdbvs	r4!, {r0, r1, r4, r5, r6, sl, ip, sp, lr}^
      b4:	682e746e 	stmdavs	lr!, {r1, r2, r3, r5, r6, sl, ip, sp, lr}
      b8:	00000100 	andeq	r0, r0, r0, lsl #2
      bc:	74726f70 	ldrbtvc	r6, [r2], #-3952	; 0xfffff090
      c0:	7263616d 	rsbvc	r6, r3, #1073741851	; 0x4000001b
      c4:	00682e6f 	rsbeq	r2, r8, pc, ror #28
      c8:	00000002 	andeq	r0, r0, r2
      cc:	05002705 	streq	r2, [r0, #-1797]	; 0xfffff8fb
      d0:	00019c02 	andeq	r9, r1, r2, lsl #24
      d4:	12051600 	andne	r1, r5, #0, 12
      d8:	000a054b 	andeq	r0, sl, fp, asr #10
      dc:	30010402 	andcc	r0, r1, r2, lsl #8
      e0:	054e2705 	strbeq	r2, [lr, #-1797]	; 0xfffff8fb
      e4:	0a054b12 	beq	152d34 <_edata+0x1508d8>
      e8:	01040200 	mrseq	r0, R12_usr
      ec:	030d0530 	movweq	r0, #54576	; 0xd530
      f0:	0f054a0b 	svceq	0x00054a0b
      f4:	0a052f40 	beq	14bdfc <_edata+0x1499a0>
      f8:	2116052f 	tstcs	r6, pc, lsr #10
      fc:	053c0d05 	ldreq	r0, [ip, #-3333]!	; 0xfffff2fb
     100:	10053c12 	andne	r3, r5, r2, lsl ip
     104:	1f0a0520 	svcne	0x000a0520
     108:	054f0905 	strbeq	r0, [pc, #-2309]	; fffff80b <__StackTop+0xdfffd80b>
     10c:	0d052f0a 	stceq	15, cr2, [r5, #-40]	; 0xffffffd8
     110:	3c100521 	cfldr32cc	mvfx0, [r0], {33}	; 0x21
     114:	052d0a05 	streq	r0, [sp, #-2565]!	; 0xfffff5fb
     118:	05bb4e0f 	ldreq	r4, [fp, #3599]!	; 0xe0f
     11c:	052fbc05 	streq	fp, [pc, #-3077]!	; fffff51f <__StackTop+0xdfffd51f>
     120:	15022101 	strne	r2, [r2, #-257]	; 0xfffffeff
     124:	56010100 	strpl	r0, [r1], -r0, lsl #2
     128:	03000000 	movweq	r0, #0
     12c:	00002600 	andeq	r2, r0, r0, lsl #12
     130:	fb010200 	blx	4093a <_edata+0x3e4de>
     134:	01000d0e 	tsteq	r0, lr, lsl #26
     138:	00010101 	andeq	r0, r1, r1, lsl #2
     13c:	00010000 	andeq	r0, r1, r0
     140:	70000100 	andvc	r0, r0, r0, lsl #2
     144:	4674726f 	ldrbtmi	r7, [r4], -pc, ror #4
     148:	74636e75 	strbtvc	r6, [r3], #-3701	; 0xfffff18b
     14c:	736e6f69 	cmnvc	lr, #420	; 0x1a4
     150:	0000632e 	andeq	r6, r0, lr, lsr #6
     154:	05000000 	streq	r0, [r0, #-0]
     158:	02050037 	andeq	r0, r5, #55	; 0x37
     15c:	00000264 	andeq	r0, r0, r4, ror #4
     160:	67140501 	ldrvs	r0, [r4, -r1, lsl #10]
     164:	052f1305 	streq	r1, [pc, #-773]!	; fffffe67 <__StackTop+0xdfffde67>
     168:	0e05300a 	cdpeq	0, 0, cr3, cr5, cr10, {0}
     16c:	3d0c0521 	cfstr32cc	mvfx0, [ip, #-132]	; 0xffffff7c
     170:	053d0d05 	ldreq	r0, [sp, #-3333]!	; 0xfffff2fb
     174:	0c05390a 			; <UNDEFINED> instruction: 0x0c05390a
     178:	21010542 	tstcs	r1, r2, asr #10
     17c:	01000502 	tsteq	r0, r2, lsl #10
     180:	000a6401 	andeq	r6, sl, r1, lsl #8
     184:	e7000300 	str	r0, [r0, -r0, lsl #6]
     188:	02000000 	andeq	r0, r0, #0
     18c:	0d0efb01 	vstreq	d15, [lr, #-4]
     190:	01010100 	mrseq	r0, (UNDEF: 17)
     194:	00000001 	andeq	r0, r0, r1
    b start
     198:	01000001 	tsteq	r0, r1
static void vTask1(void *pvParameters){
     19c:	462f2e2e 	strtmi	r2, [pc], -lr, lsr #28
     1a0:	52656572 	rsbpl	r6, r5, #478150656	; 0x1c800000
    volatile int a = 0;
     1a4:	2d534f54 	ldclcs	15, cr4, [r3, #-336]	; 0xfffffeb0
        a++;
     1a8:	6e72654b 	cdpvs	5, 7, cr6, cr2, cr11, {2}
     1ac:	2e006c65 	cdpcs	12, 0, cr6, cr0, cr5, {3}
static void vTask2(void *pvParameters){
     1b0:	72462f2e 	subvc	r2, r6, #46, 30	; 0xb8
     1b4:	54526565 	ldrbpl	r6, [r2], #-1381	; 0xfffffa9b
    volatile int b = 0;
     1b8:	4b2d534f 	blmi	b54efc <_edata+0xb52aa0>
        b++;
     1bc:	656e7265 	strbvs	r7, [lr, #-613]!	; 0xfffffd9b
     1c0:	6f702f6c 	svcvs	0x00702f6c
void start(){
     1c4:	62617472 	rsbvs	r7, r1, #1912602624	; 0x72000000
     1c8:	472f656c 	strmi	r6, [pc, -ip, ror #10]!
    uint32_t *src = &_sidata;  //From flash
     1cc:	412f4343 			; <UNDEFINED> instruction: 0x412f4343
    uint32_t *dst = &_sdata;   //To RAM
     1d0:	435f4d52 	cmpmi	pc, #5248	; 0x1480
        *dst++ = *src++;    //copy word and increament pointers
     1d4:	2f00334d 	svccs	0x0000334d
     1d8:	2f727375 	svccs	0x00727375
     1dc:	2f62696c 	svccs	0x0062696c
     1e0:	2f636367 	svccs	0x00636367
    while(dst < &_edata){
     1e4:	2d6d7261 	sfmcs	f7, 2, [sp, #-388]!	; 0xfffffe7c
     1e8:	656e6f6e 	strbvs	r6, [lr, #-3950]!	; 0xfffff092
    dst = &_sbss;
     1ec:	6261652d 	rsbvs	r6, r1, #188743680	; 0xb400000
    while(dst < &_ebss){
     1f0:	30312f69 	eorscc	r2, r1, r9, ror #30
        *dst++ = 0;  //zero word and increament pointer
     1f4:	312e332e 			; <UNDEFINED> instruction: 0x312e332e
     1f8:	636e692f 	cmnvs	lr, #770048	; 0xbc000
    while(dst < &_ebss){
     1fc:	6564756c 	strbvs	r7, [r4, #-1388]!	; 0xfffffa94
     200:	2f2e2e00 	svccs	0x002e2e00
    xReturn = xTaskCreate(vTask1, "T1", configMINIMAL_STACK_SIZE, NULL, 1, NULL);
     204:	65657246 	strbvs	r7, [r5, #-582]!	; 0xfffffdba
     208:	534f5452 	movtpl	r5, #62546	; 0xf452
     20c:	72654b2d 	rsbvc	r4, r5, #46080	; 0xb400
     210:	2f6c656e 	svccs	0x006c656e
     214:	6c636e69 	stclvs	14, cr6, [r3], #-420	; 0xfffffe5c
     218:	00656475 	rsbeq	r6, r5, r5, ror r4
    xReturn = xTaskCreate(vTask2, "T2", configMINIMAL_STACK_SIZE, NULL, 1, NULL);
     21c:	73617400 	cmnvc	r1, #0, 8
     220:	632e736b 			; <UNDEFINED> instruction: 0x632e736b
     224:	00000100 	andeq	r0, r0, r0, lsl #2
     228:	74726f70 	ldrbtvc	r6, [r2], #-3952	; 0xfffff090
     22c:	7263616d 	rsbvc	r6, r3, #1073741851	; 0x4000001b
     230:	00682e6f 	rsbeq	r2, r8, pc, ror #28
    vTaskStartScheduler();
     234:	73000002 	movwvc	r0, #2
    return;
     238:	65646474 	strbvs	r6, [r4, #-1140]!	; 0xfffffb8c
     23c:	00682e66 	rsbeq	r2, r8, r6, ror #28
     240:	73000003 	movwvc	r0, #3
     244:	6e696474 	mcrvs	4, 3, r6, cr9, cr4, {3}
     248:	00682e74 	rsbeq	r2, r8, r4, ror lr
     24c:	70000003 	andvc	r0, r0, r3
     250:	646a6f72 	strbtvs	r6, [sl], #-3954	; 0xfffff08e
     254:	2e736665 	cdpcs	6, 7, cr6, cr3, cr5, {3}
     258:	00040068 	andeq	r0, r4, r8, rrx
     25c:	73696c00 	cmnvc	r9, #0, 24
     260:	00682e74 	rsbeq	r2, r8, r4, ror lr
void* memset(void* dest, int value, unsigned int size){
     264:	74000004 	strvc	r0, [r0], #-4
     268:	2e6b7361 	cdpcs	3, 6, cr7, cr11, cr1, {3}
     26c:	00040068 	andeq	r0, r4, r8, rrx
    unsigned char* ptr = (unsigned char*)dest;
     270:	05050000 	streq	r0, [r5, #-0]
    unsigned char byte_value = (unsigned char) value;
     274:	a0020500 	andge	r0, r2, r0, lsl #10
    while(size > 0){
     278:	03000002 	movweq	r0, #2
        *ptr = byte_value;
     27c:	05010cf4 	streq	r0, [r1, #-3316]	; 0xfffff30c
        ptr++;
     280:	742c0329 	strtvc	r0, [ip], #-809	; 0xfffffcd7
     284:	05680f05 	strbeq	r0, [r8, #-3845]!	; 0xfffff0fb
        size--;
     288:	13054228 	movwne	r4, #21032	; 0x5228
    while(size > 0){
     28c:	3e1e054c 	cfmac32cc	mvfx0, mvfx14, mvfx12
     290:	055b2705 	ldrbeq	r2, [fp, #-1797]	; 0xfffff8fb
     294:	1a055015 	bne	1542f0 <_edata+0x151e94>
     298:	330b054f 	movwcc	r0, #46415	; 0xb54f
     29c:	0a030d05 	beq	c36b8 <_edata+0xc125c>
    {
     2a0:	d910053c 	ldmdble	r0, {r2, r3, r4, r5, r8, sl}
     2a4:	03210505 			; <UNDEFINED> instruction: 0x03210505
     2a8:	14054a09 	strne	r4, [r5], #-2569	; 0xfffff5f7
     2ac:	ae0b057a 	cfrshl64ge	mvdx11, mvdx10, r0
            pxStack = ( StackType_t * ) pvPortMallocStack( ( ( ( size_t ) uxStackDepth ) * sizeof( StackType_t ) ) );
     2b0:	09030d05 	stmdbeq	r3, {r0, r2, r8, sl, fp}
     2b4:	3d15053c 	cfldr32cc	mvfx0, [r5, #-240]	; 0xffffff10
     2b8:	41100540 	tstmi	r0, r0, asr #10
            if( pxStack != NULL )
     2bc:	05210505 	streq	r0, [r1, #-1285]!	; 0xfffffafb
                pxNewTCB = ( TCB_t * ) pvPortMalloc( sizeof( TCB_t ) );
     2c0:	4a310301 	bmi	c40ecc <_edata+0xc3ea70>
     2c4:	21032305 	tstcs	r3, r5, lsl #6
                if( pxNewTCB != NULL )
     2c8:	2e2c0574 	mcrcs	5, 1, r0, cr12, cr4, {3}
     2cc:	05581605 	ldrbeq	r1, [r8, #-1541]	; 0xfffff9fb
                    ( void ) memset( ( void * ) pxNewTCB, 0x00, sizeof( TCB_t ) );
     2d0:	57052f2e 	strpl	r2, [r5, -lr, lsr #30]
     2d4:	2e160520 	cfmul64cs	mvdx0, mvdx6, mvdx0
                    pxNewTCB->pxStack = pxStack;
     2d8:	1c030705 	stcne	7, cr0, [r3], {5}
     2dc:	3e100520 	cfmul64cc	mvdx0, mvdx0, mvdx0
                    vPortFreeStack( pxStack );
     2e0:	052e0905 	streq	r0, [lr, #-2309]!	; 0xfffff6fb
     2e4:	2705222f 	strcs	r2, [r5, -pc, lsr #4]
                pxNewTCB = NULL;
     2e8:	6b17054a 	blvs	5c1818 <_edata+0x5bf3bc>
        if( pxNewTCB != NULL )
     2ec:	054a0f05 	strbeq	r0, [sl, #-3845]	; 0xfffff0fb
     2f0:	04020053 	streq	r0, [r2], #-83	; 0xffffffad
            prvInitialiseNewTask( pxTaskCode, pcName, uxStackDepth, pvParameters, uxPriority, pxCreatedTask, pxNewTCB, NULL );
     2f4:	2e790302 	cdpcs	3, 7, cr0, cr9, cr2, {0}
     2f8:	02000905 	andeq	r0, r0, #81920	; 0x14000
     2fc:	053c0104 	ldreq	r0, [ip, #-260]!	; 0xfffffefc
     300:	4a090311 	bmi	240f4c <_edata+0x23eaf0>
     304:	0a033e05 	beq	cfb20 <_edata+0xcd6c4>
     308:	03070520 	movweq	r0, #29984	; 0x7520
     30c:	14054a0a 	strne	r4, [r5], #-2570	; 0xfffff5f6
    }
     310:	351a053e 	ldrcc	r0, [sl, #-1342]	; 0xfffffac2
     314:	59430505 	stmdbpl	r3, {r0, r2, r8, sl}^
    {
     318:	05593f5c 	ldrbeq	r3, [r9, #-3932]	; 0xfffff0a4
     31c:	00c20326 	sbceq	r0, r2, r6, lsr #6
     320:	6624053c 			; <UNDEFINED> instruction: 0x6624053c
     324:	1d030705 	stcne	7, cr0, [r3, #-20]	; 0xffffffec
        pxNewTCB = prvCreateTask( pxTaskCode, pcName, uxStackDepth, pvParameters, uxPriority, pxCreatedTask );
     328:	4018052e 	andsmi	r0, r8, lr, lsr #10
     32c:	05420105 	strbeq	r0, [r2, #-261]	; 0xfffffefb
     330:	09055005 	stmdbeq	r5, {r0, r2, ip, lr}
     334:	3026054d 	eorcc	r0, r6, sp, asr #10
     338:	053c2405 	ldreq	r2, [ip, #-1029]!	; 0xfffffbfb
        if( pxNewTCB != NULL )
     33c:	0f05301e 	svceq	0x0005301e
     340:	321e052e 	andscc	r0, lr, #192937984	; 0xb800000
            prvAddNewTaskToReadyList( pxNewTCB );
     344:	053e2c05 	ldreq	r2, [lr, #-3077]!	; 0xfffff3fb
            xReturn = pdPASS;
     348:	15052e13 	strne	r2, [r5, #-3603]	; 0xfffff1ed
     34c:	03270533 			; <UNDEFINED> instruction: 0x03270533
            xReturn = errCOULD_NOT_ALLOCATE_REQUIRED_MEMORY;
     350:	13053c0c 	movwne	r3, #23564	; 0x5c0c
        return xReturn;
     354:	3025052e 	eorcc	r0, r5, lr, lsr #10
    }
     358:	053c3d05 	ldreq	r3, [ip, #-3333]!	; 0xfffff2fb
     35c:	26052e17 			; <UNDEFINED> instruction: 0x26052e17
{
     360:	03190530 	tsteq	r9, #48, 10	; 0xc000000
     364:	0d053c0d 	stceq	12, cr3, [r5, #-52]	; 0xffffffcc
     368:	05580a03 	ldrbeq	r0, [r8, #-2563]	; 0xfffff5fd
        pxTopOfStack = &( pxNewTCB->pxStack[ uxStackDepth - ( configSTACK_DEPTH_TYPE ) 1 ] );
     36c:	16410209 	strbne	r0, [r1], -r9, lsl #4
     370:	05301f05 	ldreq	r1, [r0, #-3845]!	; 0xfffff0fb
     374:	0d052e0b 	stceq	14, cr2, [r5, #-44]	; 0xffffffd4
     378:	04020032 	streq	r0, [r2], #-50	; 0xffffffce
     37c:	05740601 	ldrbeq	r0, [r4, #-1537]!	; 0xfffff9ff
        pxTopOfStack = ( StackType_t * ) ( ( ( portPOINTER_SIZE_TYPE ) pxTopOfStack ) & ( ~( ( portPOINTER_SIZE_TYPE ) portBYTE_ALIGNMENT_MASK ) ) );
     380:	05880605 	streq	r0, [r8, #1541]	; 0x605
     384:	0b920301 	bleq	fe480f90 <__StackTop+0xde47ef90>
    if( pcName != NULL )
     388:	10052008 	andne	r2, r5, r8
        for( x = ( UBaseType_t ) 0; x < ( UBaseType_t ) configMAX_TASK_NAME_LEN; x++ )
     38c:	300a053d 	andcc	r0, sl, sp, lsr r5
     390:	05751405 	ldrbeq	r1, [r5, #-1029]!	; 0xfffffbfb
            pxNewTCB->pcTaskName[ x ] = pcName[ x ];
     394:	0505341d 	streq	r3, [r5, #-1053]	; 0xfffffbe3
     398:	253f052e 	ldrcs	r0, [pc, #-1326]!	; fffffe72 <__StackTop+0xdfffde72>
     39c:	054a2905 	strbeq	r2, [sl, #-2309]	; 0xfffff6fb
     3a0:	0b055a16 	bleq	156c00 <_edata+0x1547a4>
     3a4:	0187054a 	orreq	r0, r7, sl, asr #10
            if( pcName[ x ] == ( char ) 0x00 )
     3a8:	02040200 	andeq	r0, r4, #0, 4
     3ac:	052e7903 	streq	r7, [lr, #-2307]!	; 0xfffff6fd
     3b0:	04020005 	streq	r0, [r2], #-5
        for( x = ( UBaseType_t ) 0; x < ( UBaseType_t ) configMAX_TASK_NAME_LEN; x++ )
     3b4:	0d053c01 	stceq	12, cr3, [r5, #-4]
     3b8:	054a0903 	strbeq	r0, [sl, #-2307]	; 0xfffff6fd
     3bc:	20090325 	andcs	r0, r9, r5, lsr #6
                break;
     3c0:	055b1205 	ldrbeq	r1, [fp, #-517]	; 0xfffffdfb
        pxNewTCB->pcTaskName[ configMAX_TASK_NAME_LEN - 1U ] = '\0';
     3c4:	20052e05 	andcs	r2, r5, r5, lsl #28
     3c8:	03170524 	tsteq	r7, #36, 10	; 0x9000000
    if( uxPriority >= ( UBaseType_t ) configMAX_PRIORITIES )
     3cc:	052e00ce 	streq	r0, [lr, #-206]!	; 0xffffff32
        uxPriority = ( UBaseType_t ) configMAX_PRIORITIES - ( UBaseType_t ) 1U;
     3d0:	e40a030b 	str	r0, [sl], #-779	; 0xfffffcf5
    pxNewTCB->uxPriority = uxPriority;
     3d4:	02005d05 	andeq	r5, r0, #320	; 0x140
     3d8:	a4030204 	strge	r0, [r3], #-516	; 0xfffffdfc
    vListInitialiseItem( &( pxNewTCB->xStateListItem ) );
     3dc:	05053c7f 	streq	r3, [r5, #-3199]	; 0xfffff381
     3e0:	01040200 	mrseq	r0, R12_usr
    vListInitialiseItem( &( pxNewTCB->xEventListItem ) );
     3e4:	030d053c 	movweq	r0, #54588	; 0xd53c
     3e8:	054a00de 	strbeq	r0, [sl, #-222]	; 0xffffff22
     3ec:	2017030c 	andscs	r0, r7, ip, lsl #6
    listSET_LIST_ITEM_OWNER( &( pxNewTCB->xStateListItem ), pxNewTCB );
     3f0:	b1210105 			; <UNDEFINED> instruction: 0xb1210105
    listSET_LIST_ITEM_VALUE( &( pxNewTCB->xEventListItem ), ( TickType_t ) configMAX_PRIORITIES - ( TickType_t ) uxPriority );
     3f4:	0d030f05 	stceq	15, cr0, [r3, #-20]	; 0xffffffec
     3f8:	0307053c 	movweq	r0, #30012	; 0x753c
     3fc:	02043c0f 	andeq	r3, r4, #3840	; 0xf00
    listSET_LIST_ITEM_OWNER( &( pxNewTCB->xEventListItem ), pxNewTCB );
     400:	be030505 	cfsh32lt	mvfx0, mvfx3, #5
            pxNewTCB->pxTopOfStack = pxPortInitialiseStack( pxTopOfStack, pxTaskCode, pvParameters );
     404:	01053c64 	tsteq	r5, r4, ror #24
     408:	05010498 	streq	r0, [r1, #-1176]	; 0xfffffb68
     40c:	1bd4031e 	blne	ff50108c <__StackTop+0xdf4ff08c>
     410:	4b1b0520 	blmi	6c1898 <_edata+0x6bf43c>
    if( pxCreatedTask != NULL )
     414:	053d1405 	ldreq	r1, [sp, #-1029]!	; 0xfffffbfb
     418:	3c130312 	ldccc	3, cr0, [r3], {18}
        *pxCreatedTask = ( TaskHandle_t ) pxNewTCB;
     41c:	17030505 	strne	r0, [r3, -r5, lsl #10]
}
     420:	3101052e 	tstcc	r1, lr, lsr #10
     424:	050204cc 	streq	r0, [r2, #-1228]	; 0xfffffb34
    {
     428:	63f10305 	mvnsvs	r0, #335544320	; 0x14000000
     42c:	9801053c 	stmdals	r1, {r2, r3, r4, r5, r8, sl}
        taskENTER_CRITICAL();
     430:	17050104 	strne	r0, [r5, -r4, lsl #2]
            uxCurrentNumberOfTasks = ( UBaseType_t ) ( uxCurrentNumberOfTasks + 1U );
     434:	201ca703 	andscs	sl, ip, r3, lsl #14
     438:	05400505 	strbeq	r0, [r0, #-1285]	; 0xfffffafb
     43c:	056a3101 	strbeq	r3, [sl, #-257]!	; 0xfffffeff
            if( pxCurrentTCB == NULL )
     440:	2e250320 	cdpcs	3, 2, cr0, cr5, cr0, {1}
     444:	053c1e05 	ldreq	r1, [ip, #-3589]!	; 0xfffff1fb
                pxCurrentTCB = pxNewTCB;
     448:	01053209 	tsteq	r5, r9, lsl #4
                if( uxCurrentNumberOfTasks == ( UBaseType_t ) 1 )
     44c:	0100c003 	tsteq	r0, r3
     450:	7400c503 	strvc	ip, [r0], #-1283	; 0xfffffafd
                    prvInitialiseTaskLists();
     454:	053d0d05 	ldreq	r0, [sp, #-3333]!	; 0xfffff2fb
     458:	09052f10 	stmdbeq	r5, {r4, r8, r9, sl, fp, sp}
                if( xSchedulerRunning == pdFALSE )
     45c:	052e0d03 	streq	r0, [lr, #-3331]!	; 0xfffff2fd
     460:	2405301e 	strcs	r3, [r5], #-30	; 0xffffffe2
                    if( pxCurrentTCB->uxPriority <= pxNewTCB->uxPriority )
     464:	3c220534 	cfstr32cc	mvfx0, [r2], #-208	; 0xffffff30
     468:	05312605 	ldreq	r2, [r1, #-1541]!	; 0xfffff9fb
     46c:	2c052e0f 	stccs	14, cr2, [r5], {15}
                        pxCurrentTCB = pxNewTCB;
     470:	2e13053e 	mrccs	5, 0, r0, cr3, cr14, {1}
     474:	05401a05 	strbeq	r1, [r0, #-2565]	; 0xfffff5fb
            uxTaskNumber++;
     478:	1f052521 	svcne	0x00052521
     47c:	2f19052e 	svccs	0x0019052e
            prvAddTaskToReadyList( pxNewTCB );
     480:	01040200 	mrseq	r0, R12_usr
     484:	002e0806 	eoreq	r0, lr, r6, lsl #16
     488:	4a030402 	bmi	c1498 <_edata+0xbf03c>
     48c:	03040200 	movweq	r0, #16896	; 0x4200
     490:	02008306 	andeq	r8, r0, #402653184	; 0x18000000
     494:	00130304 	andseq	r0, r3, r4, lsl #6
     498:	06010402 	streq	r0, [r1], -r2, lsl #8
     49c:	02002e08 	andeq	r2, r0, #8, 28	; 0x80
     4a0:	004a0304 	subeq	r0, sl, r4, lsl #6
     4a4:	06030402 	streq	r0, [r3], -r2, lsl #8
     4a8:	00260583 	eoreq	r0, r6, r3, lsl #11
     4ac:	02030402 	andeq	r0, r3, #33554432	; 0x2000000
     4b0:	41051841 	tstmi	r5, r1, asr #16
     4b4:	03040200 	movweq	r0, #16896	; 0x4200
     4b8:	001f052e 	andseq	r0, pc, lr, lsr #10
     4bc:	3c030402 	cfstrscc	mvf0, [r3], {2}
     4c0:	05303b05 	ldreq	r3, [r0, #-2821]!	; 0xfffff4fb
     4c4:	586f031c 	stmdapl	pc!, {r2, r3, r4, r8, r9}^	; <UNPREDICTABLE>
     4c8:	052e1a05 	streq	r1, [lr, #-2565]!	; 0xfffff5fb
     4cc:	3c210317 	stccc	3, cr0, [r1], #-92	; 0xffffffa4
     4d0:	05441905 	strbeq	r1, [r4, #-2309]	; 0xfffff6fb
     4d4:	2e0d0324 	cdpcs	3, 0, cr0, cr13, cr4, {1}
     4d8:	053e1b05 	ldreq	r1, [lr, #-2821]!	; 0xfffff4fb
     4dc:	23054025 	movwcs	r4, #20517	; 0x5025
     4e0:	323f053c 	eorscc	r0, pc, #60, 10	; 0xf000000
     4e4:	055f2105 	ldrbeq	r2, [pc, #-261]	; 3e7 <prvInitialiseNewTask+0x89>
     4e8:	2a053d1d 	bcs	14f964 <_edata+0x14d508>
     4ec:	4427053e 	strtmi	r0, [r7], #-1342	; 0xfffffac2
     4f0:	054a1705 	strbeq	r1, [sl, #-1797]	; 0xfffff8fb
     4f4:	1d05322d 	sfmne	f3, 4, [r5, #-180]	; 0xffffff4c
     4f8:	03090534 	movweq	r0, #38196	; 0x9534
     4fc:	0c059e0f 	stceq	14, cr9, [r5], {15}
     500:	21010533 	tstcs	r1, r3, lsr r5
        taskEXIT_CRITICAL();
     504:	10055c08 	andne	r5, r5, r8, lsl #24
        if( xSchedulerRunning != pdFALSE )
     508:	420c0544 	andmi	r0, ip, #68, 10	; 0x11000000
     50c:	78210105 	stmdavc	r1!, {r0, r2, r8}
            taskYIELD_ANY_CORE_IF_USING_PREEMPTION( pxNewTCB );
     510:	16031c05 	strne	r1, [r3], -r5, lsl #24
     514:	3011053c 	andscc	r0, r1, ip, lsr r5
     518:	05420c05 	strbeq	r0, [r2, #-3077]	; 0xfffff3fb
     51c:	05782101 	ldrbeq	r2, [r8, #-257]!	; 0xfffffeff
     520:	0105350c 	tsteq	r5, ip, lsl #10
     524:	0d056a2f 	vstreq	s12, [r5, #-188]	; 0xffffff44
     528:	04020051 	streq	r0, [r2], #-81	; 0xffffffaf
    }
     52c:	003c0601 	eorseq	r0, ip, r1, lsl #12
     530:	3c020402 	cfstrscc	mvf0, [r2], {2}
     534:	02000b05 	andeq	r0, r0, #5120	; 0x1400
     538:	20060404 	andcs	r0, r6, r4, lsl #8
     53c:	02000c05 	andeq	r0, r0, #1280	; 0x500
     540:	05250404 	streq	r0, [r5, #-1028]!	; 0xfffffbfc
     544:	04020001 	streq	r0, [r2], #-1
     548:	ea032f04 	b	cc160 <_edata+0xc9d04>
     54c:	05058202 	streq	r8, [r5, #-514]	; 0xfffffdfe
{
     550:	314a0b03 	cmpcc	sl, r3, lsl #22
     554:	05301605 	ldreq	r1, [r0, #-1541]!	; 0xfffff9fb
    BaseType_t xReturn = pdPASS;
     558:	16056805 	strne	r6, [r5], -r5, lsl #16
    char cIdleName[ configMAX_TASK_NAME_LEN ] = { 0 };
     55c:	400c052f 	andmi	r0, ip, pc, lsr #10
     560:	03210105 			; <UNDEFINED> instruction: 0x03210105
     564:	056600e4 	strbeq	r0, [r6, #-228]!	; 0xffffff1c
    TaskFunction_t pxIdleTaskFunction = NULL;
     568:	1e053f10 	mcrne	15, 0, r3, cr5, cr0, {0}
    for( xIdleTaskNameIndex = 0U; xIdleTaskNameIndex < ( configMAX_TASK_NAME_LEN - taskRESERVED_TASK_NAME_LENGTH ); xIdleTaskNameIndex++ )
     56c:	052e0d03 	streq	r0, [lr, #-3331]!	; 0xfffff2fd
     570:	37052e07 	strcc	r2, [r5, -r7, lsl #28]
        cIdleName[ xIdleTaskNameIndex ] = configIDLE_TASK_NAME[ xIdleTaskNameIndex ];
     574:	2e1a0540 	cfmac32cs	mvfx0, mvfx10, mvfx0
     578:	05321405 	ldreq	r1, [r2, #-1029]!	; 0xfffffbfb
     57c:	0d053e0b 	stceq	14, cr3, [r5, #-44]	; 0xffffffd4
     580:	031d053e 	tsteq	sp, #260046848	; 0xf800000
        if( cIdleName[ xIdleTaskNameIndex ] == ( char ) 0x00 )
     584:	0512080b 	ldreq	r0, [r2, #-2059]	; 0xfffff7f5
     588:	15052e0b 	strne	r2, [r5, #-3595]	; 0xfffff1f5
     58c:	3c13054e 	cfldr32cc	mvfx0, [r3], {78}	; 0x4e
    for( xIdleTaskNameIndex = 0U; xIdleTaskNameIndex < ( configMAX_TASK_NAME_LEN - taskRESERVED_TASK_NAME_LENGTH ); xIdleTaskNameIndex++ )
     590:	05352a05 	ldreq	r2, [r5, #-2565]!	; 0xfffff5fb
     594:	1d054b15 	vstrne	d4, [r5, #-84]	; 0xffffffac
     598:	05200b03 	streq	r0, [r0, #-2819]!	; 0xfffff4fd
     59c:	20053c1b 	andcs	r3, r5, fp, lsl ip
    cIdleName[ xIdleTaskNameIndex ] = '\0';
     5a0:	3e17052f 	cfmul64cc	mvdx0, mvdx7, mvdx15
     5a4:	05512e05 	ldrbeq	r2, [r1, #-3589]	; 0xfffff1fb
     5a8:	15053d19 	strne	r3, [r5, #-3353]	; 0xfffff2e7
    for( xCoreID = ( BaseType_t ) 0; xCoreID < ( BaseType_t ) configNUMBER_OF_CORES; xCoreID++ )
     5ac:	04020028 	streq	r0, [r2], #-40	; 0xffffffd8
            pxIdleTaskFunction = &prvIdleTask;
     5b0:	2e080601 	cfmadd32cs	mvax0, mvfx0, mvfx8, mvfx1
            xReturn = xTaskCreate( pxIdleTaskFunction,
     5b4:	03040200 	movweq	r0, #16896	; 0x4200
     5b8:	0019054a 	andseq	r0, r9, sl, asr #10
     5bc:	06030402 	streq	r0, [r3], -r2, lsl #8
     5c0:	00170586 	andseq	r0, r7, r6, lsl #11
     5c4:	2e030402 	cdpcs	4, 0, cr0, cr3, cr2, {0}
     5c8:	00301905 	eorseq	r1, r0, r5, lsl #18
     5cc:	06010402 	streq	r0, [r1], -r2, lsl #8
     5d0:	02002e08 	andeq	r2, r0, #8, 28	; 0x80
        if( xReturn != pdPASS )
     5d4:	054a0304 	strbeq	r0, [sl, #-772]	; 0xfffffcfc
    for( xCoreID = ( BaseType_t ) 0; xCoreID < ( BaseType_t ) configNUMBER_OF_CORES; xCoreID++ )
     5d8:	09030615 	stmdbeq	r3, {r0, r2, r4, r9, sl}
     5dc:	03260582 			; <UNDEFINED> instruction: 0x03260582
     5e0:	01410210 	cmpeq	r1, r0, lsl r2
     5e4:	052e4105 	streq	r4, [lr, #-261]!	; 0xfffffefb
    return xReturn;
     5e8:	31053c1f 	tstcc	r5, pc, lsl ip
}
     5ec:	0313053e 	tsteq	r3, #260046848	; 0xf800000
     5f0:	052e7fb9 	streq	r7, [lr, #-4025]!	; 0xfffff047
     5f4:	00e00315 	rsceq	r0, r0, r5, lsl r3
     5f8:	9e130520 	cfmul64ls	mvdx0, mvdx3, mvdx0
     5fc:	05302505 	ldreq	r2, [r0, #-1285]!	; 0xfffffafb
{
     600:	2e2f0323 	cdpcs	3, 2, cr0, cr15, cr3, {1}
     604:	052e1305 	streq	r1, [lr, #-773]!	; 0xfffffcfb
    xReturn = prvCreateIdleTasks();
     608:	16053025 	strne	r3, [r5], -r5, lsr #32
    if( xReturn == pdPASS )
     60c:	053c2a03 	ldreq	r2, [ip, #-2563]!	; 0xfffff5fd
     610:	580d030c 	stmdapl	sp, {r2, r3, r8, r9}
    __asm volatile
     614:	05210105 	streq	r0, [r1, #-261]!	; 0xfffffefb
     618:	018a0305 	orreq	r0, sl, r5, lsl #6
     61c:	22059008 	andcs	r9, r5, #8
     620:	2e0b053f 	mcrcs	5, 0, r0, cr11, cr15, {1}
}
     624:	05322105 	ldreq	r2, [r2, #-261]!	; 0xfffffefb
        xNextTaskUnblockTime = portMAX_DELAY;
     628:	00cb0305 	sbceq	r0, fp, r5, lsl #6
     62c:	0321053c 			; <UNDEFINED> instruction: 0x0321053c
        xSchedulerRunning = pdTRUE;
     630:	05207fb9 	streq	r7, [r0, #-4025]!	; 0xfffff047
        xTickCount = ( TickType_t ) configINITIAL_TICK_COUNT;
     634:	3c2e030d 	stccc	3, cr0, [lr], #-52	; 0xffffffcc
     638:	09050204 	stmdbeq	r5, {r2, r9}
        ( void ) xPortStartScheduler();
     63c:	3c58d503 	cfldr64cc	mvdx13, [r8], {3}
    ( void ) uxTopUsedPriority;
     640:	044c1005 	strbeq	r1, [ip], #-5
}
     644:	030d0501 	movweq	r0, #54529	; 0xd501
     648:	002027a9 	eoreq	r2, r0, r9, lsr #15
     64c:	06010402 	streq	r0, [r1], -r2, lsl #8
     650:	02005808 	andeq	r5, r0, #8, 16	; 0x80000
     654:	004a0304 	subeq	r0, sl, r4, lsl #6
     658:	06030402 	streq	r0, [r3], -r2, lsl #8
{
     65c:	0305055e 	movweq	r0, #21854	; 0x555e
     660:	01052e13 	tsteq	r5, r3, lsl lr
    __asm volatile
     664:	e400ea03 	str	lr, [r0], #-2563	; 0xfffff5fd
     668:	13032e05 	movwne	r2, #15877	; 0x3e05
     66c:	2e050558 	cfrshl32cs	mvfx5, mvfx8, r0
     670:	4d01055a 	cfstr32mi	mvfx0, [r1, #-360]	; 0xfffffe98
}
     674:	0305056c 	movweq	r0, #21868	; 0x556c
    xSchedulerRunning = pdFALSE;
     678:	086d660c 	stmdaeq	sp!, {r2, r3, r9, sl, sp, lr}^
    vPortEndScheduler();
     67c:	4d0105f4 	cfstr32mi	mvfx0, [r1, #-976]	; 0xfffffc30
}
     680:	05742b03 	ldrbeq	r2, [r4, #-2819]!	; 0xfffff4fd
     684:	4a160316 	bmi	5812e4 <_edata+0x57ee88>
     688:	052e1405 	streq	r1, [lr, #-1029]!	; 0xfffffbfb
{
     68c:	02003005 	andeq	r3, r0, #5
        uxSchedulerSuspended = ( UBaseType_t ) ( uxSchedulerSuspended + 1U );
     690:	08060104 	stmdaeq	r6, {r2, r8}
     694:	0402002e 	streq	r0, [r2], #-46	; 0xffffffd2
     698:	1e054a03 	vmlane.f32	s8, s10, s6
}
     69c:	03040200 	movweq	r0, #16896	; 0x4200
     6a0:	07058406 	streq	r8, [r5, -r6, lsl #8]
     6a4:	03040200 	movweq	r0, #16896	; 0x4200
{
     6a8:	3009052e 	andcc	r0, r9, lr, lsr #10
     6ac:	01040200 	mrseq	r0, R12_usr
    TCB_t * pxTCB = NULL;
     6b0:	002e0806 	eoreq	r0, lr, r6, lsl #16
    BaseType_t xAlreadyYielded = pdFALSE;
     6b4:	4a030402 	bmi	c16c4 <_edata+0xbf268>
        taskENTER_CRITICAL();
     6b8:	03040200 	movweq	r0, #16896	; 0x4200
            const BaseType_t xCoreID = ( BaseType_t ) portGET_CORE_ID();
     6bc:	14038306 	strne	r8, [r3], #-774	; 0xfffffcfa
            uxSchedulerSuspended = ( UBaseType_t ) ( uxSchedulerSuspended - 1U );
     6c0:	05014202 	streq	r4, [r1, #-514]	; 0xfffffdfe
     6c4:	05b1081b 	ldreq	r0, [r1, #2075]!	; 0x81b
            if( uxSchedulerSuspended == ( UBaseType_t ) 0U )
     6c8:	0b052e36 	bleq	14bfa8 <_edata+0x149b4c>
     6cc:	3315053c 	tstcc	r5, #60, 10	; 0xf000000
     6d0:	05322105 	ldreq	r2, [r2, #-261]!	; 0xfffffefb
                if( uxCurrentNumberOfTasks > ( UBaseType_t ) 0U )
     6d4:	0c054e15 	stceq	14, cr4, [r5], {21}
     6d8:	052e1503 	streq	r1, [lr, #-1283]!	; 0xfffffafd
                    while( listLIST_IS_EMPTY( &xPendingReadyList ) == pdFALSE )
     6dc:	25082101 	strcs	r2, [r8, #-257]	; 0xfffffeff
                        pxTCB = listGET_OWNER_OF_HEAD_ENTRY( ( &xPendingReadyList ) );
     6e0:	0a030505 	beq	c1afc <_edata+0xbf6a0>
     6e4:	5f140558 	svcpl	0x00140558
                        listREMOVE_ITEM( &( pxTCB->xEventListItem ) );
     6e8:	003e0505 	eorseq	r0, lr, r5, lsl #10
     6ec:	06010402 	streq	r0, [r1], -r2, lsl #8
     6f0:	02002008 	andeq	r2, r0, #8
     6f4:	004a0304 	subeq	r0, sl, r4, lsl #6
     6f8:	06030402 	streq	r0, [r3], -r2, lsl #8
     6fc:	00821303 	addeq	r1, r2, r3, lsl #6
     700:	06010402 	streq	r0, [r1], -r2, lsl #8
     704:	02002e08 	andeq	r2, r0, #8, 28	; 0x80
     708:	004a0304 	subeq	r0, sl, r4, lsl #6
     70c:	06030402 	streq	r0, [r3], -r2, lsl #8
     710:	001b0583 	andseq	r0, fp, r3, lsl #11
     714:	02030402 	andeq	r0, r3, #33554432	; 0x2000000
     718:	36051641 	strcc	r1, [r5], -r1, asr #12
     71c:	03040200 	movweq	r0, #16896	; 0x4200
     720:	000b052e 	andeq	r0, fp, lr, lsr #10
                        listREMOVE_ITEM( &( pxTCB->xStateListItem ) );
     724:	3c030402 	cfstrscc	mvf0, [r3], {2}
     728:	05342105 	ldreq	r2, [r4, #-261]!	; 0xfffffefb
     72c:	3c120301 	ldccc	3, cr0, [r2], {1}
     730:	4e0505cc 	cfsh32mi	mvfx0, mvfx5, #-20
     734:	05302305 	ldreq	r2, [r0, #-773]!	; 0xfffffcfb
     738:	05054b24 	streq	r4, [r5, #-2852]	; 0xfffff4dc
     73c:	3101054c 	tstcc	r1, ip, asr #10
     740:	4e1f0586 	cdpmi	5, 1, cr0, cr15, cr6, {4}
     744:	054b2005 	strbeq	r2, [fp, #-5]
     748:	05a34d01 	streq	r4, [r3, #3329]!	; 0xd01
     74c:	1a056005 	bne	158768 <_edata+0x15630c>
     750:	3d440531 	cfstr64cc	mvdx0, [r4, #-196]	; 0xffffff3c
     754:	052e1a05 	streq	r1, [lr, #-2565]!	; 0xfffff5fb
     758:	3c18032b 	ldccc	3, cr0, [r8], {43}	; 0x2b
     75c:	052e1f05 	streq	r1, [lr, #-3845]!	; 0xfffff0fb
     760:	5f052e0b 	svcpl	0x00052e0b
                        prvAddTaskToReadyList( pxTCB );
     764:	01040200 	mrseq	r0, R12_usr
     768:	003e052e 	eorseq	r0, lr, lr, lsr #10
     76c:	2e010402 	cdpcs	4, 0, cr0, cr1, cr2, {0}
     770:	05431505 	strbeq	r1, [r3, #-1285]	; 0xfffffafb
     774:	21052f1c 	tstcs	r5, ip, lsl pc
     778:	2e10054c 	cfmac32cs	mvfx0, mvfx0, mvfx12
     77c:	053f1c05 	ldreq	r1, [pc, #-3077]!	; fffffb7f <__StackTop+0xdfffdb7f>
     780:	1505670d 	strne	r6, [r5, #-1805]	; 0xfffff8f3
     784:	401c053d 	andsmi	r0, ip, sp, lsr r5
     788:	053d1505 	ldreq	r1, [sp, #-1285]!	; 0xfffffafb
     78c:	0c053105 	stfeqs	f3, [r5], {5}
     790:	21010532 	tstcs	r1, r2, lsr r5
     794:	32290594 	eorcc	r0, r9, #148, 10	; 0x25000000
     798:	033f0105 	teqeq	pc, #1073741825	; 0x40000001
     79c:	0574018c 	ldrbeq	r0, [r4, #-396]!	; 0xfffffe74
     7a0:	4a180309 	bmi	6013cc <_edata+0x5fef70>
     7a4:	18031105 	stmdane	r3, {r0, r2, r8, ip}
     7a8:	2e0f052e 	cfsh32cs	mvfx0, mvfx15, #30
     7ac:	05301105 	ldreq	r1, [r0, #-261]!	; 0xfffffefb
     7b0:	82660309 	rsbhi	r0, r6, #603979776	; 0x24000000
     7b4:	f2030105 	vrhadd.s8	d0, d3, d5
     7b8:	15056601 	strne	r6, [r5, #-1537]	; 0xfffff9ff
     7bc:	2e05053f 	mcrcs	5, 0, r0, cr5, cr15, {1}
     7c0:	02000905 	andeq	r0, r0, #81920	; 0x14000
     7c4:	05220304 	streq	r0, [r2, #-772]!	; 0xfffffcfc
     7c8:	04020068 	streq	r0, [r2], #-104	; 0xffffff98
     7cc:	05059c03 	streq	r9, [r5, #-3075]	; 0xfffff3fd
     7d0:	01040200 	mrseq	r0, R12_usr
     7d4:	3d3d413c 	ldfccs	f4, [sp, #-240]!	; 0xffffff10
     7d8:	10031705 	andne	r1, r3, r5, lsl #14
     7dc:	3d1f053c 	cfldr32cc	mvfx0, [pc, #-240]	; 6f4 <xTaskResumeAll+0x4c>
     7e0:	083d0105 	ldmdaeq	sp!, {r0, r2, r8}
                            if( pxTCB->uxPriority > pxCurrentTCB->uxPriority )
     7e4:	00c80316 	sbceq	r0, r8, r6, lsl r3
     7e8:	02d8032e 	sbcseq	r0, r8, #-1207959552	; 0xb8000000
     7ec:	2f09054a 	svccs	0x0009054a
     7f0:	053c0705 	ldreq	r0, [ip, #-1797]!	; 0xfffff8fb
                                xYieldPendings[ xCoreID ] = pdTRUE;
     7f4:	0105341e 	tsteq	r5, lr, lsl r4
     7f8:	054a0a03 	strbeq	r0, [sl, #-2563]	; 0xfffff5fd
                    while( listLIST_IS_EMPTY( &xPendingReadyList ) == pdFALSE )
     7fc:	1e051e20 	cdpne	14, 0, cr1, cr5, cr0, {1}
     800:	3001054a 	andcc	r0, r1, sl, asr #10
     804:	05890905 	streq	r0, [r9, #2309]	; 0x905
                    if( pxTCB != NULL )
     808:	14054415 	strne	r4, [r5], #-1045	; 0xfffffbeb
                        prvResetNextTaskUnblockTime();
     80c:	21090540 	tstcs	r9, r0, asr #10
                        TickType_t xPendedCounts = xPendedTicks; /* Non-volatile copy. */
     810:	16030505 	strne	r0, [r3], -r5, lsl #10
     814:	4b160574 	blmi	581dec <_edata+0x57f990>
                        if( xPendedCounts > ( TickType_t ) 0U )
     818:	05320b05 	ldreq	r0, [r2, #-2821]!	; 0xfffff4fb
                                if( xTaskIncrementTick() != pdFALSE )
     81c:	0402002a 	streq	r0, [r2], #-42	; 0xffffffd6
     820:	19053c01 	stmdbne	r5, {r0, sl, fp, ip, sp}
     824:	4410053f 	ldrmi	r0, [r0], #-1343	; 0xfffffac1
                                    xYieldPendings[ xCoreID ] = pdTRUE;
     828:	05210505 	streq	r0, [r1, #-1285]!	; 0xfffffafb
     82c:	089f0301 	ldmeq	pc, {r0, r8, r9}	; <UNPREDICTABLE>
                                --xPendedCounts;
     830:	41100582 	tstmi	r0, r2, lsl #11
     834:	052e0e05 	streq	r0, [lr, #-3589]!	; 0xfffff1fb
                            } while( xPendedCounts > ( TickType_t ) 0U );
     838:	0c053205 	sfmeq	f3, 4, [r5], {5}
                            xPendedTicks = 0;
     83c:	21010586 	smlabbcs	r1, r6, r5, r0
     840:	21030505 	tstcs	r3, r5, lsl #10
                    if( xYieldPendings[ xCoreID ] != pdFALSE )
     844:	68250582 	stmdavs	r5!, {r1, r7, r8, sl}
     848:	05361b05 	ldreq	r1, [r6, #-2821]!	; 0xfffff4fb
     84c:	0b052e2c 	bleq	14c104 <_edata+0x149ca8>
                            xAlreadyYielded = pdTRUE;
     850:	00480558 	subeq	r0, r8, r8, asr r5
                            taskYIELD_TASK_CORE_IF_USING_PREEMPTION( pxCurrentTCB );
     854:	2e010402 	cdpcs	4, 0, cr0, cr1, cr2, {0}
     858:	05400d05 	strbeq	r0, [r0, #-3333]	; 0xfffff2fb
     85c:	25053411 	strcs	r3, [r5, #-1041]	; 0xfffffbef
     860:	2e360531 	mrccs	5, 1, r0, cr6, cr1, {1}
     864:	05581705 	ldrbeq	r1, [r8, #-1797]	; 0xfffff8fb
        taskEXIT_CRITICAL();
     868:	48053125 	stmdami	r5, {r0, r2, r5, r8, ip, sp}
}
     86c:	5b26052e 	blpl	981d2c <_edata+0x97f8d0>
     870:	05351105 	ldreq	r1, [r5, #-261]!	; 0xfffffefb
     874:	15053313 	strne	r3, [r5, #-787]	; 0xfffffced
     878:	511f053f 	tstpl	pc, pc, lsr r5	; <UNPREDICTABLE>
     87c:	053f0f05 	ldreq	r0, [pc, #-3845]!	; fffff97f <__StackTop+0xdfffd97f>
     880:	0402002c 	streq	r0, [r2], #-44	; 0xffffffd4
     884:	11053c01 	tstne	r5, r1, lsl #24
     888:	8a09053e 	bhi	241d88 <_edata+0x23f92c>
     88c:	05312405 	ldreq	r2, [r1, #-1029]!	; 0xfffffbfb
     890:	0f052e16 	svceq	0x00052e16
     894:	3e130568 	cfmsc32cc	mvfx0, mvfx3, mvfx8
{
     898:	053e2105 	ldreq	r2, [lr, #-261]!	; 0xfffffefb
     89c:	21052e46 	tstcs	r5, r6, asr #28
        xTicks = xTickCount;
     8a0:	2e510578 	mrccs	5, 2, r0, cr1, cr8, {3}
    return xTicks;
     8a4:	052e4605 	streq	r4, [lr, #-1541]!	; 0xfffff9fb
}
     8a8:	3c056019 	stccc	0, cr6, [r5], {25}
     8ac:	5a09052e 	bpl	241d6c <_edata+0x23f910>
     8b0:	05321005 	ldreq	r1, [r2, #-5]!
{
     8b4:	0c032105 	stfeqs	f2, [r3], {5}
     8b8:	752e0582 	strvc	r0, [lr, #-1410]!	; 0xfffffa7e
    uxSavedInterruptStatus = portTICK_TYPE_SET_INTERRUPT_MASK_FROM_ISR();
     8bc:	05361b05 	ldreq	r1, [r6, #-2821]!	; 0xfffff4fb
        xReturn = xTickCount;
     8c0:	0b052e2a 	bleq	14c170 <_edata+0x149d14>
    return xReturn;
     8c4:	005d0558 	subseq	r0, sp, r8, asr r5
}
     8c8:	2e010402 	cdpcs	4, 0, cr0, cr1, cr2, {0}
     8cc:	05400d05 	strbeq	r0, [r0, #-3333]	; 0xfffff2fb
     8d0:	25053311 	strcs	r3, [r5, #-785]	; 0xfffffcef
{
     8d4:	2e340531 	mrccs	5, 1, r0, cr4, cr1, {1}
    return uxCurrentNumberOfTasks;
     8d8:	05581705 	ldrbeq	r1, [r8, #-1797]	; 0xfffff8fb
}
     8dc:	4d05334a 	stcmi	3, cr3, [r5, #-296]	; 0xfffffed8
     8e0:	2e4a0574 	mcrcs	5, 2, r0, cr10, cr4, {3}
     8e4:	05692505 	strbeq	r2, [r9, #-1285]!	; 0xfffffafb
{
     8e8:	26052e48 	strcs	r2, [r5], -r8, asr #28
     8ec:	3511055b 	ldrcc	r0, [r1, #-1371]	; 0xfffffaa5
    pxTCB = prvGetTCBFromHandle( xTaskToQuery );
     8f0:	05331305 	ldreq	r1, [r3, #-773]!	; 0xfffffcfb
     8f4:	1f053f15 	svcne	0x00053f15
     8f8:	3f0f0551 	svccc	0x000f0551
     8fc:	02002c05 	andeq	r2, r0, #1280	; 0x500
    return &( pxTCB->pcTaskName[ 0 ] );
     900:	053c0104 	ldreq	r0, [ip, #-260]!	; 0xfffffefc
}
     904:	09053e11 	stmdbeq	r5, {r0, r4, r9, sl, fp, ip, sp}
     908:	320f058a 	andcc	r0, pc, #578813952	; 0x22800000
     90c:	05403505 	strbeq	r3, [r0, #-1285]	; 0xfffffafb
     910:	27052e46 	strcs	r2, [r5, -r6, asr #28]
{
     914:	351d0558 	ldrcc	r0, [sp, #-1368]	; 0xfffffaa8
     918:	052e2c05 	streq	r2, [lr, #-3077]!	; 0xfffff3fb
    vTaskSuspendAll();
     91c:	1905580f 	stmdbne	r5, {r0, r1, r2, r3, fp, ip, lr}
    taskENTER_CRITICAL();
     920:	42420531 	submi	r0, r2, #205520896	; 0xc400000
        xPendedTicks += xTicksToCatchUp;
     924:	05744505 	ldrbeq	r4, [r4, #-1285]!	; 0xfffffafb
     928:	19052e42 	stmdbne	r5, {r1, r6, r9, sl, fp, sp}
     92c:	3c053167 	stfccs	f3, [r5], {103}	; 0x67
    taskEXIT_CRITICAL();
     930:	5a09052e 	bpl	241df0 <_edata+0x23f994>
    xYieldOccurred = xTaskResumeAll();
     934:	05321005 	ldreq	r1, [r2, #-5]!
     938:	0c032105 	stfeqs	f2, [r3], {5}
}
     93c:	76140590 			; <UNDEFINED> instruction: 0x76140590
     940:	05350f05 	ldreq	r0, [r5, #-3845]!	; 0xfffff0fb
     944:	0f053009 	svceq	0x00053009
{
     948:	3e470530 	mcrcc	5, 2, r0, cr7, cr0, {1}
     94c:	05662f05 	strbeq	r2, [r6, #-3845]!	; 0xfffff0fb
    BaseType_t xSwitchRequired = pdFALSE;
     950:	35053123 	strcc	r3, [r5, #-291]	; 0xfffffedd
    if( uxSchedulerSuspended == ( UBaseType_t ) 0U )
     954:	680d0568 	stmdavs	sp, {r3, r5, r6, r8, sl}
     958:	05f53f05 	ldrbeq	r3, [r5, #3845]!	; 0xf05
        const TickType_t xConstTickCount = xTickCount + ( TickType_t ) 1;
     95c:	2d05d715 	stccs	7, cr13, [r5, #-84]	; 0xffffffac
     960:	66420523 	strbvs	r0, [r2], -r3, lsr #10
        xTickCount = xConstTickCount;
     964:	05751505 	ldrbeq	r1, [r5, #-1285]!	; 0xfffffafb
     968:	1505233f 	strne	r2, [r5, #-831]	; 0xfffffcc1
        if( xConstTickCount == ( TickType_t ) 0U )
     96c:	24170575 	ldrcs	r0, [r7], #-1397	; 0xfffffa8b
            taskSWITCH_DELAYED_LISTS();
     970:	053e4305 	ldreq	r4, [lr, #-773]!	; 0xfffffcfb
     974:	21057c15 	tstcs	r5, r5, lsl ip
     978:	3115051d 	tstcc	r5, sp, lsl r5
     97c:	05200f03 	streq	r0, [r0, #-3843]!	; 0xfffff0fd
     980:	1105270f 	tstne	r5, pc, lsl #14
     984:	0402003e 	streq	r0, [r2], #-62	; 0xffffffc2
     988:	2e080601 	cfmadd32cs	mvax0, mvfx0, mvfx8, mvfx1
     98c:	03040200 	movweq	r0, #16896	; 0x4200
     990:	0402004a 	streq	r0, [r2], #-74	; 0xffffffb6
        if( xConstTickCount >= xNextTaskUnblockTime )
     994:	00830603 	addeq	r0, r3, r3, lsl #12
     998:	03030402 	movweq	r0, #13314	; 0x3402
     99c:	01410217 	cmpeq	r1, r7, lsl r2
                if( listLIST_IS_EMPTY( pxDelayedTaskList ) != pdFALSE )
     9a0:	01040200 	mrseq	r0, R12_usr
     9a4:	09057406 	stmdbeq	r5, {r1, r2, sl, ip, sp, lr}
                    xNextTaskUnblockTime = portMAX_DELAY;
     9a8:	10058906 	andne	r8, r5, r6, lsl #18
     9ac:	21050532 	tstcs	r5, r2, lsr r5
                    break;
     9b0:	05c80d03 	strbeq	r0, [r8, #3331]	; 0xd03
                    pxTCB = listGET_OWNER_OF_HEAD_ENTRY( pxDelayedTaskList );
     9b4:	0f057714 	svceq	0x00057714
     9b8:	042e1a03 	strteq	r1, [lr], #-2563	; 0xfffff5fd
                    xItemValue = listGET_LIST_ITEM_VALUE( &( pxTCB->xStateListItem ) );
     9bc:	03050502 	movweq	r0, #21762	; 0x5502
     9c0:	052e42d4 	streq	r4, [lr, #-724]!	; 0xfffffd2c
                    if( xConstTickCount < xItemValue )
     9c4:	ba0c030c 	blt	3015fc <_edata+0x2ff1a0>
     9c8:	32050104 	andcc	r0, r5, #4, 2
                        xNextTaskUnblockTime = xItemValue;
     9cc:	203da503 	eorscs	sl, sp, r3, lsl #10
                        break;
     9d0:	05220f05 	streq	r0, [r2, #-3845]!	; 0xfffff0fb
                    listREMOVE_ITEM( &( pxTCB->xStateListItem ) );
     9d4:	2f053e47 	svccs	0x00053e47
     9d8:	31230566 			; <UNDEFINED> instruction: 0x31230566
     9dc:	05753505 	ldrbeq	r3, [r5, #-1285]!	; 0xfffffafb
     9e0:	3f05680d 	svccc	0x0005680d
     9e4:	15051508 	strne	r1, [r5, #-1288]	; 0xfffffaf8
     9e8:	232d05d7 			; <UNDEFINED> instruction: 0x232d05d7
     9ec:	05664205 	strbeq	r4, [r6, #-517]!	; 0xfffffdfb
     9f0:	3f057515 	svccc	0x00057515
     9f4:	75150523 	ldrvc	r0, [r5, #-1315]	; 0xfffffadd
     9f8:	05241705 	streq	r1, [r4, #-1797]!	; 0xfffff8fb
     9fc:	15054c43 	strne	r4, [r5, #-3139]	; 0xfffff3bd
     a00:	1d21057c 	cfstr32ne	mvfx0, [r1, #-496]!	; 0xfffffe10
     a04:	03311505 	teqeq	r1, #20971520	; 0x1400000
     a08:	0f05200e 	svceq	0x0005200e
     a0c:	5d2a0527 	cfstr32pl	mvfx0, [sl, #-156]!	; 0xffffff64
                    if( listLIST_ITEM_CONTAINER( &( pxTCB->xEventListItem ) ) != NULL )
     a10:	052e1305 	streq	r1, [lr, #-773]!	; 0xfffffcfb
     a14:	02003015 	andeq	r3, r0, #21
                        listREMOVE_ITEM( &( pxTCB->xEventListItem ) );
     a18:	08060104 	stmdaeq	r6, {r2, r8}
     a1c:	0402002e 	streq	r0, [r2], #-46	; 0xffffffd2
     a20:	02004a03 	andeq	r4, r0, #12288	; 0x3000
     a24:	83060304 	movwhi	r0, #25348	; 0x6304
     a28:	42021603 	andmi	r1, r2, #3145728	; 0x300000
     a2c:	081e0501 	ldmdaeq	lr, {r0, r8, sl}
     a30:	2e3905b1 	mrccs	5, 1, r0, cr9, cr1, {5}
     a34:	053c1705 	ldreq	r1, [ip, #-1797]!	; 0xfffff8fb
     a38:	3805321b 	stmdacc	r5, {r0, r1, r3, r4, r9, ip, sp}
     a3c:	422d053e 	eormi	r0, sp, #260046848	; 0xf800000
     a40:	05050204 	streq	r0, [r5, #-516]	; 0xfffffdfc
     a44:	5841f903 	stmdapl	r1, {r0, r1, r8, fp, ip, sp, lr, pc}^
     a48:	04400105 	strbeq	r0, [r0], #-261	; 0xfffffefb
     a4c:	03100501 	tsteq	r0, #4194304	; 0x400000
     a50:	05203ea1 	streq	r3, [r0, #-3745]!	; 0xfffff15f
     a54:	0a032105 	beq	c8e70 <_edata+0xc6a14>
                    prvAddTaskToReadyList( pxTCB );
     a58:	0f052008 	svceq	0x00052008
     a5c:	04661c03 	strbteq	r1, [r6], #-3075	; 0xfffff3fd
     a60:	03050502 	movweq	r0, #21762	; 0x5502
     a64:	052e41a2 	streq	r4, [lr, #-418]!	; 0xfffffe5e
     a68:	ba0c030c 	blt	3016a0 <_edata+0x2ff244>
     a6c:	32050104 	andcc	r0, r5, #4, 2
     a70:	203ed703 	eorscs	sp, lr, r3, lsl #14
     a74:	05222305 	streq	r2, [r2, #-773]!	; 0xfffffcfb
     a78:	25057535 	strcs	r7, [r5, #-1333]	; 0xfffffacb
     a7c:	663a056a 	ldrtvs	r0, [sl], -sl, ror #10
     a80:	057a0f05 	ldrbeq	r0, [sl, #-3845]!	; 0xfffff0fb
     a84:	13055d2a 	movwne	r5, #23850	; 0x5d2a
     a88:	3015052e 	andscc	r0, r5, lr, lsr #10
     a8c:	01040200 	mrseq	r0, R12_usr
     a90:	002e0806 	eoreq	r0, lr, r6, lsl #16
     a94:	4a030402 	bmi	c1aa4 <_edata+0xbf648>
     a98:	03040200 	movweq	r0, #16896	; 0x4200
     a9c:	16038306 	strne	r8, [r3], -r6, lsl #6
     aa0:	05014202 	streq	r4, [r1, #-514]	; 0xfffffdfe
     aa4:	05b1081e 	ldreq	r0, [r1, #2078]!	; 0x81e
     aa8:	17052e39 	smladxne	r5, r9, lr, r2
     aac:	321b053c 	andscc	r0, fp, #60, 10	; 0xf000000
     ab0:	053e3805 	ldreq	r3, [lr, #-2053]!	; 0xfffff7fb
     ab4:	0204422d 	andeq	r4, r4, #-805306366	; 0xd0000002
     ab8:	f3030505 	vrshl.u8	d0, d5, d3
     abc:	01055840 	tsteq	r5, r0, asr #16
     ac0:	05010440 	streq	r0, [r1, #-1088]	; 0xfffffbc0
     ac4:	3fa60305 	svccc	0x00a60305
     ac8:	08090320 	stmdaeq	r9, {r5, r8, r9}
     acc:	03110520 	tsteq	r1, #32, 10	; 0x8000000
     ad0:	0200580a 	andeq	r5, r0, #655360	; 0xa0000
     ad4:	3c060104 	stfccs	f0, [r6], {4}
                            if( pxTCB->uxPriority > pxCurrentTCB->uxPriority )
     ad8:	02040200 	andeq	r0, r4, #0, 4
     adc:	000f053c 	andeq	r0, pc, ip, lsr r5	; <UNPREDICTABLE>
     ae0:	06040402 	streq	r0, [r4], -r2, lsl #8
     ae4:	00090520 	andeq	r0, r9, r0, lsr #10
                                xSwitchRequired = pdTRUE;
     ae8:	23040402 	movwcs	r0, #17410	; 0x4402
                if( listLIST_IS_EMPTY( pxDelayedTaskList ) != pdFALSE )
     aec:	02002505 	andeq	r2, r0, #20971520	; 0x1400000
                if( listCURRENT_LIST_LENGTH( &( pxReadyTasksLists[ pxCurrentTCB->uxPriority ] ) ) > 1U )
     af0:	05300404 	ldreq	r0, [r0, #-1028]!	; 0xfffffbfc
     af4:	0402000f 	streq	r0, [r2], #-15
     af8:	38056604 	stmdacc	r5, {r2, r9, sl, sp, lr}
     afc:	67190530 			; <UNDEFINED> instruction: 0x67190530
     b00:	31090540 	tstcc	r9, r0, asr #10
     b04:	05321005 	ldreq	r1, [r2, #-5]!
                    xSwitchRequired = pdTRUE;
     b08:	0a032105 	beq	c8f24 <_edata+0xc6ac8>
                if( xYieldPendings[ 0 ] != pdFALSE )
     b0c:	03110574 	tsteq	r1, #116, 10	; 0x1d000000
     b10:	0200660a 	andeq	r6, r0, #10485760	; 0xa00000
                    xSwitchRequired = pdTRUE;
     b14:	3c060104 	stfccs	f0, [r6], {4}
        xPendedTicks += 1U;
     b18:	02040200 	andeq	r0, r4, #0, 4
     b1c:	000f053c 	andeq	r0, pc, ip, lsr r5	; <UNPREDICTABLE>
     b20:	06040402 	streq	r0, [r4], -r2, lsl #8
}
     b24:	00090520 	andeq	r0, r9, r0, lsr #10
     b28:	23040402 	movwcs	r0, #17410	; 0x4402
     b2c:	02001605 	andeq	r1, r0, #5242880	; 0x500000
     b30:	05320404 	ldreq	r0, [r2, #-1028]!	; 0xfffffbfc
     b34:	04020036 	streq	r0, [r2], #-54	; 0xffffffca
     b38:	39057504 	stmdbcc	r5, {r2, r8, sl, ip, sp, lr}
     b3c:	04040200 	streq	r0, [r4], #-512	; 0xfffffe00
     b40:	00360566 	eorseq	r0, r6, r6, ror #10
     b44:	2e040402 	cdpcs	4, 0, cr0, cr4, cr2, {0}
     b48:	02000905 	andeq	r0, r0, #81920	; 0x14000
     b4c:	05760404 	ldrbeq	r0, [r6, #-1028]!	; 0xfffffbfc
     b50:	04020010 	streq	r0, [r2], #-16
     b54:	05053204 	streq	r3, [r5, #-516]	; 0xfffffdfc
    {
     b58:	04040200 	streq	r0, [r4], #-512	; 0xfffffe00
     b5c:	03010521 	movweq	r0, #5409	; 0x1521
        if( uxSchedulerSuspended != ( UBaseType_t ) 0U )
     b60:	057401ad 	ldrbeq	r0, [r4, #-429]!	; 0xfffffe53
     b64:	14055a16 	strne	r5, [r5], #-2582	; 0xfffff5ea
            xYieldPendings[ 0 ] = pdTRUE;
     b68:	26053d3d 			; <UNDEFINED> instruction: 0x26053d3d
    }
     b6c:	053c0d03 	ldreq	r0, [ip, #-3331]!	; 0xfffff2fd
            xYieldPendings[ 0 ] = pdFALSE;
     b70:	07052e09 	streq	r2, [r5, -r9, lsl #28]
            taskSELECT_HIGHEST_PRIORITY_TASK();
     b74:	32090558 	andcc	r0, r9, #88, 10	; 0x16000000
     b78:	3b031505 	blcc	c5f94 <_edata+0xc3b38>
        __asm volatile ( "clz %0, %1" : "=r" ( ucReturn ) : "r" ( ulBitmap ) : "memory" );
     b7c:	4d0905ba 	cfstr32mi	mvfx0, [r9, #-744]	; 0xfffffd18
     b80:	054c0b05 	strbeq	r0, [ip, #-2821]	; 0xfffff4fb
     b84:	0d054e40 	stceq	14, cr4, [r5, #-256]	; 0xffffff00
     b88:	0301052e 	movweq	r0, #5422	; 0x152e
     b8c:	38055819 	stmdacc	r5, {r0, r3, r4, fp, ip, lr}
     b90:	05206d03 	streq	r6, [r0, #-3331]!	; 0xfffff2fd
     b94:	1d052e0d 	stcne	14, cr2, [r5, #-52]	; 0xffffffcc
     b98:	2e0f055d 	cfrshl32cs	mvfx15, mvfx13, r0
     b9c:	053e2605 	ldreq	r2, [lr, #-1541]!	; 0xfffff9fb
     ba0:	3c0c0301 	stccc	3, cr0, [ip], {1}
     ba4:	f200f403 	vshl.s8	d15, d3, d0
     ba8:	05421605 	strbeq	r1, [r2, #-1541]	; 0xfffff9fb
     bac:	3c11031c 	ldccc	3, cr0, [r1], {28}
     bb0:	053d1005 	ldreq	r1, [sp, #-5]!
     bb4:	17053d18 	smladne	r5, r8, sp, r3
     bb8:	3d12053d 	cfldr32cc	mvfx0, [r2, #-244]	; 0xffffff0c
     bbc:	2e05053e 	mcrcs	5, 0, r0, cr5, cr14, {1}
     bc0:	02002305 	andeq	r2, r0, #335544320	; 0x14000000
            portTASK_SWITCH_HOOK( pxCurrentTCB );
     bc4:	05220304 	streq	r0, [r2, #-772]!	; 0xfffffcfc
    }
     bc8:	0402003f 	streq	r0, [r2], #-63	; 0xffffffc1
     bcc:	05055603 	streq	r5, [r5, #-1539]	; 0xfffff9fd
     bd0:	01040200 	mrseq	r0, R12_usr
     bd4:	4115053c 	tstmi	r5, ip, lsr r5
     bd8:	053d1205 	ldreq	r1, [sp, #-517]!	; 0xfffffdfb
     bdc:	053e3d1a 	ldreq	r3, [lr, #-3354]!	; 0xfffff2e6
     be0:	3c0b0301 	stccc	3, cr0, [fp], {1}
{
     be4:	01001b02 	tsteq	r0, r2, lsl #22
     be8:	0001ac01 	andeq	sl, r1, r1, lsl #24
     bec:	c2000300 	andgt	r0, r0, #0, 6
    vListInsert( pxEventList, &( pxCurrentTCB->xEventListItem ) );
     bf0:	02000000 	andeq	r0, r0, #0
     bf4:	0d0efb01 	vstreq	d15, [lr, #-4]
     bf8:	01010100 	mrseq	r0, (UNDEF: 17)
    prvAddCurrentTaskToDelayedList( xTicksToWait, pdTRUE );
     bfc:	00000001 	andeq	r0, r0, r1
     c00:	01000001 	tsteq	r0, r1
}
     c04:	462f2e2e 	strtmi	r2, [pc], -lr, lsr #28
     c08:	52656572 	rsbpl	r6, r5, #478150656	; 0x1c800000
     c0c:	2d534f54 	ldclcs	15, cr4, [r3, #-336]	; 0xfffffeb0
{
     c10:	6e72654b 	cdpvs	5, 7, cr6, cr2, cr11, {2}
     c14:	2f006c65 	svccs	0x00006c65
     c18:	2f727375 	svccs	0x00727375
    listSET_LIST_ITEM_VALUE( &( pxCurrentTCB->xEventListItem ), xItemValue | taskEVENT_LIST_ITEM_VALUE_IN_USE );
     c1c:	2f62696c 	svccs	0x0062696c
     c20:	2f636367 	svccs	0x00636367
     c24:	2d6d7261 	sfmcs	f7, 2, [sp, #-388]!	; 0xfffffe7c
    listINSERT_END( pxEventList, &( pxCurrentTCB->xEventListItem ) );
     c28:	656e6f6e 	strbvs	r6, [lr, #-3950]!	; 0xfffff092
     c2c:	6261652d 	rsbvs	r6, r1, #188743680	; 0xb400000
     c30:	30312f69 	eorscc	r2, r1, r9, ror #30
     c34:	312e332e 			; <UNDEFINED> instruction: 0x312e332e
     c38:	636e692f 	cmnvs	lr, #770048	; 0xbc000
     c3c:	6564756c 	strbvs	r7, [r4, #-1388]!	; 0xfffffa94
     c40:	2f2e2e00 	svccs	0x002e2e00
     c44:	65657246 	strbvs	r7, [r5, #-582]!	; 0xfffffdba
     c48:	534f5452 	movtpl	r5, #62546	; 0xf452
     c4c:	72654b2d 	rsbvc	r4, r5, #46080	; 0xb400
     c50:	2f6c656e 	svccs	0x006c656e
     c54:	74726f70 	ldrbtvc	r6, [r2], #-3952	; 0xfffff090
     c58:	656c6261 	strbvs	r6, [ip, #-609]!	; 0xfffffd9f
     c5c:	4343472f 	movtmi	r4, #14127	; 0x372f
     c60:	4d52412f 	ldfmie	f4, [r2, #-188]	; 0xffffff44
     c64:	334d435f 	movtcc	r4, #54111	; 0xd35f
     c68:	2f2e2e00 	svccs	0x002e2e00
    prvAddCurrentTaskToDelayedList( xTicksToWait, pdTRUE );
     c6c:	65657246 	strbvs	r7, [r5, #-582]!	; 0xfffffdba
     c70:	534f5452 	movtpl	r5, #62546	; 0xf452
}
     c74:	72654b2d 	rsbvc	r4, r5, #46080	; 0xb400
     c78:	2f6c656e 	svccs	0x006c656e
     c7c:	6c636e69 	stclvs	14, cr6, [r3], #-420	; 0xfffffe5c
{
     c80:	00656475 	rsbeq	r6, r5, r5, ror r4
     c84:	73696c00 	cmnvc	r9, #0, 24
    pxUnblockedTCB = listGET_OWNER_OF_HEAD_ENTRY( pxEventList );
     c88:	00632e74 	rsbeq	r2, r3, r4, ror lr
     c8c:	73000001 	movwvc	r0, #1
    listREMOVE_ITEM( &( pxUnblockedTCB->xEventListItem ) );
     c90:	6e696474 	mcrvs	4, 3, r6, cr9, cr4, {3}
     c94:	00682e74 	rsbeq	r2, r8, r4, ror lr
     c98:	70000002 	andvc	r0, r0, r2
     c9c:	6d74726f 	lfmvs	f7, 2, [r4, #-444]!	; 0xfffffe44
     ca0:	6f726361 	svcvs	0x00726361
     ca4:	0300682e 	movweq	r6, #2094	; 0x82e
     ca8:	696c0000 	stmdbvs	ip!, {}^	; <UNPREDICTABLE>
     cac:	682e7473 	stmdavs	lr!, {r0, r1, r4, r5, r6, sl, ip, sp, lr}
     cb0:	00000400 	andeq	r0, r0, r0, lsl #8
     cb4:	00010500 	andeq	r0, r1, r0, lsl #10
     cb8:	1b900205 	blne	fe4014d4 <__StackTop+0xde3ff4d4>
     cbc:	31030000 	mrscc	r0, (UNDEF: 3)
     cc0:	50280501 	eorpl	r0, r8, r1, lsl #10
     cc4:	053c1505 	ldreq	r1, [ip, #-1285]!	; 0xfffffafb
     cc8:	30053421 	andcc	r3, r5, r1, lsr #8
     ccc:	3c1d054e 	cfldr32cc	mvfx0, [sp], {78}	; 0x4e
    if( uxSchedulerSuspended == ( UBaseType_t ) 0U )
     cd0:	052f3405 	streq	r3, [pc, #-1029]!	; 8d3 <xTaskGetTickCountFromISR+0x1f>
     cd4:	1d053c21 	stcne	12, cr3, [r5, #-132]	; 0xffffff7c
        listREMOVE_ITEM( &( pxUnblockedTCB->xStateListItem ) );
     cd8:	052e0b03 	streq	r0, [lr, #-2819]!	; 0xfffff4fd
     cdc:	055c4401 	ldrbeq	r4, [ip, #-1025]	; 0xfffffbff
     ce0:	01054e19 	tsteq	r5, r9, lsl lr
     ce4:	18055d44 	stmdane	r5, {r2, r6, r8, sl, fp, ip, lr}
     ce8:	031b0559 	tsteq	fp, #373293056	; 0x16400000
     cec:	28053c0d 	stmdacs	r5, {r0, r2, r3, sl, fp, ip, sp}
     cf0:	2e1f053d 	mrccs	5, 0, r0, cr15, cr13, {1}
     cf4:	05330c05 	ldreq	r0, [r3, #-3077]!	; 0xfffff3fb
     cf8:	19052e21 	stmdbne	r5, {r0, r5, r9, sl, fp, sp}
     cfc:	3f20052f 	svccc	0x0020052f
     d00:	053e3b05 	ldreq	r3, [lr, #-2821]!	; 0xfffff4fb
     d04:	21052e23 	tstcs	r5, r3, lsr #28
     d08:	31010520 	tstcc	r1, r0, lsr #10
     d0c:	5a16055d 	bpl	582288 <_edata+0x57fe2c>
     d10:	12030705 	andne	r0, r3, #1310720	; 0x140000
        prvAddTaskToReadyList( pxUnblockedTCB );
     d14:	4c14053c 	cfldr32mi	mvfx0, [r4], {60}	; 0x3c
     d18:	1d031905 	vstrne.16	s2, [r3, #-10]	; <UNPREDICTABLE>
     d1c:	3c09054a 	cfstr32cc	mvfx0, [r9], {74}	; 0x4a
     d20:	00018305 	andeq	r8, r1, r5, lsl #6
     d24:	20030402 	andcs	r0, r3, r2, lsl #8
     d28:	02004d05 	andeq	r4, r0, #320	; 0x140
     d2c:	053c0104 	ldreq	r0, [ip, #-260]!	; 0xfffffefc
     d30:	04020055 	streq	r0, [r2], #-85	; 0xffffffab
     d34:	09052e01 	stmdbeq	r5, {r0, r9, sl, fp, sp}
     d38:	01040200 	mrseq	r0, R12_usr
     d3c:	03270520 			; <UNDEFINED> instruction: 0x03270520
     d40:	1b053c09 	blne	14fd6c <_edata+0x14d910>
     d44:	2f12052e 	svccs	0x0012052e
     d48:	052e2705 	streq	r2, [lr, #-1797]!	; 0xfffff8fb
     d4c:	18052f1f 	stmdane	r5, {r0, r1, r2, r3, r4, r8, r9, sl, fp, sp}
     d50:	4020053d 	eormi	r0, r0, sp, lsr r5
     d54:	053e3b05 	ldreq	r3, [lr, #-2821]!	; 0xfffff4fb
     d58:	21052e23 	tstcs	r5, r3, lsr #28
     d5c:	31010520 	tstcc	r1, r0, lsr #10
     d60:	4d14055d 	cfldr32mi	mvfx0, [r4, #-372]	; 0xfffffe8c
     d64:	05401305 	strbeq	r1, [r0, #-773]	; 0xfffffcfb
     d68:	28052e38 	stmdacs	r5, {r3, r4, r5, r9, sl, fp, sp}
     d6c:	2113052e 	tstcs	r3, lr, lsr #10
     d70:	052e3805 	streq	r3, [lr, #-2053]!	; 0xfffff7fb
     d74:	0f052e28 	svceq	0x00052e28
     d78:	2e070526 	cfsh32cs	mvfx0, mvfx7, #22
     d7c:	053e2905 	ldreq	r2, [lr, #-2309]!	; 0xfffff6fb
     d80:	21052e19 	tstcs	r5, r9, lsl lr
     d84:	3d3b0535 	cfldr32cc	mvfx0, [fp, #-212]!	; 0xffffff2c
     d88:	052e2305 	streq	r2, [lr, #-773]!	; 0xfffffcfb
     d8c:	12052021 	andne	r2, r5, #33	; 0x21
     d90:	2f010532 	svccs	0x00010532
     d94:	01000502 	tsteq	r0, r2, lsl #10
        listINSERT_END( &( xPendingReadyList ), &( pxUnblockedTCB->xEventListItem ) );
     d98:	00035001 	andeq	r5, r3, r1
     d9c:	ae000300 	cdpge	3, 0, cr0, cr0, cr0, {0}
     da0:	02000000 	andeq	r0, r0, #0
     da4:	0d0efb01 	vstreq	d15, [lr, #-4]
     da8:	01010100 	mrseq	r0, (UNDEF: 17)
     dac:	00000001 	andeq	r0, r0, r1
     db0:	01000001 	tsteq	r0, r1
     db4:	462f2e2e 	strtmi	r2, [pc], -lr, lsr #28
     db8:	52656572 	rsbpl	r6, r5, #478150656	; 0x1c800000
     dbc:	2d534f54 	ldclcs	15, cr4, [r3, #-336]	; 0xfffffeb0
     dc0:	6e72654b 	cdpvs	5, 7, cr6, cr2, cr11, {2}
     dc4:	702f6c65 	eorvc	r6, pc, r5, ror #24
     dc8:	6174726f 	cmnvs	r4, pc, ror #4
     dcc:	2f656c62 	svccs	0x00656c62
        if( pxUnblockedTCB->uxPriority > pxCurrentTCB->uxPriority )
     dd0:	4d6d654d 	cfstr64mi	mvdx6, [sp, #-308]!	; 0xfffffecc
     dd4:	00676e61 	rsbeq	r6, r7, r1, ror #28
     dd8:	7273752f 	rsbsvc	r7, r3, #197132288	; 0xbc00000
     ddc:	62696c2f 	rsbvs	r6, r9, #12032	; 0x2f00
            xReturn = pdTRUE;
     de0:	6363672f 	cmnvs	r3, #12320768	; 0xbc0000
            xYieldPendings[ 0 ] = pdTRUE;
     de4:	6d72612f 	ldfvse	f6, [r2, #-188]!	; 0xffffff44
     de8:	6e6f6e2d 	cdpvs	14, 6, cr6, cr15, cr13, {1}
            xReturn = pdFALSE;
     dec:	61652d65 	cmnvs	r5, r5, ror #26
}
     df0:	312f6962 			; <UNDEFINED> instruction: 0x312f6962
     df4:	2e332e30 	mrccs	14, 1, r2, cr3, cr0, {1}
     df8:	6e692f31 	mcrvs	15, 3, r2, cr9, cr1, {1}
     dfc:	64756c63 	ldrbtvs	r6, [r5], #-3171	; 0xfffff39d
     e00:	2e2e0065 	cdpcs	0, 2, cr0, cr14, cr5, {3}
     e04:	6572462f 	ldrbvs	r4, [r2, #-1583]!	; 0xfffff9d1
     e08:	4f545265 	svcmi	0x00545265
     e0c:	654b2d53 	strbvs	r2, [fp, #-3411]	; 0xfffff2ad
     e10:	6c656e72 	stclvs	14, cr6, [r5], #-456	; 0xfffffe38
{
     e14:	636e692f 	cmnvs	lr, #770048	; 0xbc000
     e18:	6564756c 	strbvs	r7, [r4, #-1388]!	; 0xfffffa94
     e1c:	65680000 	strbvs	r0, [r8, #-0]!
    listSET_LIST_ITEM_VALUE( pxEventListItem, xItemValue | taskEVENT_LIST_ITEM_VALUE_IN_USE );
     e20:	345f7061 	ldrbcc	r7, [pc], #-97	; e28 <vTaskRemoveFromUnorderedEventList+0x14>
     e24:	0100632e 	tsteq	r0, lr, lsr #6
    pxUnblockedTCB = listGET_LIST_ITEM_OWNER( pxEventListItem );
     e28:	74730000 	ldrbtvc	r0, [r3], #-0
     e2c:	66656464 	strbtvs	r6, [r5], -r4, ror #8
    listREMOVE_ITEM( pxEventListItem );
     e30:	0200682e 	andeq	r6, r0, #3014656	; 0x2e0000
     e34:	74730000 	ldrbtvc	r0, [r3], #-0
     e38:	746e6964 	strbtvc	r6, [lr], #-2404	; 0xfffff69c
     e3c:	0200682e 	andeq	r6, r0, #3014656	; 0x2e0000
     e40:	6f700000 	svcvs	0x00700000
     e44:	62617472 	rsbvs	r7, r1, #1912602624	; 0x72000000
     e48:	682e656c 	stmdavs	lr!, {r2, r3, r5, r6, r8, sl, sp, lr}
     e4c:	00000300 	andeq	r0, r0, r0, lsl #6
     e50:	00010500 	andeq	r0, r1, r0, lsl #10
     e54:	1cf00205 	lfmne	f0, 2, [r0], #20
     e58:	ad030000 	stcge	0, cr0, [r3, #-0]
     e5c:	0c050101 	stfeqs	f0, [r5], {1}
     e60:	0705304e 	streq	r3, [r5, -lr, asr #32]
     e64:	400d0530 	andmi	r0, sp, r0, lsr r5
     e68:	052e0b05 	streq	r0, [lr, #-2821]!	; 0xfffff4fb
    listREMOVE_ITEM( &( pxUnblockedTCB->xStateListItem ) );
     e6c:	1f053e19 	svcne	0x00053e19
     e70:	3c0f054e 	cfstr32cc	mvfx0, [pc], {78}	; 0x4e
     e74:	05314e05 	ldreq	r4, [r1, #-3589]!	; 0xfffff1fb
     e78:	15053c29 	strne	r3, [r5, #-3113]	; 0xfffff3d7
     e7c:	2e13053e 	mrccs	5, 0, r0, cr3, cr14, {1}
     e80:	5c3e2105 	ldfpls	f2, [lr], #-20	; 0xffffffec
     e84:	0a031905 	beq	c72a0 <_edata+0xc4e44>
     e88:	3605053c 			; <UNDEFINED> instruction: 0x3605053c
     e8c:	05321305 	ldreq	r1, [r2, #-773]!	; 0xfffffcfb
     e90:	0d052e0b 	stceq	14, cr2, [r5, #-44]	; 0xffffffd4
     e94:	2e0b0330 	mcrcs	3, 0, r0, cr11, cr0, {1}
     e98:	05200b05 	streq	r0, [r0, #-2821]!	; 0xfffff4fb
     e9c:	3605300f 	strcc	r3, [r5], -pc
     ea0:	01040200 	mrseq	r0, R12_usr
     ea4:	0025053c 	eoreq	r0, r5, ip, lsr r5
    prvAddTaskToReadyList( pxUnblockedTCB );
     ea8:	2e010402 	cdpcs	4, 0, cr0, cr1, cr2, {0}
     eac:	05402105 	strbeq	r2, [r0, #-261]	; 0xfffffefb
     eb0:	16052f19 			; <UNDEFINED> instruction: 0x16052f19
     eb4:	2225053f 	eorcs	r0, r5, #264241152	; 0xfc00000
     eb8:	052f1d05 	streq	r1, [pc, #-3333]!	; 1bb <vTask2+0xb>
     ebc:	16053921 	strne	r3, [r5], -r1, lsr #18
     ec0:	004a052e 	subeq	r0, sl, lr, lsr #10
     ec4:	3c010402 	cfstrscc	mvf0, [r1], {2}
     ec8:	02003e05 	andeq	r3, r0, #5, 28	; 0x50
     ecc:	052e0104 	streq	r0, [lr, #-260]!	; 0xfffffefc
     ed0:	2e09031d 	mcrcs	3, 0, r0, cr9, cr13, {0}
     ed4:	052e1305 	streq	r1, [lr, #-773]!	; 0xfffffcfb
     ed8:	2005403d 	andcs	r4, r5, sp, lsr r0
     edc:	201e052e 	andscs	r0, lr, lr, lsr #10
     ee0:	05333f05 	ldreq	r3, [r3, #-3845]!	; 0xfffff0fb
     ee4:	22052e36 	andcs	r2, r5, #864	; 0x360
     ee8:	2e2f0534 	mcrcs	5, 1, r0, cr15, cr4, {1}
     eec:	052e4105 	streq	r4, [lr, #-261]!	; 0xfffffefb
     ef0:	28052e17 	stmdacs	r5, {r0, r1, r2, r4, r9, sl, fp, sp}
     ef4:	4f3d0534 	svcmi	0x003d0534
     ef8:	052e4a05 	streq	r4, [lr, #-2565]!	; 0xfffff5fb
     efc:	2d052e34 	stccs	14, cr2, [r5, #-208]	; 0xffffff30
     f00:	3f4a052f 	svccc	0x004a052f
     f04:	052e3905 	streq	r3, [lr, #-2309]!	; 0xfffff6fb
     f08:	29052f3a 	stmdbcs	r5, {r1, r3, r4, r5, r8, r9, sl, fp, sp}
     f0c:	2e330543 	cdpcs	5, 3, cr0, cr3, cr3, {2}
     f10:	052e2905 	streq	r2, [lr, #-2309]!	; 0xfffff6fb
     f14:	17053e2d 	strne	r3, [r5, -sp, lsr #28]
     f18:	3038054a 	eorscc	r0, r8, sl, asr #10
     f1c:	05512905 	ldrbeq	r2, [r1, #-2309]	; 0xfffff6fb
     f20:	2e054015 	mcrcs	0, 0, r4, cr5, cr5, {0}
     f24:	3d330567 	cfldr32cc	mvfx0, [r3, #-412]!	; 0xfffffe64
     f28:	16030e05 	strne	r0, [r3], -r5, lsl #28
        if( pxUnblockedTCB->uxPriority > pxCurrentTCB->uxPriority )
     f2c:	030c0558 	movweq	r0, #50520	; 0xc558
     f30:	01052e10 	tsteq	r5, r0, lsl lr
     f34:	0f05da21 	svceq	0x0005da21
            xYieldPendings[ 0 ] = pdTRUE;
     f38:	3107054b 	tstcc	r7, fp, asr #10
     f3c:	05400d05 	strbeq	r0, [r0, #-3333]	; 0xfffff2fb
}
     f40:	0d055b10 	vstreq	d5, [r5, #-64]	; 0xffffffc0
     f44:	2e2e0534 	mcrcs	5, 1, r0, cr14, cr4, {1}
     f48:	054a0b05 	strbeq	r0, [sl, #-2821]	; 0xfffff4fb
     f4c:	0f053017 	svceq	0x00053017
     f50:	3211052e 	andscc	r0, r1, #192937984	; 0xb800000
     f54:	05660c03 	strbeq	r0, [r6, #-3075]!	; 0xfffff3fd
{
     f58:	29053132 	stmdbcs	r5, {r1, r4, r5, r8, ip, sp}
     f5c:	5a15052e 	bpl	54241c <_edata+0x53ffc0>
    taskENTER_CRITICAL();
     f60:	053d2d05 	ldreq	r2, [sp, #-3333]!	; 0xfffff2fb
        pxTimeOut->xOverflowCount = xNumOfOverflows;
     f64:	01055a1a 	tsteq	r5, sl, lsl sl
     f68:	942e0c03 	strtls	r0, [lr], #-3075	; 0xfffff3fd
        pxTimeOut->xTimeOnEntering = xTickCount;
     f6c:	052f0c05 	streq	r0, [pc, #-3077]!	; 36f <prvInitialiseNewTask+0x11>
     f70:	056a2f01 	strbeq	r2, [sl, #-3841]!	; 0xfffff0ff
    taskEXIT_CRITICAL();
     f74:	01052f0c 	tsteq	r5, ip, lsl #30
}
     f78:	24056a2f 	strcs	r6, [r5], #-2607	; 0xfffff5d1
     f7c:	4b01052f 	blmi	42440 <_edata+0x3ffe4>
     f80:	054f3086 	strbeq	r3, [pc, #-134]	; f02 <vTaskRemoveFromUnorderedEventList+0xee>
     f84:	0905590c 	stmdbeq	r5, {r2, r3, r8, fp, ip, lr}
{
     f88:	04020030 	streq	r0, [r2], #-48	; 0xffffffd0
     f8c:	003c0601 	eorseq	r0, ip, r1, lsl #12
    pxTimeOut->xOverflowCount = xNumOfOverflows;
     f90:	82030402 	andhi	r0, r3, #33554432	; 0x2000000
     f94:	04040200 	streq	r0, [r4], #-512	; 0xfffffe00
    pxTimeOut->xTimeOnEntering = xTickCount;
     f98:	0007052e 	andeq	r0, r7, lr, lsr #10
     f9c:	06060402 	streq	r0, [r6], -r2, lsl #8
}
     fa0:	300e0520 	andcc	r0, lr, r0, lsr #10
     fa4:	05840b05 	streq	r0, [r4, #2821]	; 0xb05
     fa8:	0c053e16 	stceq	14, cr3, [r5], {22}
     fac:	21010594 			; <UNDEFINED> instruction: 0x21010594
     fb0:	3f0c054e 	svccc	0x000c054e
{
     fb4:	053f1405 	ldreq	r1, [pc, #-1029]!	; bb7 <vTaskSwitchContext+0x5f>
     fb8:	0705301a 	smladeq	r5, sl, r0, r3
     fbc:	3018053c 	andscc	r0, r8, ip, lsr r5
    taskENTER_CRITICAL();
     fc0:	1e054b3d 	vmovne.16	d5[0], r4
        const TickType_t xConstTickCount = xTickCount;
     fc4:	05660b03 	strbeq	r0, [r6, #-2819]!	; 0xfffff4fd
        const TickType_t xElapsedTime = xConstTickCount - pxTimeOut->xTimeOnEntering;
     fc8:	1705201c 	smladne	r5, ip, r0, r2
     fcc:	4012052f 	andsmi	r0, r2, pc, lsr #10
     fd0:	054b1505 	strbeq	r1, [fp, #-1285]	; 0xfffffafb
        if( ( xNumOfOverflows != pxTimeOut->xOverflowCount ) && ( xConstTickCount >= pxTimeOut->xTimeOnEntering ) )
     fd4:	053d2012 	ldreq	r2, [sp, #-18]!	; 0xffffffee
     fd8:	0b054b0d 	bleq	153c14 <_edata+0x1517b8>
     fdc:	2f0a0520 	svccs	0x000a0520
     fe0:	052e1705 	streq	r1, [lr, #-1797]!	; 0xfffff8fb
     fe4:	1c052f0a 	stcne	15, cr2, [r5], {10}
            xReturn = pdTRUE;
     fe8:	3216052e 	andscc	r0, r6, #192937984	; 0xb800000
            *pxTicksToWait = ( TickType_t ) 0;
     fec:	052f4005 	streq	r4, [pc, #-5]!	; fef <xTaskCheckForTimeOut+0x3b>
     ff0:	2205203e 	andcs	r2, r5, #62	; 0x3e
        else if( xElapsedTime < *pxTicksToWait )
     ff4:	2f27052e 	svccs	0x0027052e
     ff8:	054d3605 	strbeq	r3, [sp, #-1541]	; 0xfffff9fb
     ffc:	2b052e24 	blcs	14c894 <_edata+0x14a438>
            *pxTicksToWait -= xElapsedTime;
    1000:	2e19052f 	cfmul64cs	mvdx0, mvdx9, mvdx15
    1004:	f62f0105 			; <UNDEFINED> instruction: 0xf62f0105
    1008:	05501505 	ldrbeq	r1, [r0, #-1285]	; 0xfffffafb
            vTaskInternalSetTimeOutState( pxTimeOut );
    100c:	77052e05 	strvc	r2, [r5, -r5, lsl #28]
            xReturn = pdFALSE;
    1010:	03040200 	movweq	r0, #16896	; 0x4200
    1014:	00200520 	eoreq	r0, r0, r0, lsr #10
            *pxTicksToWait = ( TickType_t ) 0;
    1018:	3c010402 	cfstrscc	mvf0, [r1], {2}
            xReturn = pdTRUE;
    101c:	02000505 	andeq	r0, r0, #20971520	; 0x1400000
    taskEXIT_CRITICAL();
    1020:	052e0104 	streq	r0, [lr, #-260]!	; 0xfffffefc
    return xReturn;
    1024:	3c0c0309 	stccc	3, cr0, [ip], {9}
}
    1028:	05301b05 	ldreq	r1, [r0, #-2821]!	; 0xfffff4fb
    102c:	07052e0f 	streq	r2, [r5, -pc, lsl #28]
    1030:	3e20052e 	cfsh64cc	mvdx0, mvdx0, #30
    1034:	052e3205 	streq	r3, [lr, #-517]!	; 0xfffffdfb
{
    1038:	19052e20 	stmdbne	r5, {r5, r9, sl, fp, sp}
    xYieldPendings[ portGET_CORE_ID() ] = pdTRUE;
    103c:	0309053d 	movweq	r0, #38205	; 0x953d
    1040:	20052e09 	andcs	r2, r5, r9, lsl #28
}
    1044:	2e0f0530 	cfmv64hrcs	mvdx15, r0
    1048:	052e4005 	streq	r4, [lr, #-5]!
    104c:	0d052e07 	stceq	14, cr2, [r5, #-28]	; 0xffffffe4
{
    1050:	2e460530 	mcrcs	5, 2, r0, cr6, cr0, {1}
    1054:	052e0b05 	streq	r0, [lr, #-2821]!	; 0xfffff4fb
        prvCheckTasksWaitingTermination();
    1058:	2c053129 	stfcss	f3, [r5], {41}	; 0x29
            if( listCURRENT_LIST_LENGTH( &( pxReadyTasksLists[ tskIDLE_PRIORITY ] ) ) > ( UBaseType_t ) configNUMBER_OF_CORES )
    105c:	2e64052e 	cdpcs	5, 6, cr0, cr4, cr14, {1}
    1060:	05202905 	streq	r2, [r0, #-2309]!	; 0xfffff6fb
                taskYIELD();
    1064:	68053d30 	stmdavs	r5, {r4, r5, r8, sl, fp, ip, sp}
    1068:	202e052e 	eorcs	r0, lr, lr, lsr #10
    106c:	5d360540 	cfldr32pl	mvfx0, [r6, #-256]!	; 0xffffff00
    1070:	052e2a05 	streq	r2, [lr, #-2565]!	; 0xfffff5fb
        prvCheckTasksWaitingTermination();
    1074:	25053507 	strcs	r3, [r5, #-1287]	; 0xfffffaf9
    1078:	4201054c 	andmi	r0, r1, #76, 10	; 0x13000000
    107c:	4c0c0594 	cfstr32mi	mvfx0, [ip], {148}	; 0x94
{
    1080:	052e1905 	streq	r1, [lr, #-2309]!	; 0xfffff6fb
    1084:	05052e27 	streq	r2, [r5, #-3623]	; 0xfffff1d9
    for( uxPriority = ( UBaseType_t ) 0U; uxPriority < ( UBaseType_t ) configMAX_PRIORITIES; uxPriority++ )
    1088:	3011053e 	andscc	r0, r1, lr, lsr r5
        vListInitialise( &( pxReadyTasksLists[ uxPriority ] ) );
    108c:	05400b05 	strbeq	r0, [r0, #-2821]	; 0xfffff4fb
    1090:	18053e12 	stmdane	r5, {r1, r4, r9, sl, fp, ip, sp}
    1094:	3e1c0524 	cfmul64cc	mvdx0, mvdx12, mvdx4
    1098:	052e1305 	streq	r1, [lr, #-773]!	; 0xfffffcfb
    109c:	1c053e1e 	stcne	14, cr3, [r5], {30}
    for( uxPriority = ( UBaseType_t ) 0U; uxPriority < ( UBaseType_t ) configMAX_PRIORITIES; uxPriority++ )
    10a0:	2e13053f 	mrccs	5, 0, r0, cr3, cr15, {1}
    10a4:	053e1e05 	ldreq	r1, [lr, #-3589]!	; 0xfffff1fb
    10a8:	1c054119 	stfnes	f4, [r5], {25}
    vListInitialise( &xDelayedTaskList1 );
    10ac:	053c6e03 	ldreq	r6, [ip, #-3587]!	; 0xfffff1fd
    10b0:	0e052e12 	mcreq	14, 0, r2, cr5, cr2, {0}
    vListInitialise( &xDelayedTaskList2 );
    10b4:	053c1603 	ldreq	r1, [ip, #-1539]!	; 0xfffff9fd
    vListInitialise( &xPendingReadyList );
    10b8:	32053031 	andcc	r3, r5, #49	; 0x31
    10bc:	3d26053d 	cfstr32cc	mvfx0, [r6, #-244]!	; 0xffffff0c
    pxDelayedTaskList = &xDelayedTaskList1;
    10c0:	053e0505 	ldreq	r0, [lr, #-1285]!	; 0xfffffafb
    pxOverflowDelayedTaskList = &xDelayedTaskList2;
    10c4:	35053031 	strcc	r3, [r5, #-49]	; 0xffffffcf
    10c8:	4b2f054b 	blmi	bc25fc <_edata+0xbc01a0>
}
    10cc:	054b3505 	strbeq	r3, [fp, #-1285]	; 0xfffffafb
    10d0:	01054c05 	tsteq	r5, r5, lsl #24
    10d4:	f209032f 	vcgt.s8	d0, d9, d31
    10d8:	052f0b05 	streq	r0, [pc, #-2821]!	; 5db <prvCreateIdleTasks+0x8b>
    10dc:	24053e19 	strcs	r3, [r5], #-3609	; 0xfffff1e7
    10e0:	1e053d3d 	mcrne	13, 0, r3, cr5, cr13, {1}
    10e4:	3d01053d 	cfstr32cc	mvfx0, [r1, #-244]	; 0xffffff0c
    10e8:	01000f02 	tsteq	r0, r2, lsl #30
{
    10ec:	0001ea01 	andeq	lr, r1, r1, lsl #20
}
    10f0:	b3000300 	movwlt	r0, #768	; 0x300
    10f4:	02000000 	andeq	r0, r0, #0
{
    10f8:	0d0efb01 	vstreq	d15, [lr, #-4]
    if( listLIST_IS_EMPTY( pxDelayedTaskList ) != pdFALSE )
    10fc:	01010100 	mrseq	r0, (UNDEF: 17)
    1100:	00000001 	andeq	r0, r0, r1
    1104:	01000001 	tsteq	r0, r1
        xNextTaskUnblockTime = portMAX_DELAY;
    1108:	462f2e2e 	strtmi	r2, [pc], -lr, lsr #28
    110c:	52656572 	rsbpl	r6, r5, #478150656	; 0x1c800000
        xNextTaskUnblockTime = listGET_ITEM_VALUE_OF_HEAD_ENTRY( pxDelayedTaskList );
    1110:	2d534f54 	ldclcs	15, cr4, [r3, #-336]	; 0xfffffeb0
    1114:	6e72654b 	cdpvs	5, 7, cr6, cr2, cr11, {2}
    1118:	702f6c65 	eorvc	r6, pc, r5, ror #24
}
    111c:	6174726f 	cmnvs	r4, pc, ror #4
    1120:	2f656c62 	svccs	0x00656c62
    1124:	2f434347 	svccs	0x00434347
    1128:	5f4d5241 	svcpl	0x004d5241
        {
    112c:	00334d43 	eorseq	r4, r3, r3, asr #26
    1130:	7273752f 	rsbsvc	r7, r3, #197132288	; 0xbc00000
            xReturn = pxCurrentTCB;
    1134:	62696c2f 	rsbvs	r6, r9, #12032	; 0x2f00
            return xReturn;
    1138:	6363672f 	cmnvs	r3, #12320768	; 0xbc0000
        }
    113c:	6d72612f 	ldfvse	f6, [r2, #-188]!	; 0xffffff44
    1140:	6e6f6e2d 	cdpvs	14, 6, cr6, cr15, cr13, {1}
    1144:	61652d65 	cmnvs	r5, r5, ror #26
    {
    1148:	312f6962 			; <UNDEFINED> instruction: 0x312f6962
    114c:	2e332e30 	mrccs	14, 1, r2, cr3, cr0, {1}
        TaskHandle_t xReturn = NULL;
    1150:	6e692f31 	mcrvs	15, 3, r2, cr9, cr1, {1}
        if( taskVALID_CORE_ID( xCoreID ) != pdFALSE )
    1154:	64756c63 	ldrbtvs	r6, [r5], #-3171	; 0xfffff39d
    1158:	2e2e0065 	cdpcs	0, 2, cr0, cr14, cr5, {3}
    115c:	6572462f 	ldrbvs	r4, [r2, #-1583]!	; 0xfffff9d1
                xReturn = pxCurrentTCB;
    1160:	4f545265 	svcmi	0x00545265
    1164:	654b2d53 	strbvs	r2, [fp, #-3411]	; 0xfffff2ad
    }
    1168:	6c656e72 	stclvs	14, cr6, [r5], #-456	; 0xfffffe38
    116c:	636e692f 	cmnvs	lr, #770048	; 0xbc000
    1170:	6564756c 	strbvs	r7, [r4, #-1388]!	; 0xfffffa94
    1174:	6f700000 	svcvs	0x00700000
{
    1178:	632e7472 			; <UNDEFINED> instruction: 0x632e7472
    117c:	00000100 	andeq	r0, r0, r0, lsl #2
    uxReturn = listGET_LIST_ITEM_VALUE( &( pxCurrentTCB->xEventListItem ) );
    1180:	74726f70 	ldrbtvc	r6, [r2], #-3952	; 0xfffff090
    1184:	7263616d 	rsbvc	r6, r3, #1073741851	; 0x4000001b
    listSET_LIST_ITEM_VALUE( &( pxCurrentTCB->xEventListItem ), ( ( TickType_t ) configMAX_PRIORITIES - ( TickType_t ) pxCurrentTCB->uxPriority ) );
    1188:	00682e6f 	rsbeq	r2, r8, pc, ror #28
    118c:	73000001 	movwvc	r0, #1
    1190:	6e696474 	mcrvs	4, 3, r6, cr9, cr4, {3}
    1194:	00682e74 	rsbeq	r2, r8, r4, ror lr
}
    1198:	70000002 	andvc	r0, r0, r2
    119c:	646a6f72 	strbtvs	r6, [sl], #-3954	; 0xfffff08e
    11a0:	2e736665 	cdpcs	6, 7, cr6, cr3, cr5, {3}
    11a4:	00030068 	andeq	r0, r3, r8, rrx
    {
    11a8:	01050000 	mrseq	r0, (UNDEF: 5)
    11ac:	e0020500 	and	r0, r2, r0, lsl #10
    11b0:	03000021 	movweq	r0, #33	; 0x21
        BaseType_t xAlreadyYielded, xShouldBlock = pdFALSE;
    11b4:	050101b8 	streq	r0, [r1, #-440]	; 0xfffffe48
        if( ( pxCurrentTCB->ulNotifiedValue[ uxIndexToWaitOn ] == 0U ) && ( xTicksToWait > ( TickType_t ) 0 ) )
    11b8:	13056911 	movwne	r6, #22801	; 0x5911
    11bc:	4b11053d 	blmi	4426b8 <_edata+0x44025c>
    11c0:	053d1705 	ldreq	r1, [sp, #-1797]!	; 0xfffff8fb
    11c4:	13052030 	movwne	r2, #20528	; 0x5030
    11c8:	2f11052e 	svccs	0x0011052e
    11cc:	053d1505 	ldreq	r1, [sp, #-1285]!	; 0xfffffafb
            vTaskSuspendAll();
    11d0:	12052013 	andne	r2, r5, #19
                taskENTER_CRITICAL();
    11d4:	3d15052f 	cfldr32cc	mvfx0, [r5, #-188]	; 0xffffff44
                    if( pxCurrentTCB->ulNotifiedValue[ uxIndexToWaitOn ] == 0U )
    11d8:	05201305 	streq	r1, [r0, #-773]!	; 0xfffffcfb
    11dc:	0c052f12 	stceq	15, cr2, [r5], {18}
    11e0:	2101053e 	tstcs	r1, lr, lsr r5
    11e4:	3d170578 	cfldr32cc	mvfx0, [r7, #-480]	; 0xfffffe20
    11e8:	05050204 	streq	r0, [r5, #-516]	; 0xfffffdfc
                        pxCurrentTCB->ucNotifyState[ uxIndexToWaitOn ] = taskWAITING_NOTIFICATION;
    11ec:	052e0c03 	streq	r0, [lr, #-3075]!	; 0xfffff3fd
    11f0:	01049801 	tsteq	r4, r1, lsl #16
    11f4:	77030a05 	strvc	r0, [r3, -r5, lsl #20]
                        xShouldBlock = pdTRUE;
    11f8:	00140520 	andseq	r0, r4, r0, lsr #10
                taskEXIT_CRITICAL();
    11fc:	20010402 	andcs	r0, r1, r2, lsl #8
                if( xShouldBlock == pdTRUE )
    1200:	02000a05 	andeq	r0, r0, #20480	; 0x5000
    1204:	05200104 	streq	r0, [r0, #-260]!	; 0xfffffefc
                    prvAddCurrentTaskToDelayedList( xTicksToWait, pdTRUE );
    1208:	2e0a0301 	cdpcs	3, 0, cr0, cr10, cr1, {0}
    120c:	1305056a 	movwne	r0, #21866	; 0x556a
            xAlreadyYielded = xTaskResumeAll();
    1210:	0e030105 	adfeqs	f0, f3, f5
            if( ( xShouldBlock == pdTRUE ) && ( xAlreadyYielded == pdFALSE ) )
    1214:	05242e08 	streq	r2, [r4, #-3592]!	; 0xfffff1f8
    1218:	01051305 	tsteq	r5, r5, lsl #6
    121c:	27e40d03 	strbcs	r0, [r4, r3, lsl #26]!
                taskYIELD_WITHIN_API();
    1220:	0f033105 	svceq	0x00033105
    1224:	2021053c 	eorcs	r0, r1, ip, lsr r5
    1228:	ea031805 	b	c7244 <_edata+0xc4de8>
    122c:	05672e00 	strbeq	r2, [r7, #-3584]!	; 0xfffff200
        taskENTER_CRITICAL();
    1230:	18056705 	stmdane	r5, {r0, r2, r8, r9, sl, sp, lr}
            ulReturn = pxCurrentTCB->ulNotifiedValue[ uxIndexToWaitOn ];
    1234:	32050520 	andcc	r0, r5, #32, 10	; 0x8000000
    1238:	05311705 	ldreq	r1, [r1, #-1797]!	; 0xfffff8fb
    123c:	2f363f05 	svccs	0x00363f05
    1240:	05310c05 	ldreq	r0, [r1, #-3077]!	; 0xfffff3fb
            if( ulReturn != 0U )
    1244:	32be2101 	adcscc	r2, lr, #1073741824	; 0x40000000
    1248:	0502044e 	streq	r0, [r2, #-1102]	; 0xfffffbb2
                if( xClearCountOnExit != pdFALSE )
    124c:	7ead0305 	cdpvc	3, 10, cr0, cr13, cr5, {0}
                    pxCurrentTCB->ulNotifiedValue[ uxIndexToWaitOn ] = ( uint32_t ) 0U;
    1250:	9801053c 	stmdals	r1, {r2, r3, r4, r5, r8, sl}
    1254:	16050104 	strne	r0, [r5], -r4, lsl #2
    1258:	2001cd03 	andcs	ip, r1, r3, lsl #26
    125c:	0b030105 	bleq	c1678 <_edata+0xbf21c>
    1260:	16058658 			; <UNDEFINED> instruction: 0x16058658
                    pxCurrentTCB->ulNotifiedValue[ uxIndexToWaitOn ] = ulReturn - ( uint32_t ) 1;
    1264:	5a1b053e 	bpl	6c2764 <_edata+0x6c0308>
    1268:	042e0705 	strteq	r0, [lr], #-1797	; 0xfffff8fb
    126c:	03050502 	movweq	r0, #21762	; 0x5502
    1270:	054a7eba 	strbeq	r7, [sl, #-3770]	; 0xfffff146
            pxCurrentTCB->ucNotifyState[ uxIndexToWaitOn ] = taskNOT_WAITING_NOTIFICATION;
    1274:	01044001 	tsteq	r4, r1
    1278:	2001c603 	andcs	ip, r1, r3, lsl #12
    127c:	15050586 	strne	r0, [r5, #-1414]	; 0xfffffa7a
    1280:	1d030105 	stfnes	f0, [r3, #-20]	; 0xffffffec
        taskEXIT_CRITICAL();
    1284:	24012202 	strcs	r2, [r1], #-514	; 0xfffffdfe
    }
    1288:	05050204 	streq	r0, [r5, #-516]	; 0xfffffdfc
    128c:	3c7dec03 	ldclcc	12, cr14, [sp], #-12
    1290:	04980105 	ldreq	r0, [r8], #261	; 0x105
    1294:	030d0501 	movweq	r0, #54529	; 0xd501
    {
    1298:	05200295 	streq	r0, [r0, #-661]!	; 0xfffffd6b
    129c:	0d053c0b 	stceq	12, cr3, [r5, #-44]	; 0xffffffd4
    12a0:	20230534 	eorcs	r0, r3, r4, lsr r5
    12a4:	05050204 	streq	r0, [r5, #-516]	; 0xfffffdfc
        BaseType_t xReturn, xAlreadyYielded, xShouldBlock = pdFALSE;
    12a8:	587dff03 	ldmdapl	sp!, {r0, r1, r8, r9, sl, fp, ip, sp, lr, pc}^
        if( ( pxCurrentTCB->ucNotifyState[ uxIndexToWaitOn ] != taskNOTIFICATION_RECEIVED ) && ( xTicksToWait > ( TickType_t ) 0 ) )
    12ac:	04400105 	strbeq	r0, [r0], #-261	; 0xfffffefb
    12b0:	02850301 	addeq	r0, r5, #67108864	; 0x4000000
    12b4:	01e50320 	mvneq	r0, r0, lsr #6
    12b8:	03050574 	movweq	r0, #21876	; 0x5574
    12bc:	1f052e0b 	svcne	0x00052e0b
    12c0:	2f050520 	svccs	0x00050520
            vTaskSuspendAll();
    12c4:	05202805 	streq	r2, [r0, #-2053]!	; 0xfffff7fb
                taskENTER_CRITICAL();
    12c8:	1f053105 	svcne	0x00053105
                    if( pxCurrentTCB->ucNotifyState[ uxIndexToWaitOn ] != taskNOTIFICATION_RECEIVED )
    12cc:	2f050520 	svccs	0x00050520
    12d0:	05201f05 	streq	r1, [r0, #-3845]!	; 0xfffff0fb
    12d4:	0c022f01 	stceq	15, cr2, [r2], {1}
    12d8:	Address 0x00000000000012d8 is out of bounds.


Disassembly of section .debug_info:

00000000 <.debug_info>:
       0:	00000022 	andeq	r0, r0, r2, lsr #32
       4:	00000002 	andeq	r0, r0, r2
       8:	01040000 	mrseq	r0, (UNDEF: 4)
       c:	00000000 	andeq	r0, r0, r0
      10:	00000198 	muleq	r0, r8, r1
      14:	0000019c 	muleq	r0, ip, r1
      18:	00000000 	andeq	r0, r0, r0
      1c:	00000007 	andeq	r0, r0, r7
      20:	00000021 	andeq	r0, r0, r1, lsr #32
      24:	017d8001 	cmneq	sp, r1
      28:	00040000 	andeq	r0, r4, r0
      2c:	00000014 	andeq	r0, r0, r4, lsl r0
      30:	00dd0104 	sbcseq	r0, sp, r4, lsl #2
      34:	460c0000 	strmi	r0, [ip], -r0
      38:	07000000 	streq	r0, [r0, -r0]
      3c:	9c000000 	stcls	0, cr0, [r0], {-0}
      40:	c8000001 	stmdagt	r0, {r0}
      44:	37000000 	strcc	r0, [r0, -r0]
      48:	02000000 	andeq	r0, r0, #0
      4c:	6e690504 	cdpvs	5, 6, cr0, cr9, cr4, {0}
      50:	25030074 	strcs	r0, [r3, #-116]	; 0xffffff8c
      54:	04000000 	streq	r0, [r0], #-0
      58:	00660704 	rsbeq	r0, r6, r4, lsl #14
      5c:	08040000 	stmdaeq	r4, {}	; <UNPREDICTABLE>
      60:	0000a305 	andeq	sl, r0, r5, lsl #6
      64:	04080400 	streq	r0, [r8], #-1024	; 0xfffffc00
      68:	000000d1 	ldrdeq	r0, [r0], -r1
      6c:	75060104 	strvc	r0, [r6, #-260]	; 0xfffffefc
      70:	04000000 	streq	r0, [r0], #-0
      74:	00be0502 	adcseq	r0, lr, r2, lsl #10
      78:	04040000 	streq	r0, [r4], #-0
      7c:	0000a805 	andeq	sl, r0, r5, lsl #16
      80:	08010400 	stmdaeq	r1, {sl}
      84:	00000073 	andeq	r0, r0, r3, ror r0
      88:	89070204 	stmdbhi	r7, {r2, r9}
      8c:	05000000 	streq	r0, [r0, #-0]
      90:	000000c8 	andeq	r0, r0, r8, asr #1
      94:	75193402 	ldrvc	r3, [r9, #-1026]	; 0xfffffbfe
      98:	04000000 	streq	r0, [r0], #-0
      9c:	00610704 	rsbeq	r0, r1, r4, lsl #14
      a0:	08040000 	stmdaeq	r4, {}	; <UNPREDICTABLE>
      a4:	00005c07 	andeq	r5, r0, r7, lsl #24
      a8:	05040600 	streq	r0, [r4, #-1536]	; 0xfffffa00
      ac:	000005e0 	andeq	r0, r0, r0, ror #11
      b0:	541a3b03 	ldrpl	r3, [sl], #-2819	; 0xfffff4fd
      b4:	04000000 	streq	r0, [r0], #-0
      b8:	007c0801 	rsbseq	r0, ip, r1, lsl #16
      bc:	2d070000 	stccs	0, cr0, [r7, #-0]
      c0:	01000000 	mrseq	r0, (UNDEF: 0)
      c4:	00691114 	rsbeq	r1, r9, r4, lsl r1
      c8:	9c070000 	stcls	0, cr0, [r7], {-0}
      cc:	01000000 	mrseq	r0, (UNDEF: 0)
      d0:	00691115 	rsbeq	r1, r9, r5, lsl r1
      d4:	81070000 	mrshi	r0, (UNDEF: 7)
      d8:	01000000 	mrseq	r0, (UNDEF: 0)
      dc:	00691116 	rsbeq	r1, r9, r6, lsl r1
      e0:	34070000 	strcc	r0, [r7], #-0
      e4:	01000000 	mrseq	r0, (UNDEF: 0)
      e8:	00691117 	rsbeq	r1, r9, r7, lsl r1
      ec:	3a070000 	bcc	1c00f4 <_edata+0x1bdc98>
      f0:	01000000 	mrseq	r0, (UNDEF: 0)
      f4:	00691118 	rsbeq	r1, r9, r8, lsl r1
      f8:	40080000 	andmi	r0, r8, r0
      fc:	01000000 	mrseq	r0, (UNDEF: 0)
     100:	01c4061a 	biceq	r0, r4, sl, lsl r6
     104:	00a00000 	adceq	r0, r0, r0
     108:	9c010000 	stcls	0, cr0, [r1], {-0}
     10c:	00000118 	andeq	r0, r0, r8, lsl r1
     110:	0006d909 	andeq	sp, r6, r9, lsl #18
     114:	101b0100 	andsne	r0, fp, r0, lsl #2
     118:	00000085 	andeq	r0, r0, r5, lsl #1
     11c:	0a6c9102 	beq	1b2452c <_edata+0x1b220d0>
     120:	00637273 	rsbeq	r7, r3, r3, ror r2
     124:	180f1e01 	stmdane	pc, {r0, r9, sl, fp, ip}	; <UNPREDICTABLE>
     128:	02000001 	andeq	r0, r0, #1
     12c:	640a7491 	strvs	r7, [sl], #-1169	; 0xfffffb6f
     130:	01007473 	tsteq	r0, r3, ror r4
     134:	01180f1f 	tsteq	r8, pc, lsl pc
     138:	91020000 	mrsls	r0, (UNDEF: 2)
     13c:	040b0070 	streq	r0, [fp], #-112	; 0xffffff90
     140:	00000069 	andeq	r0, r0, r9, rrx
     144:	0000550c 	andeq	r5, r0, ip, lsl #10
     148:	0d0c0100 	stfeqs	f0, [ip, #-0]
     14c:	000001b0 			; <UNDEFINED> instruction: 0x000001b0
     150:	00000014 	andeq	r0, r0, r4, lsl r0
     154:	01519c01 	cmpeq	r1, r1, lsl #24
     158:	b10d0000 	mrslt	r0, (UNDEF: 13)
     15c:	01000000 	mrseq	r0, (UNDEF: 0)
     160:	00831a0c 	addeq	r1, r3, ip, lsl #20
     164:	91020000 	mrsls	r0, (UNDEF: 2)
     168:	00620a6c 	rsbeq	r0, r2, ip, ror #20
     16c:	2c120d01 	ldccs	13, cr0, [r2], {1}
     170:	02000000 	andeq	r0, r0, #0
     174:	0e007491 	mcreq	4, 0, r7, cr0, cr1, {4}
     178:	0000004e 	andeq	r0, r0, lr, asr #32
     17c:	9c0d0501 	cfstr32ls	mvfx0, [sp], {1}
     180:	14000001 	strne	r0, [r0], #-1
     184:	01000000 	mrseq	r0, (UNDEF: 0)
     188:	00b10d9c 	umlalseq	r0, r1, ip, sp
     18c:	05010000 	streq	r0, [r1, #-0]
     190:	0000831a 	andeq	r8, r0, sl, lsl r3
     194:	6c910200 	lfmvs	f0, 4, [r1], {0}
     198:	0100610a 	tsteq	r0, sl, lsl #2
static void vTask1(void *pvParameters){
     19c:	002c1206 	eoreq	r1, ip, r6, lsl #4
     1a0:	91020000 	mrsls	r0, (UNDEF: 2)
    volatile int a = 0;
     1a4:	a5000074 	strge	r0, [r0, #-116]	; 0xffffff8c
        a++;
     1a8:	04000000 	streq	r0, [r0], #-0
     1ac:	0000f600 	andeq	pc, r0, r0, lsl #12
static void vTask2(void *pvParameters){
     1b0:	dd010400 	cfstrsle	mvf0, [r1, #-0]
     1b4:	0c000000 	stceq	0, cr0, [r0], {-0}
    volatile int b = 0;
     1b8:	0000013a 	andeq	r0, r0, sl, lsr r1
        b++;
     1bc:	00000007 	andeq	r0, r0, r7
     1c0:	00000264 	andeq	r0, r0, r4, ror #4
void start(){
     1c4:	0000003a 	andeq	r0, r0, sl, lsr r0
     1c8:	00000127 	andeq	r0, r0, r7, lsr #2
    uint32_t *src = &_sidata;  //From flash
     1cc:	00015402 	andeq	r5, r1, r2, lsl #8
    uint32_t *dst = &_sdata;   //To RAM
     1d0:	07010100 	streq	r0, [r1, -r0, lsl #2]
        *dst++ = *src++;    //copy word and increament pointers
     1d4:	0000008b 	andeq	r0, r0, fp, lsl #1
     1d8:	00000264 	andeq	r0, r0, r4, ror #4
     1dc:	0000003a 	andeq	r0, r0, sl, lsr r0
     1e0:	008b9c01 	addeq	r9, fp, r1, lsl #24
    while(dst < &_edata){
     1e4:	4a030000 	bmi	c01ec <_edata+0xbdd90>
     1e8:	01000001 	tsteq	r0, r1
    dst = &_sbss;
     1ec:	008b1401 	addeq	r1, fp, r1, lsl #8
    while(dst < &_ebss){
     1f0:	91020000 	mrsls	r0, (UNDEF: 2)
        *dst++ = 0;  //zero word and increament pointer
     1f4:	0160036c 	cmneq	r0, ip, ror #6
     1f8:	01010000 	mrseq	r0, (UNDEF: 1)
    while(dst < &_ebss){
     1fc:	00008d1e 	andeq	r8, r0, lr, lsl sp
     200:	68910200 	ldmvs	r1, {r9}
    xReturn = xTaskCreate(vTask1, "T1", configMINIMAL_STACK_SIZE, NULL, 1, NULL);
     204:	00014f03 	andeq	r4, r1, r3, lsl #30
     208:	32010100 	andcc	r0, r1, #0, 2
     20c:	00000094 	muleq	r0, r4, r0
     210:	04649102 	strbteq	r9, [r4], #-258	; 0xfffffefe
     214:	00727470 	rsbseq	r7, r2, r0, ror r4
     218:	9b140201 	blls	500a24 <_edata+0x4fe5c8>
    xReturn = xTaskCreate(vTask2, "T2", configMINIMAL_STACK_SIZE, NULL, 1, NULL);
     21c:	02000000 	andeq	r0, r0, #0
     220:	5b057491 	blpl	15d46c <_edata+0x15b010>
     224:	01000001 	tsteq	r0, r1
     228:	00a11303 	adceq	r1, r1, r3, lsl #6
     22c:	91020000 	mrsls	r0, (UNDEF: 2)
     230:	04060073 	streq	r0, [r6], #-115	; 0xffffff8d
    vTaskStartScheduler();
     234:	69050407 	stmdbvs	r5, {r0, r1, r2, sl}
    return;
     238:	0800746e 	stmdaeq	r0, {r1, r2, r3, r5, r6, sl, ip, sp, lr}
     23c:	00660704 	rsbeq	r0, r6, r4, lsl #14
     240:	04090000 	streq	r0, [r9], #-0
     244:	000000a1 	andeq	r0, r0, r1, lsr #1
     248:	73080108 	movwvc	r0, #33032	; 0x8108
     24c:	00000000 	andeq	r0, r0, r0
     250:	00001624 	andeq	r1, r0, r4, lsr #12
     254:	01810004 	orreq	r0, r1, r4
     258:	01040000 	mrseq	r0, (UNDEF: 4)
     25c:	000000dd 	ldrdeq	r0, [r0], -sp
     260:	0007990c 	andeq	r9, r7, ip, lsl #18
void* memset(void* dest, int value, unsigned int size){
     264:	00000700 	andeq	r0, r0, r0, lsl #14
     268:	0002a000 	andeq	sl, r2, r0
     26c:	0018f000 	andseq	pc, r8, r0
    unsigned char* ptr = (unsigned char*)dest;
     270:	00018100 	andeq	r8, r1, r0, lsl #2
    unsigned char byte_value = (unsigned char) value;
     274:	04d00200 	ldrbeq	r0, [r0], #512	; 0x200
    while(size > 0){
     278:	d1030000 	mrsle	r0, (UNDEF: 3)
        *ptr = byte_value;
     27c:	00003117 	andeq	r3, r0, r7, lsl r1
        ptr++;
     280:	07040300 	streq	r0, [r4, -r0, lsl #6]
     284:	00000066 	andeq	r0, r0, r6, rrx
        size--;
     288:	69050404 	stmdbvs	r5, {r2, sl}
    while(size > 0){
     28c:	0300746e 	movweq	r7, #1134	; 0x46e
     290:	00a30508 	adceq	r0, r3, r8, lsl #10
     294:	08030000 	stmdaeq	r3, {}	; <UNPREDICTABLE>
     298:	0000d104 	andeq	sp, r0, r4, lsl #2
     29c:	06010300 	streq	r0, [r1], -r0, lsl #6
    {
     2a0:	00000075 	andeq	r0, r0, r5, ror r0
     2a4:	73080103 	movwvc	r0, #33027	; 0x8103
     2a8:	03000000 	movweq	r0, #0
     2ac:	00be0502 	adcseq	r0, lr, r2, lsl #10
            pxStack = ( StackType_t * ) pvPortMallocStack( ( ( ( size_t ) uxStackDepth ) * sizeof( StackType_t ) ) );
     2b0:	02030000 	andeq	r0, r3, #0
     2b4:	00008907 	andeq	r8, r0, r7, lsl #18
     2b8:	05040300 	streq	r0, [r4, #-768]	; 0xfffffd00
            if( pxStack != NULL )
     2bc:	000000a8 	andeq	r0, r0, r8, lsr #1
                pxNewTCB = ( TCB_t * ) pvPortMalloc( sizeof( TCB_t ) );
     2c0:	61070403 	tstvs	r7, r3, lsl #8
     2c4:	03000000 	movweq	r0, #0
                if( pxNewTCB != NULL )
     2c8:	005c0708 	subseq	r0, ip, r8, lsl #14
     2cc:	04050000 	streq	r0, [r5], #-0
                    ( void ) memset( ( void * ) pxNewTCB, 0x00, sizeof( TCB_t ) );
     2d0:	00007e06 	andeq	r7, r0, r6, lsl #28
     2d4:	8b040700 	blhi	101edc <_edata+0xffa80>
                    pxNewTCB->pxStack = pxStack;
     2d8:	03000000 	movweq	r0, #0
     2dc:	007c0801 	rsbseq	r0, ip, r1, lsl #16
                    vPortFreeStack( pxStack );
     2e0:	8b060000 	blhi	1802e8 <_edata+0x17de8c>
     2e4:	07000000 	streq	r0, [r0, -r0]
                pxNewTCB = NULL;
     2e8:	00009204 	andeq	r9, r0, r4, lsl #4
        if( pxNewTCB != NULL )
     2ec:	00970600 	addseq	r0, r7, r0, lsl #12
     2f0:	63020000 	movwvs	r0, #8192	; 0x2000
            prvInitialiseNewTask( pxTaskCode, pcName, uxStackDepth, pvParameters, uxPriority, pxCreatedTask, pxNewTCB, NULL );
     2f4:	04000006 	streq	r0, [r0], #-6
     2f8:	0054182e 	subseq	r1, r4, lr, lsr #16
     2fc:	a2080000 	andge	r0, r8, #0
     300:	02000000 	andeq	r0, r0, #0
     304:	000000c8 	andeq	r0, r0, r8, asr #1
     308:	70193404 	andsvc	r3, r9, r4, lsl #8
     30c:	08000000 	stmdaeq	r0, {}	; <UNPREDICTABLE>
    }
     310:	000000b3 	strheq	r0, [r0], -r3
     314:	00075c02 	andeq	r5, r7, r2, lsl #24
    {
     318:	11240500 			; <UNDEFINED> instruction: 0x11240500
     31c:	000000d0 	ldrdeq	r0, [r0], -r0	; <UNPREDICTABLE>
     320:	00d60407 	sbcseq	r0, r6, r7, lsl #8
     324:	e1090000 	mrs	r0, (UNDEF: 9)
        pxNewTCB = prvCreateTask( pxTaskCode, pcName, uxStackDepth, pvParameters, uxPriority, pxCreatedTask );
     328:	0a000000 	beq	330 <xTaskCreate+0x18>
     32c:	0000007e 	andeq	r0, r0, lr, ror r0
     330:	024a0200 	subeq	r0, sl, #0, 4
     334:	3a020000 	bcc	8033c <_edata+0x7dee0>
     338:	0000b31a 	andeq	fp, r0, sl, lsl r3
        if( pxNewTCB != NULL )
     33c:	00e10800 	rsceq	r0, r1, r0, lsl #16
     340:	e1060000 	mrs	r0, (UNDEF: 6)
            prvAddNewTaskToReadyList( pxNewTCB );
     344:	02000000 	andeq	r0, r0, #0
            xReturn = pdPASS;
     348:	000005e0 	andeq	r0, r0, r0, ror #11
     34c:	691a3b02 	ldmdbvs	sl, {r1, r8, r9, fp, ip, sp}
            xReturn = errCOULD_NOT_ALLOCATE_REQUIRED_MEMORY;
     350:	08000000 	stmdaeq	r0, {}	; <UNPREDICTABLE>
        return xReturn;
     354:	000000f7 	strdeq	r0, [r0], -r7
    }
     358:	0000f706 	andeq	pc, r0, r6, lsl #14
     35c:	05df0200 	ldrbeq	r0, [pc, #512]	; 564 <prvCreateIdleTasks+0x14>
{
     360:	3c020000 	stccc	0, cr0, [r2], {-0}
     364:	0000701a 	andeq	r7, r0, sl, lsl r0
     368:	010d0800 	tsteq	sp, r0, lsl #16
        pxTopOfStack = &( pxNewTCB->pxStack[ uxStackDepth - ( configSTACK_DEPTH_TYPE ) 1 ] );
     36c:	19060000 	stmdbne	r6, {}	; <UNPREDICTABLE>
     370:	02000001 	andeq	r0, r0, #1
     374:	0000084c 	andeq	r0, r0, ip, asr #16
     378:	b31a4202 	tstlt	sl, #536870912	; 0x20000000
     37c:	08000000 	stmdaeq	r0, {}	; <UNPREDICTABLE>
        pxTopOfStack = ( StackType_t * ) ( ( ( portPOINTER_SIZE_TYPE ) pxTopOfStack ) & ( ~( ( portPOINTER_SIZE_TYPE ) portBYTE_ALIGNMENT_MASK ) ) );
     380:	00000123 	andeq	r0, r0, r3, lsr #2
     384:	00012306 	andeq	r2, r1, r6, lsl #6
    if( pcName != NULL )
     388:	027c0b00 	rsbseq	r0, ip, #0, 22
        for( x = ( UBaseType_t ) 0; x < ( UBaseType_t ) configMAX_TASK_NAME_LEN; x++ )
     38c:	06140000 	ldreq	r0, [r4], -r0
     390:	01880890 			; <UNDEFINED> instruction: 0x01880890
            pxNewTCB->pcTaskName[ x ] = pcName[ x ];
     394:	eb0c0000 	bl	30039c <_edata+0x2fdf40>
     398:	06000008 	streq	r0, [r0], -r8
     39c:	01232493 			; <UNDEFINED> instruction: 0x01232493
     3a0:	0c000000 	stceq	0, cr0, [r0], {-0}
     3a4:	0000076b 	andeq	r0, r0, fp, ror #14
            if( pcName[ x ] == ( char ) 0x00 )
     3a8:	882d9406 	stmdahi	sp!, {r1, r2, sl, ip, pc}
     3ac:	04000001 	streq	r0, [r0], #-1
     3b0:	0004710c 	andeq	r7, r4, ip, lsl #2
        for( x = ( UBaseType_t ) 0; x < ( UBaseType_t ) configMAX_TASK_NAME_LEN; x++ )
     3b4:	2d950600 	ldccs	6, cr0, [r5]
     3b8:	00000188 	andeq	r0, r0, r8, lsl #3
     3bc:	0a4c0c08 	beq	13033e4 <_edata+0x1300f88>
                break;
     3c0:	96060000 	strls	r0, [r6], -r0
        pxNewTCB->pcTaskName[ configMAX_TASK_NAME_LEN - 1U ] = '\0';
     3c4:	00007e0c 	andeq	r7, r0, ip, lsl #28
     3c8:	a60c0c00 	strge	r0, [ip], -r0, lsl #24
    if( uxPriority >= ( UBaseType_t ) configMAX_PRIORITIES )
     3cc:	06000008 	streq	r0, [r0], -r8
        uxPriority = ( UBaseType_t ) configMAX_PRIORITIES - ( UBaseType_t ) 1U;
     3d0:	01c32897 			; <UNDEFINED> instruction: 0x01c32897
    pxNewTCB->uxPriority = uxPriority;
     3d4:	00100000 	andseq	r0, r0, r0
     3d8:	01390407 	teqeq	r9, r7, lsl #8
    vListInitialiseItem( &( pxNewTCB->xStateListItem ) );
     3dc:	fd0b0000 	stc2	0, cr0, [fp, #-0]
     3e0:	14000004 	strne	r0, [r0], #-4
    vListInitialiseItem( &( pxNewTCB->xEventListItem ) );
     3e4:	c310ac06 	tstgt	r0, #1536	; 0x600
     3e8:	0c000001 	stceq	0, cr0, [r0], {1}
     3ec:	00000179 	andeq	r0, r0, r9, ror r1
    listSET_LIST_ITEM_OWNER( &( pxNewTCB->xStateListItem ), pxNewTCB );
     3f0:	0d25af06 	stceq	15, cr10, [r5, #-24]!	; 0xffffffe8
    listSET_LIST_ITEM_VALUE( &( pxNewTCB->xEventListItem ), ( TickType_t ) configMAX_PRIORITIES - ( TickType_t ) uxPriority );
     3f4:	00000001 	andeq	r0, r0, r1
     3f8:	0002420c 	andeq	r4, r2, ip, lsl #4
     3fc:	26b00600 	ldrtcs	r0, [r0], r0, lsl #12
    listSET_LIST_ITEM_OWNER( &( pxNewTCB->xEventListItem ), pxNewTCB );
     400:	00000216 	andeq	r0, r0, r6, lsl r2
            pxNewTCB->pxTopOfStack = pxPortInitialiseStack( pxTopOfStack, pxTaskCode, pvParameters );
     404:	060e0c04 	streq	r0, [lr], -r4, lsl #24
     408:	b1060000 	mrslt	r0, (UNDEF: 6)
     40c:	00020a14 	andeq	r0, r2, r4, lsl sl
     410:	07000800 	streq	r0, [r0, -r0, lsl #16]
    if( pxCreatedTask != NULL )
     414:	00018e04 	andeq	r8, r1, r4, lsl #28
     418:	06330200 	ldrteq	r0, [r3], -r0, lsl #4
        *pxCreatedTask = ( TaskHandle_t ) pxNewTCB;
     41c:	9a060000 	bls	180424 <_edata+0x17dfc8>
}
     420:	0001391b 	andeq	r3, r1, fp, lsl r9
     424:	04e20b00 	strbteq	r0, [r2], #2816	; 0xb00
    {
     428:	060c0000 	streq	r0, [ip], -r0
     42c:	020a0c9d 	andeq	r0, sl, #40192	; 0x9d00
        taskENTER_CRITICAL();
     430:	eb0c0000 	bl	300438 <_edata+0x2fdfdc>
            uxCurrentNumberOfTasks = ( UBaseType_t ) ( uxCurrentNumberOfTasks + 1U );
     434:	06000008 	streq	r0, [r0], -r8
     438:	012328a0 			; <UNDEFINED> instruction: 0x012328a0
     43c:	0c000000 	stceq	0, cr0, [r0], {-0}
            if( pxCurrentTCB == NULL )
     440:	0000076b 	andeq	r0, r0, fp, ror #14
     444:	8831a106 	ldmdahi	r1!, {r1, r2, r8, sp, pc}
                pxCurrentTCB = pxNewTCB;
     448:	04000001 	streq	r0, [r0], #-1
                if( uxCurrentNumberOfTasks == ( UBaseType_t ) 1 )
     44c:	0004710c 	andeq	r7, r4, ip, lsl #2
     450:	31a20600 			; <UNDEFINED> instruction: 0x31a20600
                    prvInitialiseTaskLists();
     454:	00000188 	andeq	r0, r0, r8, lsl #3
     458:	2f020008 	svccs	0x00020008
                if( xSchedulerRunning == pdFALSE )
     45c:	06000006 	streq	r0, [r0], -r6
     460:	01d524a4 	bicseq	r2, r5, r4, lsr #9
                    if( pxCurrentTCB->uxPriority <= pxNewTCB->uxPriority )
     464:	04070000 	streq	r0, [r7], #-0
     468:	000001c9 	andeq	r0, r0, r9, asr #3
     46c:	00021606 	andeq	r1, r2, r6, lsl #12
                        pxCurrentTCB = pxNewTCB;
     470:	08380200 	ldmdaeq	r8!, {r9}
     474:	b3060000 	movwlt	r0, #24576	; 0x6000
            uxTaskNumber++;
     478:	00018e03 	andeq	r8, r1, r3, lsl #28
     47c:	02210600 	eoreq	r0, r1, #0, 12
            prvAddTaskToReadyList( pxNewTCB );
     480:	fa020000 	blx	80488 <_edata+0x7e02c>
     484:	07000007 	streq	r0, [r0, -r7]
     488:	023e2e63 	eorseq	r2, lr, #1584	; 0x630
     48c:	04070000 	streq	r0, [r7], #-0
     490:	00000244 	andeq	r0, r0, r4, asr #4
     494:	0001a00d 	andeq	sl, r1, sp
     498:	79014c00 	stmdbvc	r1, {sl, fp, lr}
     49c:	02c31001 	sbceq	r1, r3, #1
     4a0:	5e0e0000 	cdppl	0, 0, cr0, cr14, cr0, {0}
     4a4:	0100000b 	tsteq	r0, fp
     4a8:	7c1c017b 	ldfvcs	f0, [ip], {123}	; 0x7b
     4ac:	00000003 	andeq	r0, r0, r3
     4b0:	000b170e 	andeq	r1, fp, lr, lsl #14
     4b4:	01850100 	orreq	r0, r5, r0, lsl #2
     4b8:	0001c910 	andeq	ip, r1, r0, lsl r9
     4bc:	7f0e0400 	svcvc	0x000e0400
     4c0:	0100000a 	tsteq	r0, sl
     4c4:	c9100186 	ldmdbgt	r0, {r1, r2, r7, r8}
     4c8:	18000001 	stmdane	r0, {r0}
     4cc:	0001890e 	andeq	r8, r1, lr, lsl #18
     4d0:	01870100 	orreq	r0, r7, r0, lsl #2
     4d4:	00010d11 	andeq	r0, r1, r1, lsl sp
     4d8:	270e2c00 	strcs	r2, [lr, -r0, lsl #24]
     4dc:	01000009 	tsteq	r0, r9
     4e0:	76130188 	ldrvc	r0, [r3], -r8, lsl #3
     4e4:	30000003 	andcc	r0, r0, r3
     4e8:	00016e0e 	andeq	r6, r1, lr, lsl #28
     4ec:	018d0100 	orreq	r0, sp, r0, lsl #2
     4f0:	0003820a 	andeq	r8, r3, sl, lsl #4
     4f4:	6d0e3400 	cfstrsvs	mvf3, [lr, #-0]
     4f8:	01000005 	tsteq	r0, r5
     4fc:	a21b01b6 	andsge	r0, fp, #-2147483603	; 0x8000002d
     500:	44000003 	strmi	r0, [r0], #-3
        taskEXIT_CRITICAL();
     504:	0003980e 	andeq	r9, r3, lr, lsl #16
        if( xSchedulerRunning != pdFALSE )
     508:	01b70100 			; <UNDEFINED> instruction: 0x01b70100
     50c:	0003b71a 	andeq	fp, r3, sl, lsl r7
            taskYIELD_ANY_CORE_IF_USING_PREEMPTION( pxNewTCB );
     510:	0f004800 	svceq	0x00004800
     514:	00540107 	subseq	r0, r4, r7, lsl #2
     518:	79070000 	stmdbvc	r7, {}	; <UNPREDICTABLE>
     51c:	0002f001 	andeq	pc, r2, r1
     520:	01f91000 	mvnseq	r1, r0
     524:	10000000 	andne	r0, r0, r0
     528:	0000086b 	andeq	r0, r0, fp, ror #16
    }
     52c:	04d71001 	ldrbeq	r1, [r7], #1
     530:	10020000 	andne	r0, r2, r0
     534:	00000407 	andeq	r0, r0, r7, lsl #8
     538:	05b81003 	ldreq	r1, [r8, #3]!
     53c:	00040000 	andeq	r0, r4, r0
     540:	0004c202 	andeq	ip, r4, r2, lsl #4
     544:	037f0700 	cmneq	pc, #0, 14
     548:	000002c3 	andeq	r0, r0, r3, asr #5
     54c:	0002560b 	andeq	r5, r2, fp, lsl #12
{
     550:	84070800 	strhi	r0, [r7], #-2048	; 0xfffff800
     554:	00032410 	andeq	r2, r3, r0, lsl r4
    BaseType_t xReturn = pdPASS;
     558:	032d0c00 			; <UNDEFINED> instruction: 0x032d0c00
    char cIdleName[ configMAX_TASK_NAME_LEN ] = { 0 };
     55c:	86070000 	strhi	r0, [r7], -r0
     560:	0000f710 	andeq	pc, r0, r0, lsl r7	; <UNPREDICTABLE>
     564:	4c0c0000 	stcmi	0, cr0, [ip], {-0}
    TaskFunction_t pxIdleTaskFunction = NULL;
     568:	07000007 	streq	r0, [r0, -r7]
    for( xIdleTaskNameIndex = 0U; xIdleTaskNameIndex < ( configMAX_TASK_NAME_LEN - taskRESERVED_TASK_NAME_LENGTH ); xIdleTaskNameIndex++ )
     56c:	01231087 	smlawbeq	r3, r7, r0, r1
     570:	00040000 	andeq	r0, r4, r0
        cIdleName[ xIdleTaskNameIndex ] = configIDLE_TASK_NAME[ xIdleTaskNameIndex ];
     574:	0007c602 	andeq	ip, r7, r2, lsl #12
     578:	03880700 	orreq	r0, r8, #0, 14
     57c:	000002fc 	strdeq	r0, [r0], -ip
     580:	0008740b 	andeq	r7, r8, fp, lsl #8
        if( cIdleName[ xIdleTaskNameIndex ] == ( char ) 0x00 )
     584:	8d070c00 	stchi	12, cr0, [r7, #-0]
     588:	00036510 	andeq	r6, r3, r0, lsl r5
     58c:	09df0c00 	ldmibeq	pc, {sl, fp}^	; <UNPREDICTABLE>
    for( xIdleTaskNameIndex = 0U; xIdleTaskNameIndex < ( configMAX_TASK_NAME_LEN - taskRESERVED_TASK_NAME_LENGTH ); xIdleTaskNameIndex++ )
     590:	8f070000 	svchi	0x00070000
     594:	00007e0c 	andeq	r7, r0, ip, lsl #28
     598:	200c0000 	andcs	r0, ip, r0
     59c:	07000007 	streq	r0, [r0, -r7]
    cIdleName[ xIdleTaskNameIndex ] = '\0';
     5a0:	00b30e90 	umlalseq	r0, r3, r0, lr
     5a4:	0c040000 	stceq	0, cr0, [r4], {-0}
     5a8:	0000035e 	andeq	r0, r0, lr, asr r3
    for( xCoreID = ( BaseType_t ) 0; xCoreID < ( BaseType_t ) configNUMBER_OF_CORES; xCoreID++ )
     5ac:	b30e9107 	movwlt	r9, #57607	; 0xe107
            pxIdleTaskFunction = &prvIdleTask;
     5b0:	08000000 	stmdaeq	r0, {}	; <UNPREDICTABLE>
            xReturn = xTaskCreate( pxIdleTaskFunction,
     5b4:	06a10200 	strteq	r0, [r1], r0, lsl #4
     5b8:	92070000 	andls	r0, r7, #0
     5bc:	00033003 	andeq	r3, r3, r3
     5c0:	03650600 	cmneq	r5, #0, 12
     5c4:	04070000 	streq	r0, [r7], #-0
     5c8:	000000e1 	andeq	r0, r0, r1, ror #1
     5cc:	00ed0407 	rsceq	r0, sp, r7, lsl #8
     5d0:	8b110000 	blhi	4405d8 <_edata+0x43e17c>
        if( xReturn != pdPASS )
     5d4:	92000000 	andls	r0, r0, #0
    for( xCoreID = ( BaseType_t ) 0; xCoreID < ( BaseType_t ) configNUMBER_OF_CORES; xCoreID++ )
     5d8:	12000003 	andne	r0, r0, #3
     5dc:	00000031 	andeq	r0, r0, r1, lsr r0
     5e0:	bf11000f 	svclt	0x0011000f
     5e4:	a2000000 	andge	r0, r0, #0
    return xReturn;
     5e8:	12000003 	andne	r0, r0, #3
}
     5ec:	00000031 	andeq	r0, r0, r1, lsr r0
     5f0:	92080000 	andls	r0, r8, #0
     5f4:	11000003 	tstne	r0, r3
     5f8:	000000ae 	andeq	r0, r0, lr, lsr #1
     5fc:	000003b7 			; <UNDEFINED> instruction: 0x000003b7
{
     600:	00003112 	andeq	r3, r0, r2, lsl r1
     604:	08000000 	stmdaeq	r0, {}	; <UNPREDICTABLE>
    xReturn = prvCreateIdleTasks();
     608:	000003a7 	andeq	r0, r0, r7, lsr #7
    if( xReturn == pdPASS )
     60c:	00037a13 	andeq	r7, r3, r3, lsl sl
     610:	01c70100 	biceq	r0, r7, r0, lsl #2
    __asm volatile
     614:	00024403 	andeq	r4, r2, r3, lsl #8
     618:	0a461300 	beq	1185220 <_edata+0x1182dc4>
     61c:	cb010000 	blgt	40624 <_edata+0x3e1c8>
     620:	03bc1001 			; <UNDEFINED> instruction: 0x03bc1001
}
     624:	b2140000 	andslt	r0, r4, #0
        xNextTaskUnblockTime = portMAX_DELAY;
     628:	01000008 	tsteq	r0, r8
     62c:	ef3701d1 	svc	0x003701d1
        xSchedulerRunning = pdTRUE;
     630:	05000003 	streq	r0, [r0, #-3]
        xTickCount = ( TickType_t ) configINITIAL_TICK_COUNT;
     634:	00000803 	andeq	r0, r0, r3, lsl #16
     638:	c9040720 	stmdbgt	r4, {r5, r8, r9, sl}
        ( void ) xPortStartScheduler();
     63c:	08000003 	stmdaeq	r0, {r0, r1}
    ( void ) uxTopUsedPriority;
     640:	000003e9 	andeq	r0, r0, r9, ror #7
}
     644:	00022111 	andeq	r2, r2, r1, lsl r1
     648:	00040400 	andeq	r0, r4, r0, lsl #8
     64c:	00311200 	eorseq	r1, r1, r0, lsl #4
     650:	00040000 	andeq	r0, r4, r0
     654:	00028715 	andeq	r8, r2, r5, lsl r7
     658:	01de0100 	bicseq	r0, lr, r0, lsl #2
{
     65c:	0003f41f 	andeq	pc, r3, pc, lsl r4	; <UNPREDICTABLE>
     660:	0c030500 	cfstr32eq	mvfx0, [r3], {-0}
    __asm volatile
     664:	15200000 	strne	r0, [r0, #-0]!
     668:	00000309 	andeq	r0, r0, r9, lsl #6
     66c:	1f01df01 	svcne	0x0001df01
     670:	00000221 	andeq	r0, r0, r1, lsr #4
}
     674:	00700305 	rsbseq	r0, r0, r5, lsl #6
    xSchedulerRunning = pdFALSE;
     678:	1b152000 	blne	548680 <_edata+0x546224>
    vPortEndScheduler();
     67c:	01000003 	tsteq	r0, r3
}
     680:	211f01e0 	tstcs	pc, r0, ror #3
     684:	05000002 	streq	r0, [r0, #-2]
     688:	00008403 	andeq	r8, r0, r3, lsl #8
{
     68c:	09051520 	stmdbeq	r5, {r5, r8, sl, ip}
        uxSchedulerSuspended = ( UBaseType_t ) ( uxSchedulerSuspended + 1U );
     690:	e1010000 	mrs	r0, (UNDEF: 1)
     694:	04562a01 	ldrbeq	r2, [r6], #-2561	; 0xfffff5ff
     698:	03050000 	movweq	r0, #20480	; 0x5000
}
     69c:	20000098 	mulcs	r0, r8, r0
     6a0:	02210407 	eoreq	r0, r1, #117440512	; 0x7000000
     6a4:	50080000 	andpl	r0, r8, r0
{
     6a8:	06000004 	streq	r0, [r0], -r4
     6ac:	00000450 	andeq	r0, r0, r0, asr r4
    TCB_t * pxTCB = NULL;
     6b0:	00052c15 	andeq	r2, r5, r5, lsl ip
    BaseType_t xAlreadyYielded = pdFALSE;
     6b4:	01e20100 	mvneq	r0, r0, lsl #2
        taskENTER_CRITICAL();
     6b8:	0004562a 	andeq	r5, r4, sl, lsr #12
            const BaseType_t xCoreID = ( BaseType_t ) portGET_CORE_ID();
     6bc:	9c030500 	cfstr32ls	mvfx0, [r3], {-0}
            uxSchedulerSuspended = ( UBaseType_t ) ( uxSchedulerSuspended - 1U );
     6c0:	15200000 	strne	r0, [r0, #-0]!
     6c4:	0000045f 	andeq	r0, r0, pc, asr r4
            if( uxSchedulerSuspended == ( UBaseType_t ) 0U )
     6c8:	1f01e301 	svcne	0x0001e301
     6cc:	00000221 	andeq	r0, r0, r1, lsr #4
     6d0:	00a00305 	adceq	r0, r0, r5, lsl #6
                if( uxCurrentNumberOfTasks > ( UBaseType_t ) 0U )
     6d4:	f4152000 			; <UNDEFINED> instruction: 0xf4152000
     6d8:	0100000a 	tsteq	r0, sl
                    while( listLIST_IS_EMPTY( &xPendingReadyList ) == pdFALSE )
     6dc:	192d01f9 	pushne	{r0, r3, r4, r5, r6, r7, r8}
                        pxTCB = listGET_OWNER_OF_HEAD_ENTRY( ( &xPendingReadyList ) );
     6e0:	05000001 	streq	r0, [r0, #-1]
     6e4:	0000b403 	andeq	fp, r0, r3, lsl #8
                        listREMOVE_ITEM( &( pxTCB->xEventListItem ) );
     6e8:	04f21520 	ldrbteq	r1, [r2], #1312	; 0x520
     6ec:	fa010000 	blx	406f4 <_edata+0x3e298>
     6f0:	012f2c01 			; <UNDEFINED> instruction: 0x012f2c01
     6f4:	03050000 	movweq	r0, #20480	; 0x5000
     6f8:	200000b8 	strhcs	r0, [r0], -r8
     6fc:	00020315 	andeq	r0, r2, r5, lsl r3
     700:	01fb0100 	mvnseq	r0, r0, lsl #2
     704:	0001192d 	andeq	r1, r1, sp, lsr #18
     708:	bc030500 	cfstr32lt	mvfx0, [r3], {-0}
     70c:	15200000 	strne	r0, [r0, #-0]!
     710:	00000230 	andeq	r0, r0, r0, lsr r2
     714:	2c01fc01 	stccs	12, cr15, [r1], {1}
     718:	00000103 	andeq	r0, r0, r3, lsl #2
     71c:	00c00305 	sbceq	r0, r0, r5, lsl #6
     720:	8e152000 	cdphi	0, 1, cr2, cr5, cr0, {0}
                        listREMOVE_ITEM( &( pxTCB->xStateListItem ) );
     724:	0100000a 	tsteq	r0, sl
     728:	2f2c01fd 	svccs	0x002c01fd
     72c:	05000001 	streq	r0, [r0, #-1]
     730:	0000c403 	andeq	ip, r0, r3, lsl #8
     734:	01031120 	tsteq	r3, r0, lsr #2
     738:	04f50000 	ldrbteq	r0, [r5], #0
     73c:	31120000 	tstcc	r2, r0
     740:	00000000 	andeq	r0, r0, r0
     744:	04e50800 	strbteq	r0, [r5], #2048	; 0x800
     748:	de150000 	cdple	0, 1, cr0, cr5, cr0, {0}
     74c:	01000002 	tsteq	r0, r2
     750:	f52c01fe 			; <UNDEFINED> instruction: 0xf52c01fe
     754:	05000004 	streq	r0, [r0, #-4]
     758:	0000c803 	andeq	ip, r0, r3, lsl #16
     75c:	08961520 	ldmeq	r6, {r5, r8, sl, ip}
     760:	ff010000 			; <UNDEFINED> instruction: 0xff010000
                        prvAddTaskToReadyList( pxTCB );
     764:	01032c01 	tsteq	r3, r1, lsl #24
     768:	03050000 	movweq	r0, #20480	; 0x5000
     76c:	200000cc 	andcs	r0, r0, ip, asr #1
     770:	0007ed15 	andeq	lr, r7, r5, lsl sp
     774:	02000100 	andeq	r0, r0, #0, 2
     778:	00010d24 	andeq	r0, r1, r4, lsr #26
     77c:	d0030500 	andle	r0, r3, r0, lsl #10
     780:	15200000 	strne	r0, [r0, #-0]!
     784:	000006b0 			; <UNDEFINED> instruction: 0x000006b0
     788:	2c020101 	stfcss	f0, [r2], {1}
     78c:	0000012f 	andeq	r0, r0, pc, lsr #2
     790:	00d40305 	sbcseq	r0, r4, r5, lsl #6
     794:	32112000 	andscc	r2, r1, #0
     798:	56000002 	strpl	r0, [r0], -r2
     79c:	12000005 	andne	r0, r0, #5
     7a0:	00000031 	andeq	r0, r0, r1, lsr r0
     7a4:	5c150000 	ldcpl	0, cr0, [r5], {-0}
     7a8:	01000005 	tsteq	r0, r5
     7ac:	46250202 	strtmi	r0, [r5], -r2, lsl #4
     7b0:	05000005 	streq	r0, [r0, #-5]
     7b4:	0000d803 	andeq	sp, r0, r3, lsl #16
     7b8:	04931520 	ldreq	r1, [r3], #1312	; 0x520
     7bc:	07010000 	streq	r0, [r1, -r0]
     7c0:	011e2302 	tsteq	lr, r2, lsl #6
     7c4:	03050000 	movweq	r0, #20480	; 0x5000
     7c8:	00002454 	andeq	r2, r0, r4, asr r4
     7cc:	000b4915 	andeq	r4, fp, r5, lsl r9
     7d0:	02150100 	andseq	r0, r5, #0, 2
     7d4:	0001192d 	andeq	r1, r1, sp, lsr #18
     7d8:	dc030500 	cfstr32le	mvfx0, [r3], {-0}
     7dc:	16200000 	strtne	r0, [r0], -r0
     7e0:	0000047c 	andeq	r0, r0, ip, ror r4
                            if( pxTCB->uxPriority > pxCurrentTCB->uxPriority )
     7e4:	06228001 	strteq	r8, [r2], -r1
     7e8:	00001afc 	strdeq	r1, [r0], -ip
     7ec:	00000094 	muleq	r0, r4, r0
     7f0:	05b79c01 	ldreq	r9, [r7, #3073]!	; 0xc01
                                xYieldPendings[ xCoreID ] = pdTRUE;
     7f4:	66150000 	ldrvs	r0, [r5], -r0
     7f8:	01000001 	tsteq	r0, r1
                    while( listLIST_IS_EMPTY( &xPendingReadyList ) == pdFALSE )
     7fc:	f7102282 			; <UNDEFINED> instruction: 0xf7102282
     800:	02000000 	andeq	r0, r0, #0
     804:	17007491 			; <UNDEFINED> instruction: 0x17007491
                    if( pxTCB != NULL )
     808:	00000ab4 			; <UNDEFINED> instruction: 0x00000ab4
                        prvResetNextTaskUnblockTime();
     80c:	0d219901 			; <UNDEFINED> instruction: 0x0d219901
                        TickType_t xPendedCounts = xPendedTicks; /* Non-volatile copy. */
     810:	00001a50 	andeq	r1, r0, r0, asr sl
     814:	000000ac 	andeq	r0, r0, ip, lsr #1
                        if( xPendedCounts > ( TickType_t ) 0U )
     818:	062f9c01 	strteq	r9, [pc], -r1, lsl #24
                                if( xTaskIncrementTick() != pdFALSE )
     81c:	2b180000 	blcs	600824 <_edata+0x5fe3c8>
     820:	0100000a 	tsteq	r0, sl
     824:	23382199 	teqcs	r8, #1073741862	; 0x40000026
                                    xYieldPendings[ xCoreID ] = pdTRUE;
     828:	02000001 	andeq	r0, r0, #1
     82c:	c9186491 	ldmdbgt	r8, {r0, r4, r7, sl, sp, lr}
                                --xPendedCounts;
     830:	01000009 	tsteq	r0, r9
     834:	083e219a 	ldmdaeq	lr!, {r1, r3, r4, r7, r8, sp}
                            } while( xPendedCounts > ( TickType_t ) 0U );
     838:	02000001 	andeq	r0, r0, #1
                            xPendedTicks = 0;
     83c:	0b156091 	bleq	558a88 <_edata+0x55662c>
     840:	0100000b 	tsteq	r0, fp
                    if( xYieldPendings[ xCoreID ] != pdFALSE )
     844:	2310219c 	tstcs	r0, #156, 2	; 0x27
     848:	02000001 	andeq	r0, r0, #1
     84c:	15156891 	ldrne	r6, [r5, #-2193]	; 0xfffff76f
                            xAlreadyYielded = pdTRUE;
     850:	01000005 	tsteq	r0, r5
                            taskYIELD_TASK_CORE_IF_USING_PREEMPTION( pxCurrentTCB );
     854:	3416219d 	ldrcc	r2, [r6], #-413	; 0xfffffe63
     858:	02000001 	andeq	r0, r0, #1
     85c:	16157491 			; <UNDEFINED> instruction: 0x16157491
     860:	01000002 	tsteq	r0, r2
     864:	5b14219e 	blpl	508ee4 <_edata+0x506a88>
        taskEXIT_CRITICAL();
     868:	02000004 	andeq	r0, r0, #4
}
     86c:	c7157091 			; <UNDEFINED> instruction: 0xc7157091
     870:	0100000b 	tsteq	r0, fp
     874:	5b14219f 	blpl	508ef8 <_edata+0x506a9c>
     878:	02000004 	andeq	r0, r0, #4
     87c:	19006c91 	stmdbne	r0, {r0, r4, r7, sl, fp, sp, lr}
     880:	000006ea 	andeq	r0, r0, sl, ror #13
     884:	0e20d201 	cdpeq	2, 2, cr13, cr0, cr1, {0}
     888:	000000b3 	strheq	r0, [r0], -r3
     88c:	000019f0 	strdeq	r1, [r0], -r0
     890:	00000060 	andeq	r0, r0, r0, rrx
     894:	069b9c01 	ldreq	r9, [fp], r1, lsl #24
{
     898:	65180000 	ldrvs	r0, [r8, #-0]
     89c:	01000008 	tsteq	r0, r8
        xTicks = xTickCount;
     8a0:	323a20d2 	eorscc	r2, sl, #210	; 0xd2
    return xTicks;
     8a4:	02000002 	andeq	r0, r0, #2
}
     8a8:	6b186c91 	blvs	61baf4 <_edata+0x619698>
     8ac:	01000003 	tsteq	r0, r3
     8b0:	0d3920d3 	ldceq	0, cr2, [r9, #-844]!	; 0xfffffcb4
{
     8b4:	02000001 	andeq	r0, r0, #1
     8b8:	60186891 	mulsvs	r8, r1, r8
    uxSavedInterruptStatus = portTICK_TYPE_SET_INTERRUPT_MASK_FROM_ISR();
     8bc:	01000002 	tsteq	r0, r2
        xReturn = xTickCount;
     8c0:	b33620d4 	teqlt	r6, #212	; 0xd4
    return xReturn;
     8c4:	02000000 	andeq	r0, r0, #0
}
     8c8:	26156491 			; <UNDEFINED> instruction: 0x26156491
     8cc:	0100000b 	tsteq	r0, fp
     8d0:	e91120d6 	ldmdb	r1, {r1, r2, r4, r6, r7, sp}
{
     8d4:	02000003 	andeq	r0, r0, #3
    return uxCurrentNumberOfTasks;
     8d8:	e1157491 			; <UNDEFINED> instruction: 0xe1157491
}
     8dc:	01000006 	tsteq	r0, r6
     8e0:	b31220d7 	tstlt	r2, #215	; 0xd7
     8e4:	02000000 	andeq	r0, r0, #0
{
     8e8:	19007091 	stmdbne	r0, {r0, r4, r7, ip, sp, lr}
     8ec:	00000b2c 	andeq	r0, r0, ip, lsr #22
    pxTCB = prvGetTCBFromHandle( xTaskToQuery );
     8f0:	1020ab01 	eorne	sl, r0, r1, lsl #22
     8f4:	000000f7 	strdeq	r0, [r0], -r7
     8f8:	00001998 	muleq	r0, r8, r9
     8fc:	00000058 	andeq	r0, r0, r8, asr r0
    return &( pxTCB->pcTaskName[ 0 ] );
     900:	06f79c01 	ldrbteq	r9, [r7], r1, lsl #24
}
     904:	65180000 	ldrvs	r0, [r8, #-0]
     908:	01000008 	tsteq	r0, r8
     90c:	323b20ab 	eorscc	r2, fp, #171	; 0xab
     910:	02000002 	andeq	r0, r0, #2
{
     914:	6b186c91 	blvs	61bb60 <_edata+0x619704>
     918:	01000003 	tsteq	r0, r3
    vTaskSuspendAll();
     91c:	0d3a20ac 	ldceq	0, cr2, [sl, #-688]!	; 0xfffffd50
    taskENTER_CRITICAL();
     920:	02000001 	andeq	r0, r0, #1
        xPendedTicks += xTicksToCatchUp;
     924:	26156891 			; <UNDEFINED> instruction: 0x26156891
     928:	0100000b 	tsteq	r0, fp
     92c:	e91120ae 	ldmdb	r1, {r1, r2, r3, r5, r7, sp}
    taskEXIT_CRITICAL();
     930:	02000003 	andeq	r0, r0, #3
    xYieldOccurred = xTaskResumeAll();
     934:	d9157091 	ldmdble	r5, {r0, r4, r7, ip, sp, lr}
     938:	01000006 	tsteq	r0, r6
}
     93c:	f71420af 			; <UNDEFINED> instruction: 0xf71420af
     940:	02000000 	andeq	r0, r0, #0
     944:	16007491 			; <UNDEFINED> instruction: 0x16007491
{
     948:	000009ed 	andeq	r0, r0, sp, ror #19
     94c:	0a202701 	beq	80a558 <_edata+0x8080fc>
    BaseType_t xSwitchRequired = pdFALSE;
     950:	000017dc 	ldrdeq	r1, [r0], -ip
    if( uxSchedulerSuspended == ( UBaseType_t ) 0U )
     954:	000001bc 			; <UNDEFINED> instruction: 0x000001bc
     958:	08099c01 	stmdaeq	r9, {r0, sl, fp, ip, pc}
        const TickType_t xConstTickCount = xTickCount + ( TickType_t ) 1;
     95c:	57180000 	ldrpl	r0, [r8, -r0]
     960:	01000008 	tsteq	r0, r8
        xTickCount = xConstTickCount;
     964:	32362027 	eorscc	r2, r6, #39	; 0x27
     968:	02000002 	andeq	r0, r0, #2
        if( xConstTickCount == ( TickType_t ) 0U )
     96c:	89184c91 	ldmdbhi	r8, {r0, r4, r7, sl, fp, lr}
            taskSWITCH_DELAYED_LISTS();
     970:	0100000b 	tsteq	r0, fp
     974:	0d352028 	ldceq	0, cr2, [r5, #-160]!	; 0xffffff60
     978:	02000001 	andeq	r0, r0, #1
     97c:	df184891 	svcle	0x00184891
     980:	01000001 	tsteq	r0, r1
     984:	09362029 	ldmdbeq	r6!, {r0, r3, r5, sp}
     988:	02000008 	andeq	r0, r0, #8
     98c:	26154491 			; <UNDEFINED> instruction: 0x26154491
     990:	0100000b 	tsteq	r0, fp
        if( xConstTickCount >= xNextTaskUnblockTime )
     994:	e911202b 	ldmdb	r1, {r0, r1, r3, r5, sp}
     998:	02000003 	andeq	r0, r0, #3
     99c:	99157491 	ldmdbls	r5, {r0, r4, r7, sl, ip, sp, lr}
                if( listLIST_IS_EMPTY( pxDelayedTaskList ) != pdFALSE )
     9a0:	01000002 	tsteq	r0, r2
     9a4:	a211202c 	andsge	r2, r1, #44	; 0x2c
                    xNextTaskUnblockTime = portMAX_DELAY;
     9a8:	02000000 	andeq	r0, r0, #0
     9ac:	81156f91 			; <UNDEFINED> instruction: 0x81156f91
                    break;
     9b0:	01000003 	tsteq	r0, r3
                    pxTCB = listGET_OWNER_OF_HEAD_ENTRY( pxDelayedTaskList );
     9b4:	0d15202d 	ldceq	0, cr2, [r5, #-180]	; 0xffffff4c
     9b8:	02000001 	andeq	r0, r0, #1
                    xItemValue = listGET_LIST_ITEM_VALUE( &( pxTCB->xStateListItem ) );
     9bc:	4e1a7091 	mrcmi	0, 0, r7, cr10, cr1, {4}
     9c0:	3e000018 	mcrcc	0, 0, r0, cr0, cr8, {0}
                    if( xConstTickCount < xItemValue )
     9c4:	8c000000 	stchi	0, cr0, [r0], {-0}
     9c8:	15000007 	strne	r0, [r0, #-7]
                        xNextTaskUnblockTime = xItemValue;
     9cc:	00000b82 	andeq	r0, r0, r2, lsl #23
                        break;
     9d0:	15205f01 	strne	r5, [r0, #-3841]!	; 0xfffff0ff
                    listREMOVE_ITEM( &( pxTCB->xStateListItem ) );
     9d4:	0000045b 	andeq	r0, r0, fp, asr r4
     9d8:	00649102 	rsbeq	r9, r4, r2, lsl #2
     9dc:	00189e1a 	andseq	r9, r8, sl, lsl lr
     9e0:	00007000 	andeq	r7, r0, r0
     9e4:	0007aa00 	andeq	sl, r7, r0, lsl #20
     9e8:	02421500 	subeq	r1, r2, #0, 10
     9ec:	60010000 	andvs	r0, r1, r0
     9f0:	021c1520 	andseq	r1, ip, #32, 10	; 0x8000000
     9f4:	91020000 	mrsls	r0, (UNDEF: 2)
     9f8:	101a0060 	andsne	r0, sl, r0, rrx
     9fc:	38000019 	stmdacc	r0, {r0, r3, r4}
     a00:	c8000000 	stmdagt	r0, {}	; <UNPREDICTABLE>
     a04:	15000007 	strne	r0, [r0, #-7]
     a08:	00000242 	andeq	r0, r0, r2, asr #4
     a0c:	15207601 	strne	r7, [r0, #-1537]!	; 0xfffff9ff
                    if( listLIST_ITEM_CONTAINER( &( pxTCB->xEventListItem ) ) != NULL )
     a10:	0000021c 	andeq	r0, r0, ip, lsl r2
     a14:	00689102 	rsbeq	r9, r8, r2, lsl #2
                        listREMOVE_ITEM( &( pxTCB->xEventListItem ) );
     a18:	0015bd1b 	andseq	fp, r5, fp, lsl sp
     a1c:	0017ec00 	andseq	lr, r7, r0, lsl #24
     a20:	00001a00 	andeq	r1, r0, r0, lsl #20
     a24:	204b0100 	subcs	r0, fp, r0, lsl #2
     a28:	0007ee32 	andeq	lr, r7, r2, lsr lr
     a2c:	15ce1c00 	strbne	r1, [lr, #3072]	; 0xc00
     a30:	91020000 	mrsls	r0, (UNDEF: 2)
     a34:	15da1c5c 	ldrbne	r1, [sl, #3164]	; 0xc5c
     a38:	91020000 	mrsls	r0, (UNDEF: 2)
     a3c:	a31d0058 	tstge	sp, #88	; 0x58
     a40:	6c000015 	stcvs	0, cr0, [r0], {21}
     a44:	08000019 	stmdaeq	r0, {r0, r3, r4}
     a48:	01000000 	mrseq	r0, (UNDEF: 0)
     a4c:	1e0920a1 	cdpne	0, 0, cr2, cr9, cr1, {5}
     a50:	000015b0 			; <UNDEFINED> instruction: 0x000015b0
     a54:	00549102 	subseq	r9, r4, r2, lsl #2
                    prvAddTaskToReadyList( pxTCB );
     a58:	f7040700 			; <UNDEFINED> instruction: 0xf7040700
     a5c:	1f000000 	svcne	0x00000000
     a60:	000002c4 	andeq	r0, r0, r4, asr #5
     a64:	101f7101 	andsne	r7, pc, r1, lsl #2
     a68:	000000f7 	strdeq	r0, [r0], -r7
     a6c:	00001590 	muleq	r0, r0, r5
     a70:	0000024c 	andeq	r0, r0, ip, asr #4
     a74:	09659c01 	stmdbeq	r5!, {r0, sl, fp, ip, pc}^
     a78:	57180000 	ldrpl	r0, [r8, -r0]
     a7c:	01000008 	tsteq	r0, r8
     a80:	32381f71 	eorscc	r1, r8, #452	; 0x1c4
     a84:	02000002 	andeq	r0, r0, #2
     a88:	89184c91 	ldmdbhi	r8, {r0, r4, r7, sl, fp, lr}
     a8c:	0100000b 	tsteq	r0, fp
     a90:	0d371f72 	ldceq	15, cr1, [r7, #-456]!	; 0xfffffe38
     a94:	02000001 	andeq	r0, r0, #1
     a98:	2f184891 	svccs	0x00184891
     a9c:	01000009 	tsteq	r0, r9
     aa0:	b3341f73 	teqlt	r4, #460	; 0x1cc
     aa4:	02000000 	andeq	r0, r0, #0
     aa8:	07184491 			; <UNDEFINED> instruction: 0x07184491
     aac:	01000008 	tsteq	r0, r8
     ab0:	f0391f74 			; <UNDEFINED> instruction: 0xf0391f74
     ab4:	02000002 	andeq	r0, r0, #2
     ab8:	72184391 	andsvc	r4, r8, #1140850690	; 0x44000002
     abc:	01000007 	tsteq	r0, r7
     ac0:	65361f75 	ldrvs	r1, [r6, #-3957]!	; 0xfffff08b
     ac4:	02000009 	andeq	r0, r0, #9
     ac8:	df180091 	svcle	0x00180091
     acc:	01000001 	tsteq	r0, r1
     ad0:	09381f76 	ldmdbeq	r8!, {r1, r2, r4, r5, r6, r8, r9, sl, fp, ip}
     ad4:	02000008 	andeq	r0, r0, #8
                            if( pxTCB->uxPriority > pxCurrentTCB->uxPriority )
     ad8:	26150491 			; <UNDEFINED> instruction: 0x26150491
     adc:	0100000b 	tsteq	r0, fp
     ae0:	e9111f78 	ldmdb	r1, {r3, r4, r5, r6, r8, r9, sl, fp, ip}
     ae4:	02000003 	andeq	r0, r0, #3
                                xSwitchRequired = pdTRUE;
     ae8:	99157091 	ldmdbls	r5, {r0, r4, r7, ip, sp, lr}
                if( listLIST_IS_EMPTY( pxDelayedTaskList ) != pdFALSE )
     aec:	01000002 	tsteq	r0, r2
                if( listCURRENT_LIST_LENGTH( &( pxReadyTasksLists[ pxCurrentTCB->uxPriority ] ) ) > 1U )
     af0:	a2111f79 	andsge	r1, r1, #484	; 0x1e4
     af4:	02000000 	andeq	r0, r0, #0
     af8:	d9156b91 	ldmdble	r5, {r0, r4, r7, r8, r9, fp, sp, lr}
     afc:	01000006 	tsteq	r0, r6
     b00:	f7141f7a 			; <UNDEFINED> instruction: 0xf7141f7a
     b04:	02000000 	andeq	r0, r0, #0
                    xSwitchRequired = pdTRUE;
     b08:	81157491 			; <UNDEFINED> instruction: 0x81157491
                if( xYieldPendings[ 0 ] != pdFALSE )
     b0c:	01000003 	tsteq	r0, r3
     b10:	0d151f7b 	ldceq	15, cr1, [r5, #-492]	; 0xfffffe14
                    xSwitchRequired = pdTRUE;
     b14:	02000001 	andeq	r0, r0, #1
        xPendedTicks += 1U;
     b18:	901a6c91 	mulsls	sl, r1, ip
     b1c:	3e000016 	mcrcc	0, 0, r0, cr0, cr6, {0}
     b20:	e8000000 	stmda	r0, {}	; <UNPREDICTABLE>
}
     b24:	15000008 	strne	r0, [r0, #-8]
     b28:	00000b82 	andeq	r0, r0, r2, lsl #23
     b2c:	151fd901 	ldrne	sp, [pc, #-2305]	; 233 <start+0x6f>
     b30:	0000045b 	andeq	r0, r0, fp, asr r4
     b34:	00609102 	rsbeq	r9, r0, r2, lsl #2
     b38:	0016e01a 	andseq	lr, r6, sl, lsl r0
     b3c:	00007000 	andeq	r7, r0, r0
     b40:	00090600 	andeq	r0, r9, r0, lsl #12
     b44:	02421500 	subeq	r1, r2, #0, 10
     b48:	da010000 	ble	40b50 <_edata+0x3e6f4>
     b4c:	021c151f 	andseq	r1, ip, #130023424	; 0x7c00000
     b50:	91020000 	mrsls	r0, (UNDEF: 2)
     b54:	521a005c 	andspl	r0, sl, #92	; 0x5c
    {
     b58:	38000017 	stmdacc	r0, {r0, r1, r2, r4}
     b5c:	24000000 	strcs	r0, [r0], #-0
        if( uxSchedulerSuspended != ( UBaseType_t ) 0U )
     b60:	15000009 	strne	r0, [r0, #-9]
     b64:	00000242 	andeq	r0, r0, r2, asr #4
            xYieldPendings[ 0 ] = pdTRUE;
     b68:	151ff001 	ldrne	pc, [pc, #-1]	; b6f <vTaskSwitchContext+0x17>
    }
     b6c:	0000021c 	andeq	r0, r0, ip, lsl r2
            xYieldPendings[ 0 ] = pdFALSE;
     b70:	00649102 	rsbeq	r9, r4, r2, lsl #2
            taskSELECT_HIGHEST_PRIORITY_TASK();
     b74:	0015bd1b 	andseq	fp, r5, fp, lsl sp
     b78:	0015a600 	andseq	sl, r5, r0, lsl #12
        __asm volatile ( "clz %0, %1" : "=r" ( ucReturn ) : "r" ( ulBitmap ) : "memory" );
     b7c:	00001a00 	andeq	r1, r0, r0, lsl #20
     b80:	1f990100 	svcne	0x00990100
     b84:	00094a32 	andeq	r4, r9, r2, lsr sl
     b88:	15ce1c00 	strbne	r1, [lr, #3072]	; 0xc00
     b8c:	91020000 	mrsls	r0, (UNDEF: 2)
     b90:	15da1c58 	ldrbne	r1, [sl, #3160]	; 0xc58
     b94:	91020000 	mrsls	r0, (UNDEF: 2)
     b98:	a31d0054 	tstge	sp, #84	; 0x54
     b9c:	ae000015 	mcrge	0, 0, r0, cr0, cr5, {0}
     ba0:	08000017 	stmdaeq	r0, {r0, r1, r2, r4}
     ba4:	01000000 	mrseq	r0, (UNDEF: 0)
     ba8:	1e09201b 	mcrne	0, 0, r2, cr9, cr11, {0}
     bac:	000015b0 			; <UNDEFINED> instruction: 0x000015b0
     bb0:	00509102 	subseq	r9, r0, r2, lsl #2
     bb4:	b3040700 	movwlt	r0, #18176	; 0x4700
     bb8:	19000000 	stmdbne	r0, {}	; <UNPREDICTABLE>
     bbc:	000003b8 			; <UNDEFINED> instruction: 0x000003b8
     bc0:	101ef901 	andsne	pc, lr, r1, lsl #18
            portTASK_SWITCH_HOOK( pxCurrentTCB );
     bc4:	000000f7 	strdeq	r0, [r0], -r7
    }
     bc8:	000013bc 			; <UNDEFINED> instruction: 0x000013bc
     bcc:	000001d4 	ldrdeq	r0, [r0], -r4
     bd0:	0a3f9c01 	beq	fe7bdc <_edata+0xfe5780>
     bd4:	57180000 	ldrpl	r0, [r8, -r0]
     bd8:	01000008 	tsteq	r0, r8
     bdc:	32311ef9 	eorscc	r1, r1, #3984	; 0xf90
     be0:	02000002 	andeq	r0, r0, #2
{
     be4:	89185c91 	ldmdbhi	r8, {r0, r4, r7, sl, fp, ip, lr}
     be8:	0100000b 	tsteq	r0, fp
     bec:	0d301efa 	ldceq	14, cr1, [r0, #-1000]!	; 0xfffffc18
    vListInsert( pxEventList, &( pxCurrentTCB->xEventListItem ) );
     bf0:	02000001 	andeq	r0, r0, #1
     bf4:	2f185891 	svccs	0x00185891
     bf8:	01000009 	tsteq	r0, r9
    prvAddCurrentTaskToDelayedList( xTicksToWait, pdTRUE );
     bfc:	b32d1efb 			; <UNDEFINED> instruction: 0xb32d1efb
     c00:	02000000 	andeq	r0, r0, #0
}
     c04:	07185491 			; <UNDEFINED> instruction: 0x07185491
     c08:	01000008 	tsteq	r0, r8
     c0c:	f0321efc 			; <UNDEFINED> instruction: 0xf0321efc
{
     c10:	02000002 	andeq	r0, r0, #2
     c14:	72185391 	andsvc	r5, r8, #1140850690	; 0x44000002
     c18:	01000007 	tsteq	r0, r7
    listSET_LIST_ITEM_VALUE( &( pxCurrentTCB->xEventListItem ), xItemValue | taskEVENT_LIST_ITEM_VALUE_IN_USE );
     c1c:	652f1efd 	strvs	r1, [pc, #-3837]!	; fffffd27 <__StackTop+0xdfffdd27>
     c20:	02000009 	andeq	r0, r0, #9
     c24:	26150091 			; <UNDEFINED> instruction: 0x26150091
    listINSERT_END( pxEventList, &( pxCurrentTCB->xEventListItem ) );
     c28:	0100000b 	tsteq	r0, fp
     c2c:	e9111eff 	ldmdb	r1, {r0, r1, r2, r3, r4, r5, r6, r7, r9, sl, fp, ip}
     c30:	02000003 	andeq	r0, r0, #3
     c34:	d9157091 	ldmdble	r5, {r0, r4, r7, ip, sp, lr}
     c38:	01000006 	tsteq	r0, r6
     c3c:	f7141f00 			; <UNDEFINED> instruction: 0xf7141f00
     c40:	02000000 	andeq	r0, r0, #0
     c44:	99157491 	ldmdbls	r5, {r0, r4, r7, sl, ip, sp, lr}
     c48:	01000002 	tsteq	r0, r2
     c4c:	a2111f01 	andsge	r1, r1, #1, 30
     c50:	02000000 	andeq	r0, r0, #0
     c54:	921a6f91 	andsls	r6, sl, #580	; 0x244
     c58:	3e000014 	mcrcc	0, 0, r0, cr0, cr4, {0}
     c5c:	24000000 	strcs	r0, [r0], #-0
     c60:	1500000a 	strne	r0, [r0, #-10]
     c64:	00000b82 	andeq	r0, r0, r2, lsl #23
     c68:	111f4601 	tstne	pc, r1, lsl #12
    prvAddCurrentTaskToDelayedList( xTicksToWait, pdTRUE );
     c6c:	0000045b 	andeq	r0, r0, fp, asr r4
     c70:	00689102 	rsbeq	r9, r8, r2, lsl #2
}
     c74:	0014e220 	andseq	lr, r4, r0, lsr #4
     c78:	00007000 	andeq	r7, r0, r0
     c7c:	02421500 	subeq	r1, r2, #0, 10
{
     c80:	47010000 	strmi	r0, [r1, -r0]
     c84:	021c111f 	andseq	r1, ip, #-1073741817	; 0xc0000007
    pxUnblockedTCB = listGET_OWNER_OF_HEAD_ENTRY( pxEventList );
     c88:	91020000 	mrsls	r0, (UNDEF: 2)
     c8c:	19000064 	stmdbne	r0, {r2, r5, r6}
    listREMOVE_ITEM( &( pxUnblockedTCB->xEventListItem ) );
     c90:	000005eb 	andeq	r0, r0, fp, ror #11
     c94:	101e8701 	andsne	r8, lr, r1, lsl #14
     c98:	000000f7 	strdeq	r0, [r0], -r7
     c9c:	00001298 	muleq	r0, r8, r2
     ca0:	00000124 	andeq	r0, r0, r4, lsr #2
     ca4:	0adb9c01 	beq	ff6e7cb0 <__StackTop+0xdf6e5cb0>
     ca8:	dd180000 	ldcle	0, cr0, [r8, #-0]
     cac:	0100000b 	tsteq	r0, fp
     cb0:	0d341e87 	ldceq	14, cr1, [r4, #-540]!	; 0xfffffde4
     cb4:	02000001 	andeq	r0, r0, #1
     cb8:	37186491 			; <UNDEFINED> instruction: 0x37186491
     cbc:	01000004 	tsteq	r0, r4
     cc0:	b3311e88 	teqlt	r1, #136, 28	; 0x880
     cc4:	02000000 	andeq	r0, r0, #0
     cc8:	b4186091 	ldrlt	r6, [r8], #-145	; 0xffffff6f
     ccc:	01000001 	tsteq	r0, r1
    if( uxSchedulerSuspended == ( UBaseType_t ) 0U )
     cd0:	b3311e89 	teqlt	r1, #2192	; 0x890
     cd4:	02000000 	andeq	r0, r0, #0
        listREMOVE_ITEM( &( pxUnblockedTCB->xStateListItem ) );
     cd8:	68185c91 	ldmdavs	r8, {r0, r4, r7, sl, fp, ip, lr}
     cdc:	01000009 	tsteq	r0, r9
     ce0:	65331e8a 	ldrvs	r1, [r3, #-3722]!	; 0xfffff176
     ce4:	02000009 	andeq	r0, r0, #9
     ce8:	2b185891 	blcs	616f34 <_edata+0x614ad8>
     cec:	0100000a 	tsteq	r0, sl
     cf0:	23331e8b 	teqcs	r3, #2224	; 0x8b0
     cf4:	02000001 	andeq	r0, r0, #1
     cf8:	d9150091 	ldmdble	r5, {r0, r4, r7}
     cfc:	01000006 	tsteq	r0, r6
     d00:	f7141e8d 			; <UNDEFINED> instruction: 0xf7141e8d
     d04:	02000000 	andeq	r0, r0, #0
     d08:	54157491 	ldrpl	r7, [r5], #-1169	; 0xfffffb6f
     d0c:	0100000a 	tsteq	r0, sl
     d10:	f71d1e8d 			; <UNDEFINED> instruction: 0xf71d1e8d
        prvAddTaskToReadyList( pxUnblockedTCB );
     d14:	02000000 	andeq	r0, r0, #0
     d18:	bf156c91 	svclt	0x00156c91
     d1c:	01000008 	tsteq	r0, r8
     d20:	f72e1e8d 			; <UNDEFINED> instruction: 0xf72e1e8d
     d24:	02000000 	andeq	r0, r0, #0
     d28:	19007091 	stmdbne	r0, {r0, r4, r7, ip, sp, lr}
     d2c:	00000617 	andeq	r0, r0, r7, lsl r6
     d30:	0e1e2101 	mufeqe	f2, f6, f1
     d34:	000000b3 	strheq	r0, [r0], -r3
     d38:	000011a8 	andeq	r1, r0, r8, lsr #3
     d3c:	000000f0 	strdeq	r0, [r0], -r0	; <UNPREDICTABLE>
     d40:	0b579c01 	bleq	15e7d4c <_edata+0x15e58f0>
     d44:	dd180000 	ldcle	0, cr0, [r8, #-0]
     d48:	0100000b 	tsteq	r0, fp
     d4c:	0d331e21 	ldceq	14, cr1, [r3, #-132]!	; 0xffffff7c
     d50:	02000001 	andeq	r0, r0, #1
     d54:	da186491 	ble	619fa0 <_edata+0x617b44>
     d58:	01000003 	tsteq	r0, r3
     d5c:	f7321e22 			; <UNDEFINED> instruction: 0xf7321e22
     d60:	02000000 	andeq	r0, r0, #0
     d64:	2b186091 	blcs	618fb0 <_edata+0x616b54>
     d68:	0100000a 	tsteq	r0, sl
     d6c:	23321e23 	teqcs	r2, #560	; 0x230
     d70:	02000001 	andeq	r0, r0, #1
     d74:	e1155c91 			; <UNDEFINED> instruction: 0xe1155c91
     d78:	01000006 	tsteq	r0, r6
     d7c:	b3121e25 	tstlt	r2, #592	; 0x250
     d80:	02000000 	andeq	r0, r0, #0
     d84:	54156c91 	ldrpl	r6, [r5], #-3217	; 0xfffff36f
     d88:	0100000a 	tsteq	r0, sl
     d8c:	f7141e26 			; <UNDEFINED> instruction: 0xf7141e26
     d90:	02000000 	andeq	r0, r0, #0
     d94:	bf157091 	svclt	0x00157091
        listINSERT_END( &( xPendingReadyList ), &( pxUnblockedTCB->xEventListItem ) );
     d98:	01000008 	tsteq	r0, r8
     d9c:	f7251e26 			; <UNDEFINED> instruction: 0xf7251e26
     da0:	02000000 	andeq	r0, r0, #0
     da4:	1f007491 	svcne	0x00007491
     da8:	0000081e 	andeq	r0, r0, lr, lsl r8
     dac:	0c1df401 	cfldrseq	mvf15, [sp], {1}
     db0:	00000123 	andeq	r0, r0, r3, lsr #2
     db4:	00001178 	andeq	r1, r0, r8, ror r1
     db8:	00000030 	andeq	r0, r0, r0, lsr r0
     dbc:	0b839c01 	bleq	fe0e7dc8 <__StackTop+0xde0e5dc8>
     dc0:	d8150000 	ldmdale	r5, {}	; <UNPREDICTABLE>
     dc4:	01000006 	tsteq	r0, r6
     dc8:	23101df6 	tstcs	r0, #15744	; 0x3d80
     dcc:	02000001 	andeq	r0, r0, #1
        if( pxUnblockedTCB->uxPriority > pxCurrentTCB->uxPriority )
     dd0:	1f007491 	svcne	0x00007491
     dd4:	00000ad3 	ldrdeq	r0, [r0], -r3
     dd8:	1219c401 	andsne	ip, r9, #16777216	; 0x1000000
     ddc:	00000232 	andeq	r0, r0, r2, lsr r2
            xReturn = pdTRUE;
     de0:	00001148 	andeq	r1, r0, r8, asr #2
            xYieldPendings[ 0 ] = pdTRUE;
     de4:	00000030 	andeq	r0, r0, r0, lsr r0
     de8:	0bbf9c01 	bleq	fefe7df4 <__StackTop+0xdefe5df4>
            xReturn = pdFALSE;
     dec:	66180000 	ldrvs	r0, [r8], -r0
}
     df0:	01000001 	tsteq	r0, r1
     df4:	f73f19c4 			; <UNDEFINED> instruction: 0xf73f19c4
     df8:	02000000 	andeq	r0, r0, #0
     dfc:	d9156c91 	ldmdble	r5, {r0, r4, r7, sl, fp, sp, lr}
     e00:	01000006 	tsteq	r0, r6
     e04:	321619c6 	andscc	r1, r6, #3244032	; 0x318000
     e08:	02000002 	andeq	r0, r0, #2
     e0c:	1f007491 	svcne	0x00007491
     e10:	00000a64 	andeq	r0, r0, r4, ror #20
{
     e14:	1619a101 	ldrne	sl, [r9], -r1, lsl #2
     e18:	00000232 	andeq	r0, r0, r2, lsr r2
     e1c:	0000112c 	andeq	r1, r0, ip, lsr #2
    listSET_LIST_ITEM_VALUE( pxEventListItem, xItemValue | taskEVENT_LIST_ITEM_VALUE_IN_USE );
     e20:	0000001c 	andeq	r0, r0, ip, lsl r0
     e24:	0beb9c01 	bleq	ffae7e30 <__StackTop+0xdfae5e30>
    pxUnblockedTCB = listGET_LIST_ITEM_OWNER( pxEventListItem );
     e28:	d9150000 	ldmdble	r5, {}	; <UNPREDICTABLE>
     e2c:	01000006 	tsteq	r0, r6
    listREMOVE_ITEM( pxEventListItem );
     e30:	321a19a3 	andscc	r1, sl, #2670592	; 0x28c000
     e34:	02000002 	andeq	r0, r0, #2
     e38:	21007491 			; <UNDEFINED> instruction: 0x21007491
     e3c:	00000730 	andeq	r0, r0, r0, lsr r7
     e40:	0d198901 	vldreq.16	s16, [r9, #-2]	; <UNPREDICTABLE>
     e44:	000010f8 	strdeq	r1, [r0], -r8
     e48:	00000034 	andeq	r0, r0, r4, lsr r0
     e4c:	a7219c01 	strge	r9, [r1, -r1, lsl #24]!
     e50:	0100000b 	tsteq	r0, fp
     e54:	ec0d17e9 	stc	7, cr1, [sp], {233}	; 0xe9
     e58:	0c000010 	stceq	0, cr0, [r0], {16}
     e5c:	01000000 	mrseq	r0, (UNDEF: 0)
     e60:	0b6b179c 	bleq	1ac6cd8 <_edata+0x1ac487c>
     e64:	c9010000 	stmdbgt	r1, {}	; <UNPREDICTABLE>
     e68:	10800d17 	addne	r0, r0, r7, lsl sp
    listREMOVE_ITEM( &( pxUnblockedTCB->xStateListItem ) );
     e6c:	006c0000 	rsbeq	r0, ip, r0
     e70:	9c010000 	stcls	0, cr0, [r1], {-0}
     e74:	00000c39 	andeq	r0, r0, r9, lsr ip
     e78:	00018915 	andeq	r8, r1, r5, lsl r9
     e7c:	17cb0100 	strbne	r0, [fp, r0, lsl #2]
     e80:	00010d11 	andeq	r0, r1, r1, lsl sp
     e84:	74910200 	ldrvc	r0, [r1], #512	; 0x200
     e88:	06021700 	streq	r1, [r2], -r0, lsl #14
     e8c:	be010000 	cdplt	0, 0, cr0, cr1, cr0, {0}
     e90:	10500816 	subsne	r0, r0, r6, lsl r8
     e94:	00300000 	eorseq	r0, r0, r0
     e98:	9c010000 	stcls	0, cr0, [r1], {-0}
     e9c:	00000c61 	andeq	r0, r0, r1, ror #24
     ea0:	0000b118 	andeq	fp, r0, r8, lsl r1
     ea4:	16be0100 	ldrtne	r0, [lr], r0, lsl #2
    prvAddTaskToReadyList( pxUnblockedTCB );
     ea8:	00007e08 	andeq	r7, r0, r8, lsl #28
     eac:	74910200 	ldrvc	r0, [r1], #512	; 0x200
     eb0:	097d2200 	ldmdbeq	sp!, {r9, sp}^
     eb4:	2c010000 	stccs	0, cr0, [r1], {-0}
     eb8:	10380616 	eorsne	r0, r8, r6, lsl r6
     ebc:	00180000 	andseq	r0, r8, r0
     ec0:	9c010000 	stcls	0, cr0, [r1], {-0}
     ec4:	00093719 	andeq	r3, r9, r9, lsl r7
     ec8:	15e70100 	strbne	r0, [r7, #256]!	; 0x100
     ecc:	0000f70c 	andeq	pc, r0, ip, lsl #14
     ed0:	000fb400 	andeq	fp, pc, r0, lsl #8
     ed4:	00008400 	andeq	r8, r0, r0, lsl #8
     ed8:	ea9c0100 	b	fe7012e0 <__StackTop+0xde6ff2e0>
     edc:	1800000c 	stmdane	r0, {r2, r3}
     ee0:	0000078f 	andeq	r0, r0, pc, lsl #15
     ee4:	3415e701 	ldrcc	lr, [r5], #-1793	; 0xfffff8ff
     ee8:	00000cf0 	strdeq	r0, [r0], -r0	; <UNPREDICTABLE>
     eec:	18649102 	stmdane	r4!, {r1, r8, ip, pc}^
     ef0:	00000a2a 	andeq	r0, r0, sl, lsr #20
     ef4:	3515e801 	ldrcc	lr, [r5, #-2049]	; 0xfffff7ff
     ef8:	00000cfb 	strdeq	r0, [r0], -fp
     efc:	15609102 	strbne	r9, [r0, #-258]!	; 0xfffffefe
     f00:	000006d9 	ldrdeq	r0, [r0], -r9
     f04:	1015ea01 	andsne	lr, r5, r1, lsl #20
     f08:	000000f7 	strdeq	r0, [r0], -r7
     f0c:	20749102 	rsbscs	r9, r4, r2, lsl #2
     f10:	00000fc2 	andeq	r0, r0, r2, asr #31
     f14:	0000005e 	andeq	r0, r0, lr, asr r0
     f18:	00051515 	andeq	r1, r5, r5, lsl r5
     f1c:	15f40100 	ldrbne	r0, [r4, #256]!	; 0x100
     f20:	0001341a 	andeq	r3, r1, sl, lsl r4
     f24:	70910200 	addsvc	r0, r1, r0, lsl #4
     f28:	0003fa15 	andeq	pc, r3, r5, lsl sl	; <UNPREDICTABLE>
        if( pxUnblockedTCB->uxPriority > pxCurrentTCB->uxPriority )
     f2c:	15f50100 	ldrbne	r0, [r5, #256]!	; 0x100
     f30:	0001341a 	andeq	r3, r1, sl, lsl r4
     f34:	6c910200 	lfmvs	f0, 4, [r1], {0}
            xYieldPendings[ 0 ] = pdTRUE;
     f38:	04070000 	streq	r0, [r7], #-0
     f3c:	00000324 	andeq	r0, r0, r4, lsr #6
}
     f40:	000cea06 	andeq	lr, ip, r6, lsl #20
     f44:	23040700 	movwcs	r0, #18176	; 0x4700
     f48:	06000001 	streq	r0, [r0], -r1
     f4c:	00000cf5 	strdeq	r0, [r0], -r5
     f50:	0007d016 	andeq	sp, r7, r6, lsl r0
     f54:	15db0100 	ldrbne	r0, [fp, #256]	; 0x100
{
     f58:	000f8806 	andeq	r8, pc, r6, lsl #16
     f5c:	00002c00 	andeq	r2, r0, r0, lsl #24
    taskENTER_CRITICAL();
     f60:	289c0100 	ldmcs	ip, {r8}
        pxTimeOut->xOverflowCount = xNumOfOverflows;
     f64:	1800000d 	stmdane	r0, {r0, r2, r3}
     f68:	0000078f 	andeq	r0, r0, pc, lsl #15
        pxTimeOut->xTimeOnEntering = xTickCount;
     f6c:	3615db01 	ldrcc	sp, [r5], -r1, lsl #22
     f70:	00000cf0 	strdeq	r0, [r0], -r0	; <UNPREDICTABLE>
    taskEXIT_CRITICAL();
     f74:	00749102 	rsbseq	r9, r4, r2, lsl #2
}
     f78:	0002af23 	andeq	sl, r2, r3, lsr #30
     f7c:	15cb0100 	strbne	r0, [fp, #256]	; 0x100
     f80:	000f5806 	andeq	r5, pc, r6, lsl #16
     f84:	00003000 	andeq	r3, r0, r0
{
     f88:	509c0100 	addspl	r0, ip, r0, lsl #2
     f8c:	1800000d 	stmdane	r0, {r0, r2, r3}
    pxTimeOut->xOverflowCount = xNumOfOverflows;
     f90:	0000078f 	andeq	r0, r0, pc, lsl #15
     f94:	2e15cb01 	vnmlscs.f64	d12, d5, d1
    pxTimeOut->xTimeOnEntering = xTickCount;
     f98:	00000cf0 	strdeq	r0, [r0], -r0	; <UNPREDICTABLE>
     f9c:	00749102 	rsbseq	r9, r4, r2, lsl #2
}
     fa0:	00057d16 	andeq	r7, r5, r6, lsl sp
     fa4:	15830100 	strne	r0, [r3, #256]	; 0x100
     fa8:	000e1406 	andeq	r1, lr, r6, lsl #8
     fac:	00014400 	andeq	r4, r1, r0, lsl #8
     fb0:	ee9c0100 	fmle	f0, f4, f0
{
     fb4:	1800000d 	stmdane	r0, {r0, r2, r3}
     fb8:	00000a7e 	andeq	r0, r0, lr, ror sl
     fbc:	36158301 	ldrcc	r8, [r5], -r1, lsl #6
    taskENTER_CRITICAL();
     fc0:	00000216 	andeq	r0, r0, r6, lsl r2
        const TickType_t xConstTickCount = xTickCount;
     fc4:	18649102 	stmdane	r4!, {r1, r8, ip, pc}^
        const TickType_t xElapsedTime = xConstTickCount - pxTimeOut->xTimeOnEntering;
     fc8:	000008eb 	andeq	r0, r0, fp, ror #17
     fcc:	3a158401 	bcc	561fd8 <_edata+0x55fb7c>
     fd0:	00000134 	andeq	r0, r0, r4, lsr r1
        if( ( xNumOfOverflows != pxTimeOut->xOverflowCount ) && ( xConstTickCount >= pxTimeOut->xTimeOnEntering ) )
     fd4:	15609102 	strbne	r9, [r0, #-258]!	; 0xfffffefe
     fd8:	000003cb 	andeq	r0, r0, fp, asr #7
     fdc:	0d158601 	ldceq	6, cr8, [r5, #-4]
     fe0:	000003e9 	andeq	r0, r0, r9, ror #7
     fe4:	1a749102 	bne	1d253f4 <_edata+0x1d22f98>
            xReturn = pdTRUE;
     fe8:	00000e2e 	andeq	r0, r0, lr, lsr #28
            *pxTicksToWait = ( TickType_t ) 0;
     fec:	0000003c 	andeq	r0, r0, ip, lsr r0
     ff0:	00000db5 			; <UNDEFINED> instruction: 0x00000db5
        else if( xElapsedTime < *pxTicksToWait )
     ff4:	000b8215 	andeq	r8, fp, r5, lsl r2
     ff8:	15980100 	ldrne	r0, [r8, #256]	; 0x100
     ffc:	00045b05 	andeq	r5, r4, r5, lsl #22
            *pxTicksToWait -= xElapsedTime;
    1000:	70910200 	addsvc	r0, r1, r0, lsl #4
    1004:	0e6a1a00 	vmuleq.f32	s3, s20, s0
    1008:	003e0000 	eorseq	r0, lr, r0
            vTaskInternalSetTimeOutState( pxTimeOut );
    100c:	0dd30000 	ldcleq	0, cr0, [r3]
            xReturn = pdFALSE;
    1010:	82150000 	andshi	r0, r5, #0
    1014:	0100000b 	tsteq	r0, fp
            *pxTicksToWait = ( TickType_t ) 0;
    1018:	5b0515ab 	blpl	1466cc <_edata+0x144270>
            xReturn = pdTRUE;
    101c:	02000004 	andeq	r0, r0, #4
    taskEXIT_CRITICAL();
    1020:	20006c91 	mulcs	r0, r1, ip
    return xReturn;
    1024:	00000eba 			; <UNDEFINED> instruction: 0x00000eba
}
    1028:	00000070 	andeq	r0, r0, r0, ror r0
    102c:	00024215 	andeq	r4, r2, r5, lsl r2
    1030:	15ac0100 	strne	r0, [ip, #256]!	; 0x100
    1034:	00021c05 	andeq	r1, r2, r5, lsl #24
{
    1038:	68910200 	ldmvs	r1, {r9}
    xYieldPendings[ portGET_CORE_ID() ] = pdTRUE;
    103c:	9f1f0000 	svcls	0x001f0000
    1040:	01000005 	tsteq	r0, r5
}
    1044:	f70c1526 			; <UNDEFINED> instruction: 0xf70c1526
    1048:	80000000 	andhi	r0, r0, r0
    104c:	9400000c 	strls	r0, [r0], #-12
{
    1050:	01000001 	tsteq	r0, r1
    1054:	000eae9c 	muleq	lr, ip, lr
        prvCheckTasksWaitingTermination();
    1058:	02241800 	eoreq	r1, r4, #0, 16
            if( listCURRENT_LIST_LENGTH( &( pxReadyTasksLists[ tskIDLE_PRIORITY ] ) ) > ( UBaseType_t ) configNUMBER_OF_CORES )
    105c:	26010000 	strcs	r0, [r1], -r0
    1060:	0eb43b15 	vmoveq.32	r3, d4[1]
                taskYIELD();
    1064:	91020000 	mrsls	r0, (UNDEF: 2)
    1068:	03cb155c 	biceq	r1, fp, #92, 10	; 0x17000000
    106c:	28010000 	stmdacs	r1, {}	; <UNPREDICTABLE>
    1070:	03e90d15 	mvneq	r0, #1344	; 0x540
        prvCheckTasksWaitingTermination();
    1074:	91020000 	mrsls	r0, (UNDEF: 2)
    1078:	06d91570 			; <UNDEFINED> instruction: 0x06d91570
    107c:	29010000 	stmdbcs	r1, {}	; <UNPREDICTABLE>
{
    1080:	00f71015 	rscseq	r1, r7, r5, lsl r0
    1084:	91020000 	mrsls	r0, (UNDEF: 2)
    for( uxPriority = ( UBaseType_t ) 0U; uxPriority < ( UBaseType_t ) configMAX_PRIORITIES; uxPriority++ )
    1088:	0c901a74 	vldmiaeq	r0, {s2-s117}
        vListInitialise( &( pxReadyTasksLists[ uxPriority ] ) );
    108c:	003e0000 	eorseq	r0, lr, r0
    1090:	0e570000 	cdpeq	0, 5, cr0, cr7, cr0, {0}
    1094:	82150000 	andshi	r0, r5, #0
    1098:	0100000b 	tsteq	r0, fp
    109c:	5b05153f 	blpl	1465a0 <_edata+0x144144>
    for( uxPriority = ( UBaseType_t ) 0U; uxPriority < ( UBaseType_t ) configMAX_PRIORITIES; uxPriority++ )
    10a0:	02000004 	andeq	r0, r0, #4
    10a4:	1a006c91 	bne	1c2f0 <_edata+0x19e94>
    10a8:	00000cd6 	ldrdeq	r0, [r0], -r6
    vListInitialise( &xDelayedTaskList1 );
    10ac:	0000003e 	andeq	r0, r0, lr, lsr r0
    10b0:	00000e75 	andeq	r0, r0, r5, ror lr
    vListInitialise( &xDelayedTaskList2 );
    10b4:	000b8215 	andeq	r8, fp, r5, lsl r2
    vListInitialise( &xPendingReadyList );
    10b8:	15430100 	strbne	r0, [r3, #-256]	; 0xffffff00
    10bc:	00045b09 	andeq	r5, r4, r9, lsl #22
    pxDelayedTaskList = &xDelayedTaskList1;
    10c0:	64910200 	ldrvs	r0, [r1], #512	; 0x200
    pxOverflowDelayedTaskList = &xDelayedTaskList2;
    10c4:	0d261a00 	vstmdbeq	r6!, {s2-s1}
    10c8:	00700000 	rsbseq	r0, r0, r0
}
    10cc:	0e930000 	cdpeq	0, 9, cr0, cr3, cr0, {0}
    10d0:	42150000 	andsmi	r0, r5, #0
    10d4:	01000002 	tsteq	r0, r2
    10d8:	1c091544 	cfstr32ne	mvfx1, [r9], {68}	; 0x44
    10dc:	02000002 	andeq	r0, r0, #2
    10e0:	20006091 	mulcs	r0, r1, r0
    10e4:	00000d98 	muleq	r0, r8, sp
    10e8:	00000038 	andeq	r0, r0, r8, lsr r0
{
    10ec:	00024215 	andeq	r4, r2, r5, lsl r2
}
    10f0:	15580100 	ldrbne	r0, [r8, #-256]	; 0xffffff00
    10f4:	00021c09 	andeq	r1, r2, r9, lsl #24
{
    10f8:	68910200 	ldmvs	r1, {r9}
    if( listLIST_IS_EMPTY( pxDelayedTaskList ) != pdFALSE )
    10fc:	04070000 	streq	r0, [r7], #-0
    1100:	0000022d 	andeq	r0, r0, sp, lsr #4
    1104:	000eae06 	andeq	sl, lr, r6, lsl #28
        xNextTaskUnblockTime = portMAX_DELAY;
    1108:	0a0b2300 	beq	2c9d10 <_edata+0x2c78b4>
    110c:	e1010000 	mrs	r0, (UNDEF: 1)
        xNextTaskUnblockTime = listGET_ITEM_VALUE_OF_HEAD_ENTRY( pxDelayedTaskList );
    1110:	0c100614 	ldceq	6, cr0, [r0], {20}
    1114:	00700000 	rsbseq	r0, r0, r0
    1118:	9c010000 	stcls	0, cr0, [r1], {-0}
}
    111c:	00000f1b 	andeq	r0, r0, fp, lsl pc
    1120:	00022418 	andeq	r2, r2, r8, lsl r4
    1124:	14e10100 	strbtne	r0, [r1], #256	; 0x100
    1128:	0004502f 	andeq	r5, r4, pc, lsr #32
        {
    112c:	6c910200 	lfmvs	f0, 4, [r1], {0}
    1130:	0008eb18 	andeq	lr, r8, r8, lsl fp
            xReturn = pxCurrentTCB;
    1134:	14e20100 	strbtne	r0, [r2], #256	; 0x100
            return xReturn;
    1138:	00013437 	andeq	r3, r1, r7, lsr r4
        }
    113c:	68910200 	ldmvs	r1, {r9}
    1140:	000a2b18 	andeq	r2, sl, r8, lsl fp
    1144:	14e30100 	strbtne	r0, [r3], #256	; 0x100
    {
    1148:	00013437 	andeq	r3, r1, r7, lsr r4
    114c:	64910200 	ldrvs	r0, [r1], #512	; 0x200
        TaskHandle_t xReturn = NULL;
    1150:	000c2820 	andeq	r2, ip, r0, lsr #16
        if( taskVALID_CORE_ID( xCoreID ) != pdFALSE )
    1154:	00004200 	andeq	r4, r0, r0, lsl #4
    1158:	02421500 	subeq	r1, r2, #0, 10
    115c:	f7010000 			; <UNDEFINED> instruction: 0xf7010000
                xReturn = pxCurrentTCB;
    1160:	021c0514 	andseq	r0, ip, #20, 10	; 0x5000000
    1164:	91020000 	mrsls	r0, (UNDEF: 2)
    }
    1168:	23000074 	movwcs	r0, #116	; 0x74
    116c:	00000546 	andeq	r0, r0, r6, asr #10
    1170:	0614c401 	ldreq	ip, [r4], -r1, lsl #8
    1174:	00000be4 	andeq	r0, r0, r4, ror #23
{
    1178:	0000002c 	andeq	r0, r0, ip, lsr #32
    117c:	0f539c01 	svceq	0x00539c01
    uxReturn = listGET_LIST_ITEM_VALUE( &( pxCurrentTCB->xEventListItem ) );
    1180:	24180000 	ldrcs	r0, [r8], #-0
    1184:	01000002 	tsteq	r0, r2
    listSET_LIST_ITEM_VALUE( &( pxCurrentTCB->xEventListItem ), ( ( TickType_t ) configMAX_PRIORITIES - ( TickType_t ) pxCurrentTCB->uxPriority ) );
    1188:	5b2c14c4 	blpl	b064a0 <_edata+0xb04044>
    118c:	02000004 	andeq	r0, r0, #4
    1190:	2b187491 	blcs	61e3dc <_edata+0x61bf80>
    1194:	0100000a 	tsteq	r0, sl
}
    1198:	342e14c5 	strtcc	r1, [lr], #-1221	; 0xfffffb3b
    119c:	02000001 	andeq	r0, r0, #1
    11a0:	16007091 			; <UNDEFINED> instruction: 0x16007091
    11a4:	00000883 	andeq	r0, r0, r3, lsl #17
    {
    11a8:	0a140901 	beq	5035b4 <_edata+0x501158>
    11ac:	00000b58 	andeq	r0, r0, r8, asr fp
    11b0:	0000008c 	andeq	r0, r0, ip, lsl #1
        BaseType_t xAlreadyYielded, xShouldBlock = pdFALSE;
    11b4:	0fc59c01 	svceq	0x00c59c01
        if( ( pxCurrentTCB->ulNotifiedValue[ uxIndexToWaitOn ] == 0U ) && ( xTicksToWait > ( TickType_t ) 0 ) )
    11b8:	74200000 	strtvc	r0, [r0], #-0
    11bc:	4e00000b 	cdpmi	0, 0, cr0, cr0, cr11, {0}
    11c0:	15000000 	strne	r0, [r0, #-0]
    11c4:	00000a38 	andeq	r0, r0, r8, lsr sl
    11c8:	0d144301 	ldceq	3, cr4, [r4, #-4]
    11cc:	0000010d 	andeq	r0, r0, sp, lsl #2
            vTaskSuspendAll();
    11d0:	1a749102 	bne	1d255e0 <_edata+0x1d23184>
                taskENTER_CRITICAL();
    11d4:	00000b8a 	andeq	r0, r0, sl, lsl #23
                    if( pxCurrentTCB->ulNotifiedValue[ uxIndexToWaitOn ] == 0U )
    11d8:	00000038 	andeq	r0, r0, r8, lsr r0
    11dc:	00000fa1 	andeq	r0, r0, r1, lsr #31
    11e0:	00019415 	andeq	r9, r1, r5, lsl r4
    11e4:	14430100 	strbne	r0, [r3], #-256	; 0xffffff00
    11e8:	00045b0d 	andeq	r5, r4, sp, lsl #22
                        pxCurrentTCB->ucNotifyState[ uxIndexToWaitOn ] = taskWAITING_NOTIFICATION;
    11ec:	70910200 	addsvc	r0, r1, r0, lsl #4
    11f0:	16011d00 	strne	r1, [r1], -r0, lsl #26
    11f4:	0b7a0000 	bleq	1e811fc <_edata+0x1e7eda0>
                        xShouldBlock = pdTRUE;
    11f8:	000a0000 	andeq	r0, sl, r0
                taskEXIT_CRITICAL();
    11fc:	43010000 	movwmi	r0, #4096	; 0x1000
                if( xShouldBlock == pdTRUE )
    1200:	0e1e0d14 	mrceq	13, 0, r0, cr14, cr4, {0}
    1204:	02000016 	andeq	r0, r0, #22
                    prvAddCurrentTaskToDelayedList( xTicksToWait, pdTRUE );
    1208:	1a1c6c91 	bne	71c454 <_edata+0x719ff8>
    120c:	02000016 	andeq	r0, r0, #22
            xAlreadyYielded = xTaskResumeAll();
    1210:	00006b91 	muleq	r0, r1, fp
            if( ( xShouldBlock == pdTRUE ) && ( xAlreadyYielded == pdFALSE ) )
    1214:	02ed1900 	rsceq	r1, sp, #0, 18
    1218:	89010000 	stmdbhi	r1, {}	; <UNPREDICTABLE>
    121c:	00f70c12 	rscseq	r0, r7, r2, lsl ip
                taskYIELD_WITHIN_API();
    1220:	09480000 	stmdbeq	r8, {}^	; <UNPREDICTABLE>
    1224:	02100000 	andseq	r0, r0, #0
    1228:	9c010000 	stcls	0, cr0, [r1], {-0}
    122c:	0000109f 	muleq	r0, pc, r0	; <UNPREDICTABLE>
        taskENTER_CRITICAL();
    1230:	000b2615 	andeq	r2, fp, r5, lsl r6
            ulReturn = pxCurrentTCB->ulNotifiedValue[ uxIndexToWaitOn ];
    1234:	128b0100 	addne	r0, fp, #0, 2
    1238:	0003e90d 	andeq	lr, r3, sp, lsl #18
    123c:	68910200 	ldmvs	r1, {r9}
    1240:	0008eb15 	andeq	lr, r8, r5, lsl fp
            if( ulReturn != 0U )
    1244:	128c0100 	addne	r0, ip, #0, 2
    1248:	00012310 	andeq	r2, r1, r0, lsl r3
                if( xClearCountOnExit != pdFALSE )
    124c:	64910200 	ldrvs	r0, [r1], #512	; 0x200
                    pxCurrentTCB->ulNotifiedValue[ uxIndexToWaitOn ] = ( uint32_t ) 0U;
    1250:	00091715 	andeq	r1, r9, r5, lsl r7
    1254:	128d0100 	addne	r0, sp, #0, 2
    1258:	0000f710 	andeq	pc, r0, r0, lsl r7	; <UNPREDICTABLE>
    125c:	74910200 	ldrvc	r0, [r1], #512	; 0x200
    1260:	00095c20 	andeq	r5, r9, r0, lsr #24
                    pxCurrentTCB->ulNotifiedValue[ uxIndexToWaitOn ] = ulReturn - ( uint32_t ) 1;
    1264:	0001bc00 	andeq	fp, r1, r0, lsl #24
    1268:	05151500 	ldreq	r1, [r5, #-1280]	; 0xfffffb00
    126c:	9e010000 	cdpls	0, 0, cr0, cr1, cr0, {0}
    1270:	01341a12 	teqeq	r4, r2, lsl sl
            pxCurrentTCB->ucNotifyState[ uxIndexToWaitOn ] = taskNOT_WAITING_NOTIFICATION;
    1274:	91020000 	mrsls	r0, (UNDEF: 2)
    1278:	09701a70 	ldmdbeq	r0!, {r4, r5, r6, r9, fp, ip}^
    127c:	00220000 	eoreq	r0, r2, r0
    1280:	10470000 	subne	r0, r7, r0
        taskEXIT_CRITICAL();
    1284:	8c150000 	ldchi	0, cr0, [r5], {-0}
    }
    1288:	01000004 	tsteq	r0, r4
    128c:	500d12a6 	andpl	r1, sp, r6, lsr #5
    1290:	02000004 	andeq	r0, r0, #4
    1294:	1a006c91 	bne	1c4e0 <_edata+0x1a084>
    {
    1298:	000009d2 	ldrdeq	r0, [r0], -r2
    129c:	0000003e 	andeq	r0, r0, lr, lsr r0
    12a0:	00001065 	andeq	r1, r0, r5, rrx
    12a4:	000b8215 	andeq	r8, fp, r5, lsl r2
        BaseType_t xReturn, xAlreadyYielded, xShouldBlock = pdFALSE;
    12a8:	12db0100 	sbcsne	r0, fp, #0, 2
        if( ( pxCurrentTCB->ucNotifyState[ uxIndexToWaitOn ] != taskNOTIFICATION_RECEIVED ) && ( xTicksToWait > ( TickType_t ) 0 ) )
    12ac:	00045b15 	andeq	r5, r4, r5, lsl fp
    12b0:	60910200 	addsvs	r0, r1, r0, lsl #4
    12b4:	0a181a00 	beq	607abc <_edata+0x605660>
    12b8:	003e0000 	eorseq	r0, lr, r0
    12bc:	10830000 	addne	r0, r3, r0
    12c0:	82150000 	andshi	r0, r5, #0
            vTaskSuspendAll();
    12c4:	0100000b 	tsteq	r0, fp
                taskENTER_CRITICAL();
    12c8:	5b1912e1 	blpl	645e54 <_edata+0x6439f8>
                    if( pxCurrentTCB->ucNotifyState[ uxIndexToWaitOn ] != taskNOTIFICATION_RECEIVED )
    12cc:	02000004 	andeq	r0, r0, #4
    12d0:	20005c91 	mulcs	r0, r1, ip
    12d4:	00000a68 	andeq	r0, r0, r8, ror #20
    12d8:	00000070 	andeq	r0, r0, r0, ror r0
                        pxCurrentTCB->ulNotifiedValue[ uxIndexToWaitOn ] &= ~ulBitsToClearOnEntry;
    12dc:	00024215 	andeq	r4, r2, r5, lsl r2
    12e0:	12ea0100 	rscne	r0, sl, #0, 2
    12e4:	00021c15 	andeq	r1, r2, r5, lsl ip
    12e8:	58910200 	ldmpl	r1, {r9}
    12ec:	19000000 	stmdbne	r0, {}	; <UNPREDICTABLE>
    12f0:	0000034c 	andeq	r0, r0, ip, asr #6
    12f4:	0c120d01 	ldceq	13, cr0, [r2], {1}
    12f8:	000000f7 	strdeq	r0, [r0], -r7
                        pxCurrentTCB->ucNotifyState[ uxIndexToWaitOn ] = taskWAITING_NOTIFICATION;
    12fc:	00000914 	andeq	r0, r0, r4, lsl r9
    1300:	00000034 	andeq	r0, r0, r4, lsr r0
    1304:	10db9c01 	sbcsne	r9, fp, r1, lsl #24
                        xShouldBlock = pdTRUE;
    1308:	9b180000 	blls	601310 <_edata+0x5feeb4>
                taskEXIT_CRITICAL();
    130c:	0100000a 	tsteq	r0, sl
                if( xShouldBlock == pdTRUE )
    1310:	232a120d 			; <UNDEFINED> instruction: 0x232a120d
    1314:	02000001 	andeq	r0, r0, #1
                    prvAddCurrentTaskToDelayedList( xTicksToWait, pdTRUE );
    1318:	92156c91 	andsls	r6, r5, #37120	; 0x9100
    131c:	01000006 	tsteq	r0, r6
            xAlreadyYielded = xTaskResumeAll();
    1320:	f710120f 			; <UNDEFINED> instruction: 0xf710120f
            if( ( xShouldBlock == pdTRUE ) && ( xAlreadyYielded == pdFALSE ) )
    1324:	02000000 	andeq	r0, r0, #0
    1328:	1f007491 	svcne	0x00007491
    132c:	000009a0 	andeq	r0, r0, r0, lsr #19
                taskYIELD_WITHIN_API();
    1330:	08109601 	ldmdaeq	r0, {r0, r9, sl, ip, pc}
    1334:	00000085 	andeq	r0, r0, r5, lsl #1
    1338:	000008e8 	andeq	r0, r0, r8, ror #17
    133c:	0000002c 	andeq	r0, r0, ip, lsr #32
        taskENTER_CRITICAL();
    1340:	11179c01 	tstne	r7, r1, lsl #24
            if( pulNotificationValue != NULL )
    1344:	3f180000 	svccc	0x00180000
    1348:	01000008 	tsteq	r0, r8
                *pulNotificationValue = pxCurrentTCB->ulNotifiedValue[ uxIndexToWaitOn ];
    134c:	32241096 	eorcc	r1, r4, #150	; 0x96
    1350:	02000002 	andeq	r0, r0, #2
    1354:	26156c91 			; <UNDEFINED> instruction: 0x26156c91
    1358:	0100000b 	tsteq	r0, fp
            if( pxCurrentTCB->ucNotifyState[ uxIndexToWaitOn ] != taskNOTIFICATION_RECEIVED )
    135c:	e90d1098 	stmdb	sp, {r3, r4, r7, ip}
    1360:	02000003 	andeq	r0, r0, #3
    1364:	24007491 	strcs	r7, [r0], #-1169	; 0xfffffb6f
    1368:	000001c8 	andeq	r0, r0, r8, asr #3
    136c:	0d108a01 	vldreq	s16, [r0, #-4]
                xReturn = pdFALSE;
    1370:	0000010d 	andeq	r0, r0, sp, lsl #2
                pxCurrentTCB->ulNotifiedValue[ uxIndexToWaitOn ] &= ~ulBitsToClearOnExit;
    1374:	000008d4 	ldrdeq	r0, [r0], -r4
    1378:	00000014 	andeq	r0, r0, r4, lsl r0
    137c:	1e1f9c01 	cdpne	12, 1, cr9, cr15, cr1, {0}
    1380:	01000004 	tsteq	r0, r4
    1384:	230c1067 	movwcs	r1, #49255	; 0xc067
    1388:	b4000001 	strlt	r0, [r0], #-1
    138c:	20000008 	andcs	r0, r0, r8
    1390:	01000000 	mrseq	r0, (UNDEF: 0)
                xReturn = pdTRUE;
    1394:	00116a9c 	mulseq	r1, ip, sl
            pxCurrentTCB->ucNotifyState[ uxIndexToWaitOn ] = taskNOT_WAITING_NOTIFICATION;
    1398:	06d91500 	ldrbeq	r1, [r9], r0, lsl #10
    139c:	69010000 	stmdbvs	r1, {}	; <UNPREDICTABLE>
    13a0:	01231010 			; <UNDEFINED> instruction: 0x01231010
        taskEXIT_CRITICAL();
    13a4:	91020000 	mrsls	r0, (UNDEF: 2)
        return xReturn;
    13a8:	03811570 	orreq	r1, r1, #112, 10	; 0x1c000000
    }
    13ac:	6a010000 	bvs	413b4 <_edata+0x3ef58>
    13b0:	010d1110 	tsteq	sp, r0, lsl r1
    13b4:	91020000 	mrsls	r0, (UNDEF: 2)
    13b8:	b41f0074 	ldrlt	r0, [pc], #-116	; 13c0 <xTaskGenericNotify+0x4>
    {
    13bc:	01000007 	tsteq	r0, r7
    13c0:	230c1054 	movwcs	r1, #49236	; 0xc054
    13c4:	98000001 	stmdals	r0, {r0}
    13c8:	1c000008 	stcne	0, cr0, [r0], {8}
        BaseType_t xReturn = pdPASS;
    13cc:	01000000 	mrseq	r0, (UNDEF: 0)
        pxTCB = xTaskToNotify;
    13d0:	0011969c 	mulseq	r1, ip, r6
        taskENTER_CRITICAL();
    13d4:	09ae1500 	stmibeq	lr!, {r8, sl, ip}
            if( pulPreviousNotificationValue != NULL )
    13d8:	56010000 	strpl	r0, [r1], -r0
                *pulPreviousNotificationValue = pxTCB->ulNotifiedValue[ uxIndexToNotify ];
    13dc:	01231010 			; <UNDEFINED> instruction: 0x01231010
    13e0:	91020000 	mrsls	r0, (UNDEF: 2)
    13e4:	f6190074 			; <UNDEFINED> instruction: 0xf6190074
    13e8:	01000008 	tsteq	r0, r8
            ucOriginalNotifyState = pxTCB->ucNotifyState[ uxIndexToNotify ];
    13ec:	f70c0fbf 			; <UNDEFINED> instruction: 0xf70c0fbf
    13f0:	a8000000 	stmdage	r0, {}	; <UNPREDICTABLE>
    13f4:	f0000006 			; <UNDEFINED> instruction: 0xf0000006
            pxTCB->ucNotifyState[ uxIndexToNotify ] = taskNOTIFICATION_RECEIVED;
    13f8:	01000001 	tsteq	r0, r1
    13fc:	0012609c 	mulseq	r2, ip, r0
    1400:	0b261500 	bleq	986808 <_edata+0x9843ac>
            switch( eAction )
    1404:	c1010000 	mrsgt	r0, (UNDEF: 1)
    1408:	03e90d0f 	mvneq	r0, #960	; 0x3c0
    140c:	91020000 	mrsls	r0, (UNDEF: 2)
    1410:	0a541574 	beq	15069e8 <_edata+0x150458c>
    1414:	c2010000 	andgt	r0, r1, #0
    1418:	00f7100f 	rscseq	r1, r7, pc
    141c:	91020000 	mrsls	r0, (UNDEF: 2)
    1420:	06ba2070 	sxtaheq	r2, sl, r0
                    pxTCB->ulNotifiedValue[ uxIndexToNotify ] |= ulValue;
    1424:	01ac0000 			; <UNDEFINED> instruction: 0x01ac0000
    1428:	66150000 	ldrvs	r0, [r5], -r0
    142c:	01000001 	tsteq	r0, r1
    1430:	081e0fd1 	ldmdaeq	lr, {r0, r4, r6, r7, r8, r9, sl, fp}
    1434:	02000001 	andeq	r0, r0, #1
    1438:	e61a6891 			; <UNDEFINED> instruction: 0xe61a6891
    143c:	3e000006 	cdpcc	0, 0, cr0, cr0, cr6, {0}
                    break;
    1440:	08000000 	stmdaeq	r0, {}	; <UNPREDICTABLE>
                    ( pxTCB->ulNotifiedValue[ uxIndexToNotify ] )++;
    1444:	15000012 	strne	r0, [r0, #-18]	; 0xffffffee
    1448:	00000b82 	andeq	r0, r0, r2, lsl #23
    144c:	190fe601 	stmdbne	pc, {r0, r9, sl, sp, lr, pc}	; <UNPREDICTABLE>
    1450:	0000045b 	andeq	r0, r0, fp, asr r4
    1454:	00649102 	rsbeq	r9, r4, r2, lsl #2
    1458:	0007241a 	andeq	r2, r7, sl, lsl r4
                    break;
    145c:	00003e00 	andeq	r3, r0, r0, lsl #28
                    pxTCB->ulNotifiedValue[ uxIndexToNotify ] = ulValue;
    1460:	00122600 	andseq	r2, r2, r0, lsl #12
    1464:	0b821500 	bleq	fe08686c <__StackTop+0xde08486c>
    1468:	e8010000 	stmda	r1, {}	; <UNPREDICTABLE>
                    break;
    146c:	045b190f 	ldrbeq	r1, [fp], #-2319	; 0xfffff6f1
                    if( ucOriginalNotifyState != taskNOTIFICATION_RECEIVED )
    1470:	91020000 	mrsls	r0, (UNDEF: 2)
                        pxTCB->ulNotifiedValue[ uxIndexToNotify ] = ulValue;
    1474:	741a0060 	ldrvc	r0, [sl], #-96	; 0xffffffa0
    1478:	70000007 	andvc	r0, r0, r7
    147c:	44000000 	strmi	r0, [r0], #-0
    1480:	15000012 	strne	r0, [r0, #-18]	; 0xffffffee
                        xReturn = pdFAIL;
    1484:	00000242 	andeq	r0, r0, r2, asr #4
                    break;
    1488:	190fe901 	stmdbne	pc, {r0, r8, fp, sp, lr, pc}	; <UNPREDICTABLE>
            if( ucOriginalNotifyState == taskWAITING_NOTIFICATION )
    148c:	0000021c 	andeq	r0, r0, ip, lsl r2
    1490:	005c9102 	subseq	r9, ip, r2, lsl #2
                listREMOVE_ITEM( &( pxTCB->xStateListItem ) );
    1494:	00081020 	andeq	r1, r8, r0, lsr #32
    1498:	00003200 	andeq	r3, r0, r0, lsl #4
    149c:	026e1500 	rsbeq	r1, lr, #0, 10
    14a0:	16010000 	strne	r0, [r1], -r0
    14a4:	01232410 			; <UNDEFINED> instruction: 0x01232410
    14a8:	91020000 	mrsls	r0, (UNDEF: 2)
    14ac:	0000006c 	andeq	r0, r0, ip, rrx
    14b0:	0004a522 	andeq	sl, r4, r2, lsr #10
    14b4:	0f110100 	svceq	0x00110100
    14b8:	00068c06 	andeq	r8, r6, r6, lsl #24
    14bc:	00001c00 	andeq	r1, r0, r0, lsl #24
    14c0:	239c0100 	orrscs	r0, ip, #0, 2
    14c4:	00000503 	andeq	r0, r0, r3, lsl #10
    14c8:	060ee601 	streq	lr, [lr], -r1, lsl #12
    14cc:	0000065c 	andeq	r0, r0, ip, asr r6
                prvAddTaskToReadyList( pxTCB );
    14d0:	00000030 	andeq	r0, r0, r0, lsr r0
    14d4:	12a59c01 	adcne	r9, r5, #256	; 0x100
    14d8:	e71d0000 	ldr	r0, [sp, -r0]
    14dc:	62000015 	andvs	r0, r0, #21
    14e0:	14000006 	strne	r0, [r0], #-6
    14e4:	01000000 	mrseq	r0, (UNDEF: 0)
    14e8:	1c050f06 	stcne	15, cr0, [r5], {6}
    14ec:	000015f4 	strdeq	r1, [r0], -r4
    14f0:	00749102 	rsbseq	r9, r4, r2, lsl #2
    14f4:	09b52300 	ldmibeq	r5!, {r8, r9, sp}
    14f8:	7d010000 	stcvc	0, cr0, [r1, #-0]
    14fc:	0600060e 	streq	r0, [r0], -lr, lsl #12
    1500:	005c0000 	subseq	r0, ip, r0
    1504:	9c010000 	stcls	0, cr0, [r1], {-0}
    1508:	000012e7 	andeq	r1, r0, r7, ror #5
    150c:	0006d915 	andeq	sp, r6, r5, lsl r9
    1510:	0e7f0100 	rpweqe	f0, f7, f0
    1514:	0000f710 	andeq	pc, r0, r0, lsl r7	; <UNPREDICTABLE>
    1518:	74910200 	ldrvc	r0, [r1], #512	; 0x200
    151c:	0015e71d 	andseq	lr, r5, sp, lsl r7
    1520:	00061200 	andeq	r1, r6, r0, lsl #4
    1524:	00001400 	andeq	r1, r0, r0, lsl #8
    1528:	0eaa0100 	fdveqe	f0, f2, f0
    152c:	15f41c09 	ldrbne	r1, [r4, #3081]!	; 0xc09
    1530:	91020000 	mrsls	r0, (UNDEF: 2)
    1534:	25000070 	strcs	r0, [r0, #-112]	; 0xffffff90
    1538:	0000066b 	andeq	r0, r0, fp, ror #12
    153c:	130de301 	movwne	lr, #54017	; 0xd301
    1540:	000000f7 	strdeq	r0, [r0], -r7
    1544:	00000550 	andeq	r0, r0, r0, asr r5
    1548:	000000b0 	strheq	r0, [r0], -r0	; <UNPREDICTABLE>
    154c:	13539c01 	cmpne	r3, #256	; 0x100
    1550:	d9150000 	ldmdble	r5, {}	; <UNPREDICTABLE>
                taskYIELD_ANY_CORE_IF_USING_PREEMPTION( pxTCB );
    1554:	01000006 	tsteq	r0, r6
    1558:	f7100de5 			; <UNDEFINED> instruction: 0xf7100de5
    155c:	02000000 	andeq	r0, r0, #0
    1560:	66157491 			; <UNDEFINED> instruction: 0x66157491
    1564:	01000001 	tsteq	r0, r1
    1568:	f7100de6 			; <UNDEFINED> instruction: 0xf7100de6
    156c:	02000000 	andeq	r0, r0, #0
        taskEXIT_CRITICAL();
    1570:	cc157091 	ldcgt	0, cr7, [r5], {145}	; 0x91
        return xReturn;
    1574:	01000008 	tsteq	r0, r8
    }
    1578:	820a0de7 	andhi	r0, sl, #14784	; 0x39c0
    157c:	02000003 	andeq	r0, r0, #3
    1580:	4c155891 	ldcmi	8, cr5, [r5], {145}	; 0x91
    1584:	01000009 	tsteq	r0, r9
    1588:	c4140de8 	ldrgt	r0, [r4], #-3560	; 0xfffff218
    158c:	02000000 	andeq	r0, r0, #0
    {
    1590:	4c156891 	ldcmi	8, cr6, [r5], {145}	; 0x91
    1594:	01000004 	tsteq	r0, r4
    1598:	0d110de9 	ldceq	13, cr0, [r1, #-932]	; 0xfffffc5c
    159c:	02000001 	andeq	r0, r0, #1
        BaseType_t xReturn = pdPASS;
    15a0:	17006c91 			; <UNDEFINED> instruction: 0x17006c91
        pxTCB = xTaskToNotify;
    15a4:	0000064a 	andeq	r0, r0, sl, asr #12
    __asm volatile
    15a8:	11080801 	tstne	r8, r1, lsl #16
    15ac:	00000428 	andeq	r0, r0, r8, lsr #8
    15b0:	00000128 	andeq	r0, r0, r8, lsr #2
    15b4:	13959c01 	orrsne	r9, r5, #256	; 0x100
    15b8:	7e180000 	cdpvc	0, 1, cr0, cr8, cr0, {0}
    15bc:	01000006 	tsteq	r0, r6
        uxSavedInterruptStatus = ( UBaseType_t ) taskENTER_CRITICAL_FROM_ISR();
    15c0:	e9330808 	ldmdb	r3!, {r3, fp}
            if( pulPreviousNotificationValue != NULL )
    15c4:	02000003 	andeq	r0, r0, #3
                *pulPreviousNotificationValue = pxTCB->ulNotifiedValue[ uxIndexToNotify ];
    15c8:	92206c91 	eorls	r6, r0, #37120	; 0x9100
    15cc:	70000004 	andvc	r0, r0, r4
    15d0:	15000000 	strne	r0, [r0, #-0]
    15d4:	00000242 	andeq	r0, r0, r2, asr #4
            ucOriginalNotifyState = pxTCB->ucNotifyState[ uxIndexToNotify ];
    15d8:	0d084201 	sfmeq	f4, 4, [r8, #-4]
    15dc:	0000021c 	andeq	r0, r0, ip, lsl r2
    15e0:	00749102 	rsbseq	r9, r4, r2, lsl #2
    15e4:	08d61700 	ldmeq	r6, {r8, r9, sl, ip}^
            pxTCB->ucNotifyState[ uxIndexToNotify ] = taskNOTIFICATION_RECEIVED;
    15e8:	1c010000 	stcne	0, cr0, [r1], {-0}
    15ec:	035e0d07 	cmpeq	lr, #448	; 0x1c0
    15f0:	00ca0000 	sbceq	r0, sl, r0
            switch( eAction )
    15f4:	9c010000 	stcls	0, cr0, [r1], {-0}
    15f8:	0000144b 	andeq	r1, r0, fp, asr #8
    15fc:	00068718 	andeq	r8, r6, r8, lsl r7
    1600:	071c0100 	ldreq	r0, [ip, -r0, lsl #2]
    1604:	0000c432 	andeq	ip, r0, r2, lsr r4
    1608:	6c910200 	lfmvs	f0, 4, [r1], {0}
    160c:	00052518 	andeq	r2, r5, r8, lsl r5
    1610:	071d0100 	ldreq	r0, [sp, -r0, lsl #2]
                    pxTCB->ulNotifiedValue[ uxIndexToNotify ] |= ulValue;
    1614:	00009d36 	andeq	r9, r0, r6, lsr sp
    1618:	68910200 	ldmvs	r1, {r9}
    161c:	0004b518 	andeq	fp, r4, r8, lsl r5
    1620:	071e0100 	ldreq	r0, [lr, -r0, lsl #2]
    1624:	0000f240 	andeq	pc, r0, r0, asr #4
    1628:	64910200 	ldrvs	r0, [r1], #512	; 0x200
    162c:	0000b118 	andeq	fp, r0, r8, lsl r1
                    break;
    1630:	071f0100 	ldreq	r0, [pc, -r0, lsl #2]
                    ( pxTCB->ulNotifiedValue[ uxIndexToNotify ] )++;
    1634:	00008030 	andeq	r8, r0, r0, lsr r0
    1638:	60910200 	addsvs	r0, r1, r0, lsl #4
    163c:	00018918 	andeq	r8, r1, r8, lsl r9
    1640:	07200100 	streq	r0, [r0, -r0, lsl #2]!
    1644:	00010d2f 	andeq	r0, r1, pc, lsr #26
    1648:	00910200 	addseq	r0, r1, r0, lsl #4
                    break;
    164c:	000b9918 	andeq	r9, fp, r8, lsl r9
                    pxTCB->ulNotifiedValue[ uxIndexToNotify ] = ulValue;
    1650:	07210100 	streq	r0, [r1, -r0, lsl #2]!
    1654:	00145138 	andseq	r5, r4, r8, lsr r1
    1658:	04910200 	ldreq	r0, [r1], #512	; 0x200
                    break;
    165c:	00067e18 	andeq	r7, r6, r8, lsl lr
                    if( ucOriginalNotifyState != taskNOTIFICATION_RECEIVED )
    1660:	07220100 	streq	r0, [r2, -r0, lsl #2]!
    1664:	0003e92b 	andeq	lr, r3, fp, lsr #18
                        pxTCB->ulNotifiedValue[ uxIndexToNotify ] = ulValue;
    1668:	08910200 	ldmeq	r1, {r9}
    166c:	000aab18 	andeq	sl, sl, r8, lsl fp
    1670:	07230100 	streq	r0, [r3, -r0, lsl #2]!
                    break;
    1674:	00145c40 	andseq	r5, r4, r0, asr #24
                        xReturn = pdFAIL;
    1678:	0c910200 	lfmeq	f0, 4, [r1], {0}
                    break;
    167c:	000b5e15 	andeq	r5, fp, r5, lsl lr
            if( ucOriginalNotifyState == taskWAITING_NOTIFICATION )
    1680:	07250100 	streq	r0, [r5, -r0, lsl #2]!
    1684:	00037613 	andeq	r7, r3, r3, lsl r6
                if( uxSchedulerSuspended == ( UBaseType_t ) 0U )
    1688:	70910200 	addsvc	r0, r1, r0, lsl #4
    168c:	01007826 	tsteq	r0, r6, lsr #16
                    listREMOVE_ITEM( &( pxTCB->xStateListItem ) );
    1690:	0d110726 	ldceq	7, cr0, [r1, #-152]	; 0xffffff68
    1694:	02000001 	andeq	r0, r0, #1
    1698:	07007491 			; <UNDEFINED> instruction: 0x07007491
    169c:	00023204 	andeq	r3, r2, r4, lsl #4
    16a0:	144b0600 	strbne	r0, [fp], #-1536	; 0xfffffa00
    16a4:	04070000 	streq	r0, [r7], #-0
    16a8:	00000371 	andeq	r0, r0, r1, ror r3
    16ac:	00145606 	andseq	r5, r4, r6, lsl #12
    16b0:	063e1900 	ldrteq	r1, [lr], -r0, lsl #18
    16b4:	d1010000 	mrsle	r0, (UNDEF: 1)
    16b8:	00f71006 	rscseq	r1, r7, r6
    16bc:	03180000 	tsteq	r8, #0
    16c0:	00460000 	subeq	r0, r6, r0
    16c4:	9c010000 	stcls	0, cr0, [r1], {-0}
    16c8:	000014fd 	strdeq	r1, [r0], -sp
    16cc:	00068718 	andeq	r8, r6, r8, lsl r7
                    prvAddTaskToReadyList( pxTCB );
    16d0:	06d10100 	ldrbeq	r0, [r1], r0, lsl #2
    16d4:	0000c42c 	andeq	ip, r0, ip, lsr #8
    16d8:	6c910200 	lfmvs	f0, 4, [r1], {0}
    16dc:	00052518 	andeq	r2, r5, r8, lsl r5
    16e0:	06d20100 	ldrbeq	r0, [r2], r0, lsl #2
    16e4:	00009d30 	andeq	r9, r0, r0, lsr sp
    16e8:	68910200 	ldmvs	r1, {r9}
    16ec:	0004b518 	andeq	fp, r4, r8, lsl r5
    16f0:	06d30100 	ldrbeq	r0, [r3], r0, lsl #2
    16f4:	0000f23a 	andeq	pc, r0, sl, lsr r2	; <UNPREDICTABLE>
    16f8:	64910200 	ldrvs	r0, [r1], #512	; 0x200
    16fc:	0000b118 	andeq	fp, r0, r8, lsl r1
    1700:	06d40100 	ldrbeq	r0, [r4], r0, lsl #2
    1704:	0000802a 	andeq	r8, r0, sl, lsr #32
    1708:	60910200 	addsvs	r0, r1, r0, lsl #4
    170c:	00018918 	andeq	r8, r1, r8, lsl r9
    1710:	06d50100 	ldrbeq	r0, [r5], r0, lsl #2
    1714:	00010d29 	andeq	r0, r1, r9, lsr #26
    1718:	00910200 	addseq	r0, r1, r0, lsl #4
    171c:	000b9918 	andeq	r9, fp, r8, lsl r9
    1720:	06d60100 	ldrbeq	r0, [r6], r0, lsl #2
    1724:	00145132 	andseq	r5, r4, r2, lsr r1
    1728:	04910200 	ldreq	r0, [r1], #512	; 0x200
    172c:	00067e15 	andeq	r7, r6, r5, lsl lr
    1730:	06d80100 	ldrbeq	r0, [r8], r0, lsl #2
    1734:	0003e911 	andeq	lr, r3, r1, lsl r9
    1738:	70910200 	addsvc	r0, r1, r0, lsl #4
    173c:	0006d915 	andeq	sp, r6, r5, lsl r9
    1740:	06d90100 	ldrbeq	r0, [r9], r0, lsl #2
    1744:	0000f714 	andeq	pc, r0, r4, lsl r7	; <UNPREDICTABLE>
    1748:	74910200 	ldrvc	r0, [r1], #512	; 0x200
    174c:	03ec2500 	mvneq	r2, #0, 10
    1750:	6f010000 	svcvs	0x00010000
                    listINSERT_END( &( xPendingReadyList ), &( pxTCB->xEventListItem ) );
    1754:	03e91406 	mvneq	r1, #100663296	; 0x6000000
    1758:	02a00000 	adceq	r0, r0, #0
    175c:	00780000 	rsbseq	r0, r8, r0
    1760:	9c010000 	stcls	0, cr0, [r1], {-0}
    1764:	000015a3 	andeq	r1, r0, r3, lsr #11
    1768:	00068718 	andeq	r8, r6, r8, lsl r7
    176c:	066f0100 	strbteq	r0, [pc], -r0, lsl #2
    1770:	0000c432 	andeq	ip, r0, r2, lsr r4
    1774:	6c910200 	lfmvs	f0, 4, [r1], {0}
    1778:	00052518 	andeq	r2, r5, r8, lsl r5
    177c:	06700100 	ldrbteq	r0, [r0], -r0, lsl #2
    1780:	00009d36 	andeq	r9, r0, r6, lsr sp
    1784:	68910200 	ldmvs	r1, {r9}
    1788:	0004b518 	andeq	fp, r4, r8, lsl r5
                    if( pxTCB->uxPriority > pxCurrentTCB->uxPriority )
    178c:	06710100 	ldrbteq	r0, [r1], -r0, lsl #2
    1790:	0000f240 	andeq	pc, r0, r0, asr #4
    1794:	64910200 	ldrvs	r0, [r1], #512	; 0x200
                        if( pxHigherPriorityTaskWoken != NULL )
    1798:	0000b118 	andeq	fp, r0, r8, lsl r1
    179c:	06720100 	ldrbteq	r0, [r2], -r0, lsl #2
                            *pxHigherPriorityTaskWoken = pdTRUE;
    17a0:	00008030 	andeq	r8, r0, r0, lsr r0
                        xYieldPendings[ 0 ] = pdTRUE;
    17a4:	60910200 	addsvs	r0, r1, r0, lsl #4
    17a8:	00018918 	andeq	r8, r1, r8, lsl r9
    17ac:	06730100 	ldrbteq	r0, [r3], -r0, lsl #2
    __asm volatile
    17b0:	00010d2f 	andeq	r0, r1, pc, lsr #26
}
    17b4:	00910200 	addseq	r0, r1, r0, lsl #4
    }
    17b8:	000b9918 	andeq	r9, fp, r8, lsl r9
    17bc:	06740100 	ldrbteq	r0, [r4], -r0, lsl #2
    17c0:	00145138 	andseq	r5, r4, r8, lsr r1
    17c4:	04910200 	ldreq	r0, [r1], #512	; 0x200
    17c8:	00067e15 	andeq	r7, r6, r5, lsl lr
    17cc:	06760100 	ldrbteq	r0, [r6], -r0, lsl #2
    17d0:	0003e911 	andeq	lr, r3, r1, lsl r9
    17d4:	74910200 	ldrvc	r0, [r1], #512	; 0x200
    17d8:	0002ae20 	andeq	sl, r2, r0, lsr #28
    {
    17dc:	00003e00 	andeq	r3, r0, r0, lsl #28
    17e0:	09271500 	stmdbeq	r7!, {r8, sl, ip}
    17e4:	9b010000 	blls	417ec <_edata+0x3f390>
        pxTCB = xTaskToNotify;
    17e8:	03761b06 	cmneq	r6, #6144	; 0x1800
    __asm volatile
    17ec:	91020000 	mrsls	r0, (UNDEF: 2)
    17f0:	27000070 	smlsdxcs	r0, r0, r0, r0
    17f4:	0000033c 	andeq	r0, r0, ip, lsr r3
    17f8:	031ef802 	tsteq	lr, #131072	; 0x20000	; <UNPREDICTABLE>
    17fc:	000015bd 			; <UNDEFINED> instruction: 0x000015bd
    1800:	00080f28 	andeq	r0, r8, r8, lsr #30
    return ulOriginalBASEPRI;
    1804:	38f80200 	ldmcc	r8!, {r9}^
            ucOriginalNotifyState = pxTCB->ucNotifyState[ uxIndexToNotify ];
    1808:	000000b3 	strheq	r0, [r0], -r3
    180c:	06c52900 	strbeq	r2, [r5], r0, lsl #18
    1810:	e4020000 	str	r0, [r2], #-0
    1814:	0000b322 	andeq	fp, r0, r2, lsr #6
            pxTCB->ucNotifyState[ uxIndexToNotify ] = taskNOTIFICATION_RECEIVED;
    1818:	15e70300 	strbne	r0, [r7, #768]!	; 0x300
    181c:	a62a0000 	strtge	r0, [sl], -r0
    1820:	02000003 	andeq	r0, r0, #3
            ( pxTCB->ulNotifiedValue[ uxIndexToNotify ] )++;
    1824:	00b30ee6 	adcseq	r0, r3, r6, ror #29
    1828:	d22a0000 	eorle	r0, sl, #0
    182c:	02000005 	andeq	r0, r0, #5
    1830:	00b321e6 	adcseq	r2, r3, r6, ror #3
    1834:	27000000 	strcs	r0, [r0, -r0]
    1838:	0000098e 	andeq	r0, r0, lr, lsl #19
            if( ucOriginalNotifyState == taskWAITING_NOTIFICATION )
    183c:	031ed402 	tsteq	lr, #33554432	; 0x2000000
    1840:	00001601 	andeq	r1, r0, r1, lsl #12
    1844:	0005d22a 	andeq	sp, r5, sl, lsr #4
                if( uxSchedulerSuspended == ( UBaseType_t ) 0U )
    1848:	0ed60200 	cdpeq	2, 13, cr0, cr6, cr0, {0}
    184c:	000000b3 	strheq	r0, [r0], -r3
                    listREMOVE_ITEM( &( pxTCB->xStateListItem ) );
    1850:	07082b00 	streq	r2, [r8, -r0, lsl #22]
    1854:	94020000 	strls	r0, [r2], #-0
    1858:	0000a23e 	andeq	sl, r0, lr, lsr r2
    185c:	00280300 	eoreq	r0, r8, r0, lsl #6
    1860:	02000003 	andeq	r0, r0, #3
    1864:	00b36094 	umlalseq	r6, r3, r4, r0
    1868:	5f2a0000 	svcpl	0x002a0000
    186c:	02000009 	andeq	r0, r0, #9
    1870:	00a21196 	umlaleq	r1, r2, r6, r1
    1874:	00000000 	andeq	r0, r0, r0
    1878:	000002b8 			; <UNDEFINED> instruction: 0x000002b8
    187c:	044a0004 	strbeq	r0, [sl], #-4
    1880:	01040000 	mrseq	r0, (UNDEF: 4)
    1884:	000000dd 	ldrdeq	r0, [r0], -sp
    1888:	000bed0c 	andeq	lr, fp, ip, lsl #26
                    prvAddTaskToReadyList( pxTCB );
    188c:	00000700 	andeq	r0, r0, r0, lsl #14
    1890:	001b9000 	andseq	r9, fp, r0
    1894:	00015e00 	andeq	r5, r1, r0, lsl #28
    1898:	000be900 	andeq	lr, fp, r0, lsl #18
    189c:	07040200 	streq	r0, [r4, -r0, lsl #4]
    18a0:	00000066 	andeq	r0, r0, r6, rrx
    18a4:	69050403 	stmdbvs	r5, {r0, r1, sl}
    18a8:	0200746e 	andeq	r7, r0, #1845493760	; 0x6e000000
    18ac:	00a30508 	adceq	r0, r3, r8, lsl #10
    18b0:	08020000 	stmdaeq	r2, {}	; <UNPREDICTABLE>
    18b4:	0000d104 	andeq	sp, r0, r4, lsl #2
    18b8:	06010200 	streq	r0, [r1], -r0, lsl #4
    18bc:	00000075 	andeq	r0, r0, r5, ror r0
    18c0:	73080102 	movwvc	r0, #33026	; 0x8102
    18c4:	02000000 	andeq	r0, r0, #0
    18c8:	00be0502 	adcseq	r0, lr, r2, lsl #10
    18cc:	02020000 	andeq	r0, r2, #0
    18d0:	00008907 	andeq	r8, r0, r7, lsl #18
    18d4:	05040200 	streq	r0, [r4, #-512]	; 0xfffffe00
    18d8:	000000a8 	andeq	r0, r0, r8, lsr #1
    18dc:	61070402 	tstvs	r7, r2, lsl #8
    18e0:	02000000 	andeq	r0, r0, #0
    18e4:	005c0708 	subseq	r0, ip, r8, lsl #14
    18e8:	04040000 	streq	r0, [r4], #-0
    18ec:	7c080102 	stfvcs	f0, [r8], {2}
    18f0:	05000000 	streq	r0, [r0, #-0]
    18f4:	000000c8 	andeq	r0, r0, r8, asr #1
    18f8:	64193402 	ldrvs	r3, [r9], #-1026	; 0xfffffbfe
    18fc:	05000000 	streq	r0, [r0, #-0]
    1900:	000005df 	ldrdeq	r0, [r0], -pc	; <UNPREDICTABLE>
    1904:	641a3c03 	ldrvs	r3, [sl], #-3075	; 0xfffff3fd
    1908:	05000000 	streq	r0, [r0, #-0]
    190c:	0000084c 	andeq	r0, r0, ip, asr #16
                    listINSERT_END( &( xPendingReadyList ), &( pxTCB->xEventListItem ) );
    1910:	7b1a4203 	blvc	692124 <_edata+0x68fcc8>
    1914:	06000000 	streq	r0, [r0], -r0
    1918:	00000093 	muleq	r0, r3, r0
    191c:	00027c07 	andeq	r7, r2, r7, lsl #24
    1920:	90041400 	andls	r1, r4, r0, lsl #8
    1924:	0000f308 	andeq	pc, r0, r8, lsl #6
    1928:	08eb0800 	stmiaeq	fp!, {fp}^
    192c:	93040000 	movwls	r0, #16384	; 0x4000
    1930:	00009324 	andeq	r9, r0, r4, lsr #6
    1934:	6b080000 	blvs	20193c <_edata+0x1ff4e0>
    1938:	04000007 	streq	r0, [r0], #-7
    193c:	00f32d94 	smlalseq	r2, r3, r4, sp
    1940:	08040000 	stmdaeq	r4, {}	; <UNPREDICTABLE>
    1944:	00000471 	andeq	r0, r0, r1, ror r4
                    if( pxTCB->uxPriority > pxCurrentTCB->uxPriority )
    1948:	f32d9504 	vrshl.u32	d9, d4, d13
    194c:	08000000 	stmdaeq	r0, {}	; <UNPREDICTABLE>
    1950:	000a4c08 	andeq	r4, sl, r8, lsl #24
    1954:	0c960400 	cfldrseq	mvf0, [r6], {0}
                        if( pxHigherPriorityTaskWoken != NULL )
    1958:	00000072 	andeq	r0, r0, r2, ror r0
                            *pxHigherPriorityTaskWoken = pdTRUE;
    195c:	08a6080c 	stmiaeq	r6!, {r2, r3, fp}
    1960:	97040000 	strls	r0, [r4, -r0]
                        xYieldPendings[ 0 ] = pdTRUE;
    1964:	00012e28 	andeq	r2, r1, r8, lsr #28
    1968:	09001000 	stmdbeq	r0, {ip}
    __asm volatile
    196c:	0000a404 	andeq	sl, r0, r4, lsl #8
    1970:	04fd0700 	ldrbteq	r0, [sp], #1792	; 0x700
    }
    1974:	04140000 	ldreq	r0, [r4], #-0
    1978:	012e10ac 			; <UNDEFINED> instruction: 0x012e10ac
    197c:	79080000 	stmdbvc	r8, {}	; <UNPREDICTABLE>
    1980:	04000001 	streq	r0, [r0], #-1
    1984:	008725af 	addeq	r2, r7, pc, lsr #11
    1988:	08000000 	stmdaeq	r0, {}	; <UNPREDICTABLE>
    198c:	00000242 	andeq	r0, r0, r2, asr #4
    1990:	8126b004 			; <UNDEFINED> instruction: 0x8126b004
    1994:	04000001 	streq	r0, [r0], #-1
    {
    1998:	00060e08 	andeq	r0, r6, r8, lsl #28
    199c:	14b10400 	ldrtne	r0, [r1], #1024	; 0x400
    19a0:	00000175 	andeq	r0, r0, r5, ror r1
        pxTCB = prvGetTCBFromHandle( xTask );
    19a4:	04090008 	streq	r0, [r9], #-8
    19a8:	000000f9 	strdeq	r0, [r0], -r9
    19ac:	00063305 	andeq	r3, r6, r5, lsl #6
    19b0:	1b9a0400 	blne	fe6829b8 <__StackTop+0xde6809b8>
        taskENTER_CRITICAL();
    19b4:	000000a4 	andeq	r0, r0, r4, lsr #1
            if( pxTCB->ucNotifyState[ uxIndexToClear ] == taskNOTIFICATION_RECEIVED )
    19b8:	0004e207 	andeq	lr, r4, r7, lsl #4
    19bc:	9d040c00 	stcls	12, cr0, [r4, #-0]
    19c0:	0001750c 	andeq	r7, r1, ip, lsl #10
    19c4:	08eb0800 	stmiaeq	fp!, {fp}^
                pxTCB->ucNotifyState[ uxIndexToClear ] = taskNOT_WAITING_NOTIFICATION;
    19c8:	a0040000 	andge	r0, r4, r0
    19cc:	00009328 	andeq	r9, r0, r8, lsr #6
    19d0:	6b080000 	blvs	2019d8 <_edata+0x1ff57c>
                xReturn = pdPASS;
    19d4:	04000007 	streq	r0, [r0], #-7
                xReturn = pdFAIL;
    19d8:	00f331a1 	rscseq	r3, r3, r1, lsr #3
        taskEXIT_CRITICAL();
    19dc:	08040000 	stmdaeq	r4, {}	; <UNPREDICTABLE>
        return xReturn;
    19e0:	00000471 	andeq	r0, r0, r1, ror r4
    }
    19e4:	f331a204 	vhsub.u<illegal width 64>	d10, d1, d4
    19e8:	08000000 	stmdaeq	r0, {}	; <UNPREDICTABLE>
    19ec:	062f0500 	strteq	r0, [pc], -r0, lsl #10
    {
    19f0:	a4040000 	strge	r0, [r4], #-0
    19f4:	00014024 	andeq	r4, r1, r4, lsr #32
    19f8:	34040900 	strcc	r0, [r4], #-2304	; 0xfffff700
        pxTCB = prvGetTCBFromHandle( xTask );
    19fc:	06000001 	streq	r0, [r0], -r1
    1a00:	00000181 	andeq	r0, r0, r1, lsl #3
    1a04:	00083805 	andeq	r3, r8, r5, lsl #16
    1a08:	03b30400 			; <UNDEFINED> instruction: 0x03b30400
        taskENTER_CRITICAL();
    1a0c:	000000f9 	strdeq	r0, [r0], -r9
            ulReturn = pxTCB->ulNotifiedValue[ uxIndexToClear ];
    1a10:	000c6d0a 	andeq	r6, ip, sl, lsl #26
    1a14:	0dd90100 	ldfeqe	f0, [r9]
    1a18:	00000087 	andeq	r0, r0, r7, lsl #1
    1a1c:	00001c9c 	muleq	r0, ip, ip
            pxTCB->ulNotifiedValue[ uxIndexToClear ] &= ~ulBitsToClear;
    1a20:	00000052 	andeq	r0, r0, r2, asr r0
    1a24:	01d19c01 	bicseq	r9, r1, r1, lsl #24
    1a28:	070b0000 	streq	r0, [fp, -r0]
    1a2c:	0100000c 	tsteq	r0, ip
    1a30:	01872ed9 	ldrdeq	r2, [r7, r9]
    1a34:	91020000 	mrsls	r0, (UNDEF: 2)
    1a38:	0b820c6c 	bleq	fe084bf0 <__StackTop+0xde082bf0>
        taskEXIT_CRITICAL();
    1a3c:	dd010000 	stcle	0, cr0, [r1, #-0]
        return ulReturn;
    1a40:	0001d714 	andeq	sp, r1, r4, lsl r7
    }
    1a44:	74910200 	ldrvc	r0, [r1], #512	; 0x200
    1a48:	8c040900 			; <UNDEFINED> instruction: 0x8c040900
    1a4c:	06000001 	streq	r0, [r0], -r1
{
    1a50:	000001d1 	ldrdeq	r0, [r0], -r1
    1a54:	000c880d 	andeq	r8, ip, sp, lsl #16
    1a58:	068b0100 	streq	r0, [fp], r0, lsl #2
    const TickType_t xConstTickCount = xTickCount;
    1a5c:	00001c2c 	andeq	r1, r0, ip, lsr #24
    List_t * const pxDelayedList = pxDelayedTaskList;
    1a60:	00000070 	andeq	r0, r0, r0, ror r0
    1a64:	022f9c01 	eoreq	r9, pc, #256	; 0x100
    List_t * const pxOverflowDelayedList = pxOverflowDelayedTaskList;
    1a68:	820b0000 	andhi	r0, fp, #0
    if( uxListRemove( &( pxCurrentTCB->xStateListItem ) ) == ( UBaseType_t ) 0 )
    1a6c:	0100000b 	tsteq	r0, fp
    1a70:	01d7228b 	bicseq	r2, r7, fp, lsl #5
    1a74:	91020000 	mrsls	r0, (UNDEF: 2)
    1a78:	0c7a0b6c 			; <UNDEFINED> instruction: 0x0c7a0b6c
    1a7c:	8c010000 	stchi	0, cr0, [r1], {-0}
        portRESET_READY_PRIORITY( pxCurrentTCB->uxPriority, uxTopReadyPriority );
    1a80:	00018726 	andeq	r8, r1, r6, lsr #14
    1a84:	68910200 	ldmvs	r1, {r9}
    1a88:	000c620c 	andeq	r6, ip, ip, lsl #4
    1a8c:	128e0100 	addne	r0, lr, #0, 2
    1a90:	00000181 	andeq	r0, r0, r1, lsl #3
    1a94:	0c749102 	ldfeqp	f1, [r4], #-8
        xTimeToWake = xConstTickCount + xTicksToWait;
    1a98:	00000c49 	andeq	r0, r0, r9, asr #24
    1a9c:	9f168f01 	svcls	0x00168f01
        listSET_LIST_ITEM_VALUE( &( pxCurrentTCB->xStateListItem ), xTimeToWake );
    1aa0:	02000000 	andeq	r0, r0, #0
    1aa4:	0d007091 	stceq	0, cr7, [r0, #-580]	; 0xfffffdbc
        if( xTimeToWake < xConstTickCount )
    1aa8:	00000c2a 	andeq	r0, r0, sl, lsr #24
    1aac:	e6066901 	str	r6, [r6], -r1, lsl #18
            vListInsert( pxOverflowDelayedList, &( pxCurrentTCB->xStateListItem ) );
    1ab0:	4600001b 			; <UNDEFINED> instruction: 0x4600001b
    1ab4:	01000000 	mrseq	r0, (UNDEF: 0)
    1ab8:	0002739c 	muleq	r2, ip, r3
}
    1abc:	0b820b00 	bleq	fe0846c4 <__StackTop+0xde0826c4>
            vListInsert( pxDelayedList, &( pxCurrentTCB->xStateListItem ) );
    1ac0:	69010000 	stmdbvs	r1, {}	; <UNPREDICTABLE>
    1ac4:	0001d725 	andeq	sp, r1, r5, lsr #14
    1ac8:	6c910200 	lfmvs	f0, 4, [r1], {0}
            if( xTimeToWake < xNextTaskUnblockTime )
    1acc:	000c7a0b 	andeq	r7, ip, fp, lsl #20
    1ad0:	296a0100 	stmdbcs	sl!, {r8}^
    1ad4:	00000187 	andeq	r0, r0, r7, lsl #3
                xNextTaskUnblockTime = xTimeToWake;
    1ad8:	0c689102 	stfeqp	f1, [r8], #-8
}
    1adc:	00000242 	andeq	r0, r0, r2, asr #4
    1ae0:	87186c01 	ldrhi	r6, [r8, -r1, lsl #24]
    1ae4:	02000001 	andeq	r0, r0, #1
    1ae8:	0d007491 	cfstrseq	mvf7, [r0, #-580]	; 0xfffffdbc
    1aec:	00000c16 	andeq	r0, r0, r6, lsl ip
    1af0:	ce065901 	vmlagt.f16	s10, s12, s2	; <UNPREDICTABLE>
    1af4:	1800001b 	stmdane	r0, {r0, r1, r3, r4}
    1af8:	01000000 	mrseq	r0, (UNDEF: 0)
{
    1afc:	0002999c 	muleq	r2, ip, r9
    1b00:	0c5b0b00 	mrrceq	11, 0, r0, fp, cr0
        pxCurrentTCB = NULL;
    1b04:	59010000 	stmdbpl	r1, {}	; <UNPREDICTABLE>
    uxCurrentNumberOfTasks = ( UBaseType_t ) 0U;
    1b08:	0001872e 	andeq	r8, r1, lr, lsr #14
    1b0c:	74910200 	ldrvc	r0, [r1], #512	; 0x200
    xTickCount = ( TickType_t ) configINITIAL_TICK_COUNT;
    1b10:	0c390e00 	ldceq	14, cr0, [r9], #-0
    uxTopReadyPriority = tskIDLE_PRIORITY;
    1b14:	31010000 	mrscc	r0, (UNDEF: 1)
    1b18:	001b9006 	andseq	r9, fp, r6
    xSchedulerRunning = pdFALSE;
    1b1c:	00003e00 	andeq	r3, r0, r0, lsl #28
    xPendedTicks = ( TickType_t ) 0U;
    1b20:	0b9c0100 	bleq	fe701f28 <__StackTop+0xde6fff28>
    1b24:	00000b82 	andeq	r0, r0, r2, lsl #23
    for( xCoreID = 0; xCoreID < configNUMBER_OF_CORES; xCoreID++ )
    1b28:	d7263101 	strle	r3, [r6, -r1, lsl #2]!
        xYieldPendings[ xCoreID ] = pdFALSE;
    1b2c:	02000001 	andeq	r0, r0, #1
    1b30:	00007491 	muleq	r0, r1, r4
    1b34:	00000484 	andeq	r0, r0, r4, lsl #9
    for( xCoreID = 0; xCoreID < configNUMBER_OF_CORES; xCoreID++ )
    1b38:	05320004 	ldreq	r0, [r2, #-4]!
    1b3c:	01040000 	mrseq	r0, (UNDEF: 4)
    1b40:	000000dd 	ldrdeq	r0, [r0], -sp
    xNumOfOverflows = ( BaseType_t ) 0;
    1b44:	000e990c 	andeq	r9, lr, ip, lsl #18
    uxTaskNumber = ( UBaseType_t ) 0U;
    1b48:	00000700 	andeq	r0, r0, r0, lsl #14
    1b4c:	001cf000 	andseq	pc, ip, r0
    xNextTaskUnblockTime = ( TickType_t ) 0U;
    1b50:	0004f000 	andeq	pc, r4, r0
    uxSchedulerSuspended = ( UBaseType_t ) 0U;
    1b54:	000d9900 	andeq	r9, sp, r0, lsl #18
    1b58:	04d00200 	ldrbeq	r0, [r0], #512	; 0x200
}
    1b5c:	d1020000 	mrsle	r0, (UNDEF: 2)
    1b60:	00003617 	andeq	r3, r0, r7, lsl r6
    1b64:	00250300 	eoreq	r0, r5, r0, lsl #6
    1b68:	04040000 	streq	r0, [r4], #-0
    1b6c:	00006607 	andeq	r6, r0, r7, lsl #12
    1b70:	05040500 	streq	r0, [r4, #-1280]	; 0xfffffb00
    1b74:	00746e69 	rsbseq	r6, r4, r9, ror #28
    1b78:	a3050804 	movwge	r0, #22532	; 0x5804
    1b7c:	04000000 	streq	r0, [r0], #-0
    1b80:	00d10408 	sbcseq	r0, r1, r8, lsl #8
    1b84:	01040000 	mrseq	r0, (UNDEF: 4)
    1b88:	00007506 	andeq	r7, r0, r6, lsl #10
    1b8c:	08010400 	stmdaeq	r1, {sl}
{
    1b90:	00000073 	andeq	r0, r0, r3, ror r0
    1b94:	be050204 	cdplt	2, 0, cr0, cr5, cr4, {0}
    pxList->pxIndex = ( ListItem_t * ) &( pxList->xListEnd );
    1b98:	04000000 	streq	r0, [r0], #-0
    1b9c:	00890702 	addeq	r0, r9, r2, lsl #14
    1ba0:	04040000 	streq	r0, [r4], #-0
    pxList->xListEnd.xItemValue = portMAX_DELAY;
    1ba4:	0000a805 	andeq	sl, r0, r5, lsl #16
    1ba8:	07040400 	streq	r0, [r4, -r0, lsl #8]
    pxList->xListEnd.pxNext = ( ListItem_t * ) &( pxList->xListEnd );
    1bac:	00000061 	andeq	r0, r0, r1, rrx
    1bb0:	5c070804 	stcpl	8, cr0, [r7], {4}
    pxList->xListEnd.pxPrevious = ( ListItem_t * ) &( pxList->xListEnd );
    1bb4:	06000000 	streq	r0, [r0], -r0
    1bb8:	08010404 	stmdaeq	r1, {r2, sl}
    1bbc:	0000007c 	andeq	r0, r0, ip, ror r0
    pxList->uxNumberOfItems = ( UBaseType_t ) 0U;
    1bc0:	00066302 	andeq	r6, r6, r2, lsl #6
}
    1bc4:	182e0300 	stmdane	lr!, {r8, r9}
    1bc8:	00000059 	andeq	r0, r0, r9, asr r0
    1bcc:	0000c802 	andeq	ip, r0, r2, lsl #16
{
    1bd0:	19340300 	ldmdbne	r4!, {r8, r9}
    1bd4:	00000075 	andeq	r0, r0, r5, ror r0
    pxItem->pxContainer = NULL;
    1bd8:	008c0407 	addeq	r0, ip, r7, lsl #8
}
    1bdc:	a5080000 	strge	r0, [r8, #-0]
    1be0:	1c00000c 	stcne	0, cr0, [r0], {12}
    1be4:	13109c04 	tstne	r0, #4, 24	; 0x400
{
    1be8:	09000001 	stmdbeq	r0, {r0}
    1bec:	00000e71 	andeq	r0, r0, r1, ror lr
    ListItem_t * const pxIndex = pxList->pxIndex;
    1bf0:	250c9e04 	strcs	r9, [ip, #-3588]	; 0xfffff1fc
    1bf4:	00000000 	andeq	r0, r0, r0
    pxNewListItem->pxNext = pxIndex;
    1bf8:	000eda09 	andeq	sp, lr, r9, lsl #20
    pxNewListItem->pxPrevious = pxIndex->pxPrevious;
    1bfc:	0c9f0400 	cfldrseq	mvf0, [pc], {0}
    1c00:	00000025 	andeq	r0, r0, r5, lsr #32
    pxIndex->pxPrevious->pxNext = pxNewListItem;
    1c04:	0d730904 			; <UNDEFINED> instruction: 0x0d730904
    1c08:	a0040000 	andge	r0, r4, r0
    pxIndex->pxPrevious = pxNewListItem;
    1c0c:	0000250c 	andeq	r2, r0, ip, lsl #10
    1c10:	fc090800 	stc2	8, cr0, [r9], {-0}
    pxNewListItem->pxContainer = pxList;
    1c14:	0400000c 	streq	r0, [r0], #-12
    ( pxList->uxNumberOfItems ) = ( UBaseType_t ) ( pxList->uxNumberOfItems + 1U );
    1c18:	00250ca1 	eoreq	r0, r5, r1, lsr #25
    1c1c:	090c0000 	stmdbeq	ip, {}	; <UNPREDICTABLE>
    1c20:	00000cb0 			; <UNDEFINED> instruction: 0x00000cb0
}
    1c24:	250ca204 	strcs	sl, [ip, #-516]	; 0xfffffdfc
    1c28:	10000000 	andne	r0, r0, r0
{
    1c2c:	000e5209 	andeq	r5, lr, r9, lsl #4
    1c30:	0ca30400 	cfstrseq	mvf0, [r3]
    1c34:	00000025 	andeq	r0, r0, r5, lsr #32
    const TickType_t xValueOfInsertion = pxNewListItem->xItemValue;
    1c38:	0f2e0914 	svceq	0x002e0914
    if( xValueOfInsertion == portMAX_DELAY )
    1c3c:	a4040000 	strge	r0, [r4], #-0
    1c40:	0000250c 	andeq	r2, r0, ip, lsl #10
        pxIterator = pxList->xListEnd.pxPrevious;
    1c44:	02001800 	andeq	r1, r0, #0, 16
    1c48:	00000ccf 	andeq	r0, r0, pc, asr #25
        for( pxIterator = ( ListItem_t * ) &( pxList->xListEnd ); pxIterator->pxNext->xItemValue <= xValueOfInsertion; pxIterator = pxIterator->pxNext )
    1c4c:	aa03a504 	bge	eb064 <_edata+0xe8c08>
    1c50:	0a000000 	beq	1c58 <vListInsert+0x2c>
    1c54:	0000008c 	andeq	r0, r0, ip, lsl #1
    1c58:	00000130 	andeq	r0, r0, r0, lsr r1
    1c5c:	0000360b 	andeq	r3, r0, fp, lsl #12
    1c60:	000fff00 	andeq	pc, pc, r0, lsl #30
    1c64:	000fbf0c 	andeq	fp, pc, ip, lsl #30
    pxNewListItem->pxNext = pxIterator->pxNext;
    1c68:	245f0100 	ldrbcs	r0, [pc], #-256	; 1c70 <vListInsert+0x44>
    1c6c:	0000011f 	andeq	r0, r0, pc, lsl r1
    pxNewListItem->pxNext->pxPrevious = pxNewListItem;
    1c70:	00e00305 	rsceq	r0, r0, r5, lsl #6
    1c74:	57082000 	strpl	r2, [r8, -r0]
    pxNewListItem->pxPrevious = pxIterator;
    1c78:	0800000d 	stmdaeq	r0, {r0, r2, r3}
    pxIterator->pxNext = pxNewListItem;
    1c7c:	6a106401 	bvs	41ac88 <_edata+0x41882c>
    1c80:	09000001 	stmdbeq	r0, {r0}
    pxNewListItem->pxContainer = pxList;
    1c84:	00000cdb 	ldrdeq	r0, [r0], -fp
    ( pxList->uxNumberOfItems ) = ( UBaseType_t ) ( pxList->uxNumberOfItems + 1U );
    1c88:	6a1b6601 	bvs	6db494 <_edata+0x6d9038>
    1c8c:	00000001 	andeq	r0, r0, r1
    1c90:	000f4709 	andeq	r4, pc, r9, lsl #14
}
    1c94:	0c670100 	stfeqe	f0, [r7], #-0
    1c98:	00000025 	andeq	r0, r0, r5, lsr #32
{
    1c9c:	04070004 	streq	r0, [r7], #-4
    1ca0:	00000142 	andeq	r0, r0, r2, asr #2
    List_t * const pxList = pxItemToRemove->pxContainer;
    1ca4:	000e4602 	andeq	r4, lr, r2, lsl #12
    1ca8:	03680100 	cmneq	r8, #0, 2
    pxItemToRemove->pxNext->pxPrevious = pxItemToRemove->pxPrevious;
    1cac:	00000142 	andeq	r0, r0, r2, asr #2
    1cb0:	000d930c 	andeq	r9, sp, ip, lsl #6
    pxItemToRemove->pxPrevious->pxNext = pxItemToRemove->pxNext;
    1cb4:	159e0100 	ldrne	r0, [lr, #256]	; 0x100
    1cb8:	00000031 	andeq	r0, r0, r1, lsr r0
    1cbc:	24500305 	ldrbcs	r0, [r0], #-773	; 0xfffffcfb
    if( pxList->pxIndex == pxItemToRemove )
    1cc0:	520c0000 	andpl	r0, ip, #0
    1cc4:	0100000f 	tsteq	r0, pc
        pxList->pxIndex = pxItemToRemove->pxPrevious;
    1cc8:	017024a1 	cmneq	r0, r1, lsr #9
    1ccc:	03050000 	movweq	r0, #20480	; 0x5000
    pxItemToRemove->pxContainer = NULL;
    1cd0:	200010e0 	andcs	r1, r0, r0, ror #1
    1cd4:	000d100c 	andeq	r1, sp, ip
    ( pxList->uxNumberOfItems ) = ( UBaseType_t ) ( pxList->uxNumberOfItems - 1U );
    1cd8:	26a20100 	strtcs	r0, [r2], r0, lsl #2
    1cdc:	000001b2 			; <UNDEFINED> instruction: 0x000001b2
    return pxList->uxNumberOfItems;
    1ce0:	10e80305 	rscne	r0, r8, r5, lsl #6
}
    1ce4:	04072000 	streq	r2, [r7], #-0
    1ce8:	00000170 	andeq	r0, r0, r0, ror r1
    1cec:	000ec60c 	andeq	ip, lr, ip, lsl #12
{
    1cf0:	1fa60100 	svcne	0x00a60100
    1cf4:	00000025 	andeq	r0, r0, r5, lsr #32
    void * pvReturn = NULL;
    1cf8:	10ec0305 	rscne	r0, ip, r5, lsl #6
    size_t xAllocatedBlockSize = 0;
    1cfc:	b00c2000 	andlt	r2, ip, r0
    if( xWantedSize > 0 )
    1d00:	0100000c 	tsteq	r0, ip
    1d04:	00251fa7 	eoreq	r1, r5, r7, lsr #31
        if( heapADD_WILL_OVERFLOW( xWantedSize, xHeapStructSize ) == 0 )
    1d08:	03050000 	movweq	r0, #20480	; 0x5000
    1d0c:	200010f0 	strdcs	r1, [r0], -r0
            xWantedSize += xHeapStructSize;
    1d10:	000e520c 	andeq	r5, lr, ip, lsl #4
    1d14:	1fa80100 	svcne	0x00a80100
            if( ( xWantedSize & portBYTE_ALIGNMENT_MASK ) != 0x00 )
    1d18:	00000025 	andeq	r0, r0, r5, lsr #32
    1d1c:	10f40305 	rscsne	r0, r4, r5, lsl #6
    1d20:	2e0c2000 	cdpcs	0, 0, cr2, cr12, cr0, {0}
                xAdditionalRequiredSize = portBYTE_ALIGNMENT - ( xWantedSize & portBYTE_ALIGNMENT_MASK );
    1d24:	0100000f 	tsteq	r0, pc
    1d28:	00251fa9 	eoreq	r1, r5, r9, lsr #31
    1d2c:	03050000 	movweq	r0, #20480	; 0x5000
                if( heapADD_WILL_OVERFLOW( xWantedSize, xAdditionalRequiredSize ) == 0 )
    1d30:	200010f8 	strdcs	r1, [r0], -r8
    1d34:	000e090d 	andeq	r0, lr, sp, lsl #18
                    xWantedSize += xAdditionalRequiredSize;
    1d38:	02750100 	rsbseq	r0, r5, #0, 2
    1d3c:	0021a006 	eoreq	sl, r1, r6
    1d40:	00004000 	andeq	r4, r0, r0
                    xWantedSize = 0;
    1d44:	0e9c0100 	fmleqe	f0, f4, f0
            xWantedSize = 0;
    1d48:	00000fa6 	andeq	r0, r0, r6, lsr #31
    vTaskSuspendAll();
    1d4c:	06023c01 	streq	r3, [r2], -r1, lsl #24
        if( pxEnd == NULL )
    1d50:	000020e4 	andeq	r2, r0, r4, ror #1
    1d54:	000000bc 	strheq	r0, [r0], -ip
            prvHeapInit();
    1d58:	027b9c01 	rsbseq	r9, fp, #256	; 0x100
        if( heapBLOCK_SIZE_IS_VALID( xWantedSize ) != 0 )
    1d5c:	a40f0000 	strge	r0, [pc], #-0	; 1d64 <pvPortMalloc+0x74>
    1d60:	0100000c 	tsteq	r0, ip
            if( ( xWantedSize > 0 ) && ( xWantedSize <= xFreeBytesRemaining ) )
    1d64:	7b27023c 	blvc	9c265c <_edata+0x9c0200>
    1d68:	02000002 	andeq	r0, r0, #2
    1d6c:	eb106491 	bl	41afb8 <_edata+0x418b5c>
    1d70:	0100000c 	tsteq	r0, ip
                pxPreviousBlock = &xStart;
    1d74:	b213023e 	andslt	r0, r3, #-536870909	; 0xe0000003
                pxBlock = heapPROTECT_BLOCK_POINTER( xStart.pxNextFreeBlock );
    1d78:	02000001 	andeq	r0, r0, #1
                while( ( pxBlock->xBlockSize < xWantedSize ) && ( pxBlock->pxNextFreeBlock != heapPROTECT_BLOCK_POINTER( NULL ) ) )
    1d7c:	59107491 	ldmdbpl	r0, {r0, r4, r7, sl, ip, sp, lr}
                    pxPreviousBlock = pxBlock;
    1d80:	0100000f 	tsteq	r0, pc
                    pxBlock = heapPROTECT_BLOCK_POINTER( pxBlock->pxNextFreeBlock );
    1d84:	250c023f 	strcs	r0, [ip, #-575]	; 0xfffffdc1
                while( ( pxBlock->xBlockSize < xWantedSize ) && ( pxBlock->pxNextFreeBlock != heapPROTECT_BLOCK_POINTER( NULL ) ) )
    1d88:	02000000 	andeq	r0, r0, #0
    1d8c:	1d107091 	ldcne	0, cr7, [r0, #-580]	; 0xfffffdbc
    1d90:	0100000e 	tsteq	r0, lr
    1d94:	2519023f 	ldrcs	r0, [r9, #-575]	; 0xfffffdc1
    1d98:	02000000 	andeq	r0, r0, #0
                if( pxBlock != pxEnd )
    1d9c:	f3106c91 	vqrdmlsh.s16	d6, d16, d1
    1da0:	0100000c 	tsteq	r0, ip
                    pvReturn = ( void * ) ( ( ( uint8_t * ) heapPROTECT_BLOCK_POINTER( pxPreviousBlock->pxNextFreeBlock ) ) + xHeapStructSize );
    1da4:	2527023f 	strcs	r0, [r7, #-575]!	; 0xfffffdc1
    1da8:	02000000 	andeq	r0, r0, #0
    1dac:	07006891 			; <UNDEFINED> instruction: 0x07006891
                    pxPreviousBlock->pxNextFreeBlock = pxBlock->pxNextFreeBlock;
    1db0:	00011304 	andeq	r1, r1, r4, lsl #6
    1db4:	0d161100 	ldfeqs	f1, [r6, #-0]
                    if( ( pxBlock->xBlockSize - xWantedSize ) > heapMINIMUM_BLOCK_SIZE )
    1db8:	f8010000 			; <UNDEFINED> instruction: 0xf8010000
    1dbc:	20340d01 	eorscs	r0, r4, r1, lsl #26
    1dc0:	00b00000 	adcseq	r0, r0, r0
    1dc4:	9c010000 	stcls	0, cr0, [r1], {-0}
                        pxNewBlockLink = ( void * ) ( ( ( uint8_t * ) pxBlock ) + xWantedSize );
    1dc8:	000002c9 	andeq	r0, r0, r9, asr #5
    1dcc:	000f0f0f 	andeq	r0, pc, pc, lsl #30
                        pxNewBlockLink->xBlockSize = pxBlock->xBlockSize - xWantedSize;
    1dd0:	01f80100 	mvnseq	r0, r0, lsl #2
    1dd4:	0001b237 	andeq	fp, r1, r7, lsr r2
    1dd8:	6c910200 	lfmvs	f0, 4, [r1], {0}
                        pxBlock->xBlockSize = xWantedSize;
    1ddc:	000c6210 	andeq	r6, ip, r0, lsl r2
                        pxNewBlockLink->pxNextFreeBlock = pxPreviousBlock->pxNextFreeBlock;
    1de0:	01fa0100 	mvnseq	r0, r0, lsl #2
    1de4:	0001b213 	andeq	fp, r1, r3, lsl r2
                        pxPreviousBlock->pxNextFreeBlock = heapPROTECT_BLOCK_POINTER( pxNewBlockLink );
    1de8:	74910200 	ldrvc	r0, [r1], #512	; 0x200
    1dec:	63757012 	cmnvs	r5, #18
                    xFreeBytesRemaining -= pxBlock->xBlockSize;
    1df0:	01fb0100 	mvnseq	r0, r0, lsl #2
    1df4:	0000a40f 	andeq	sl, r0, pc, lsl #8
    1df8:	70910200 	addsvc	r0, r1, r0, lsl #4
                    if( xFreeBytesRemaining < xMinimumEverFreeBytesRemaining )
    1dfc:	0f031100 	svceq	0x00031100
    1e00:	c8010000 	stmdagt	r1, {}	; <UNPREDICTABLE>
    1e04:	1f800d01 	svcne	0x00800d01
                        xMinimumEverFreeBytesRemaining = xFreeBytesRemaining;
    1e08:	00b40000 	adcseq	r0, r4, r0
    1e0c:	9c010000 	stcls	0, cr0, [r1], {-0}
                    xAllocatedBlockSize = pxBlock->xBlockSize;
    1e10:	00000321 	andeq	r0, r0, r1, lsr #6
    1e14:	000f6610 	andeq	r6, pc, r0, lsl r6	; <UNPREDICTABLE>
                    heapALLOCATE_BLOCK( pxBlock );
    1e18:	01ca0100 	biceq	r0, sl, r0, lsl #2
    1e1c:	0001b213 	andeq	fp, r1, r3, lsl r2
    1e20:	68910200 	ldmvs	r1, {r9}
                    pxBlock->pxNextFreeBlock = heapPROTECT_BLOCK_POINTER( NULL );
    1e24:	000d6410 	andeq	r6, sp, r0, lsl r4
                    xNumberOfSuccessfulAllocations++;
    1e28:	01cb0100 	biceq	r0, fp, r0, lsl #2
    1e2c:	0000981b 	andeq	r9, r0, fp, lsl r8
    1e30:	74910200 	ldrvc	r0, [r1], #512	; 0x200
    ( void ) xTaskResumeAll();
    1e34:	000db710 	andeq	fp, sp, r0, lsl r7
}
    1e38:	01cb0100 	biceq	r0, fp, r0, lsl #2
    1e3c:	0000982b 	andeq	r9, r0, fp, lsr #16
    1e40:	6c910200 	lfmvs	f0, 4, [r1], {0}
    1e44:	000f1f10 	andeq	r1, pc, r0, lsl pc	; <UNPREDICTABLE>
    1e48:	01cc0100 	biceq	r0, ip, r0, lsl #2
    1e4c:	0000250c 	andeq	r2, r0, ip, lsl #10
    1e50:	70910200 	addsvc	r0, r1, r0, lsl #4
{
    1e54:	0e8c1300 	cdpeq	3, 8, cr1, cr12, cr0, {0}
    1e58:	b5010000 	strlt	r0, [r1, #-0]
    uint8_t * puc = ( uint8_t * ) pv;
    1e5c:	00830801 	addeq	r0, r3, r1, lsl #16
    if( pv != NULL )
    1e60:	1f200000 	svcne	0x00200000
    1e64:	00600000 	rsbeq	r0, r0, r0
        puc -= xHeapStructSize;
    1e68:	9c010000 	stcls	0, cr0, [r1], {-0}
    1e6c:	0000036c 	andeq	r0, r0, ip, ror #6
        pxLink = ( void * ) puc;
    1e70:	000f610f 	andeq	r6, pc, pc, lsl #2
        if( heapBLOCK_IS_ALLOCATED( pxLink ) != 0 )
    1e74:	01b50100 			; <UNDEFINED> instruction: 0x01b50100
    1e78:	0000251d 	andeq	r2, r0, sp, lsl r5
    1e7c:	6c910200 	lfmvs	f0, 4, [r1], {0}
    1e80:	000e200f 	andeq	r2, lr, pc
            if( pxLink->pxNextFreeBlock == heapPROTECT_BLOCK_POINTER( NULL ) )
    1e84:	01b60100 			; <UNDEFINED> instruction: 0x01b60100
    1e88:	0000251d 	andeq	r2, r0, sp, lsl r5
                heapFREE_BLOCK( pxLink );
    1e8c:	68910200 	ldmvs	r1, {r9}
    1e90:	00767012 	rsbseq	r7, r6, r2, lsl r0
    1e94:	0c01b801 	stceq	8, cr11, [r1], {1}
                vTaskSuspendAll();
    1e98:	00000083 	andeq	r0, r0, r3, lsl #1
                    xFreeBytesRemaining += pxLink->xBlockSize;
    1e9c:	00749102 	rsbseq	r9, r4, r2, lsl #2
    1ea0:	000f830d 	andeq	r8, pc, sp, lsl #6
    1ea4:	01af0100 			; <UNDEFINED> instruction: 0x01af0100
    1ea8:	001f1406 	andseq	r1, pc, r6, lsl #8
                    prvInsertBlockIntoFreeList( ( ( BlockLink_t * ) pxLink ) );
    1eac:	00000c00 	andeq	r0, r0, r0, lsl #24
                    xNumberOfSuccessfulFrees++;
    1eb0:	0d9c0100 	ldfeqs	f0, [ip]
    1eb4:	00000d31 	andeq	r0, r0, r1, lsr sp
    1eb8:	0601a901 	streq	sl, [r1], -r1, lsl #18
                ( void ) xTaskResumeAll();
    1ebc:	00001ef8 	strdeq	r1, [r0], -r8
}
    1ec0:	0000001c 	andeq	r0, r0, ip, lsl r0
    1ec4:	26149c01 	ldrcs	r9, [r4], -r1, lsl #24
    1ec8:	0100000e 	tsteq	r0, lr
    1ecc:	250801a3 	strcs	r0, [r8, #-419]	; 0xfffffe5d
{
    1ed0:	e4000000 	str	r0, [r0], #-0
    return xFreeBytesRemaining;
    1ed4:	1400001e 	strne	r0, [r0], #-30	; 0xffffffe2
}
    1ed8:	01000000 	mrseq	r0, (UNDEF: 0)
    1edc:	0dd3149c 	cfldrdeq	mvd1, [r3, #624]	; 0x270
    1ee0:	9d010000 	stcls	0, cr0, [r1, #-0]
{
    1ee4:	00250801 	eoreq	r0, r5, r1, lsl #16
    return xMinimumEverFreeBytesRemaining;
    1ee8:	1ed00000 	cdpne	0, 13, cr0, cr0, cr0, {0}
}
    1eec:	00140000 	andseq	r0, r4, r0
    1ef0:	9c010000 	stcls	0, cr0, [r1], {-0}
    1ef4:	000ef90e 	andeq	pc, lr, lr, lsl #18
{
    1ef8:	01620100 	cmneq	r2, r0, lsl #2
    xMinimumEverFreeBytesRemaining = xFreeBytesRemaining;
    1efc:	001e5406 	andseq	r5, lr, r6, lsl #8
    1f00:	00007c00 	andeq	r7, r0, r0, lsl #24
}
    1f04:	079c0100 	ldreq	r0, [ip, r0, lsl #2]
    1f08:	15000004 	strne	r0, [r0, #-4]
    1f0c:	01007670 	tsteq	r0, r0, ror r6
    1f10:	83180162 	tsthi	r8, #-2147483624	; 0x80000018
{
    1f14:	02000000 	andeq	r0, r0, #0
}
    1f18:	70126c91 	mulsvc	r2, r1, ip
    1f1c:	01006375 	tsteq	r0, r5, ror r3
{
    1f20:	a40f0164 	strge	r0, [pc], #-356	; 1f28 <pvPortCalloc+0x8>
    1f24:	02000000 	andeq	r0, r0, #0
    1f28:	b8107491 	ldmdalt	r0, {r0, r4, r7, sl, ip, sp, lr}
    void * pv = NULL;
    1f2c:	0100000f 	tsteq	r0, pc
    if( heapMULTIPLY_WILL_OVERFLOW( xNum, xSize ) == 0 )
    1f30:	b2130165 	andslt	r0, r3, #1073741849	; 0x40000019
    1f34:	02000001 	andeq	r0, r0, #1
    1f38:	16007091 			; <UNDEFINED> instruction: 0x16007091
    1f3c:	00000f99 	muleq	r0, r9, pc	; <UNPREDICTABLE>
    1f40:	8308ad01 	movwhi	sl, #36097	; 0x8d01
    1f44:	f0000000 			; <UNDEFINED> instruction: 0xf0000000
    1f48:	6400001c 	strvs	r0, [r0], #-28	; 0xffffffe4
    1f4c:	01000001 	tsteq	r0, r1
        pv = pvPortMalloc( xNum * xSize );
    1f50:	0f77179c 	svceq	0x0077179c
    1f54:	ad010000 	stcge	0, cr0, [r1, #-0]
    1f58:	0000251d 	andeq	r2, r0, sp, lsl r5
    1f5c:	5c910200 	lfmpl	f0, 4, [r1], {0}
        if( pv != NULL )
    1f60:	000ceb0c 	andeq	lr, ip, ip, lsl #22
            ( void ) memset( pv, 0, xNum * xSize );
    1f64:	13af0100 			; <UNDEFINED> instruction: 0x13af0100
    1f68:	000001b2 			; <UNDEFINED> instruction: 0x000001b2
    1f6c:	0c749102 	ldfeqp	f1, [r4], #-8
    1f70:	00000c94 	muleq	r0, r4, ip
    1f74:	b213b001 	andslt	fp, r3, #1
}
    1f78:	02000001 	andeq	r0, r0, #1
    1f7c:	c40c7091 	strgt	r7, [ip], #-145	; 0xffffff6f
{
    1f80:	0100000d 	tsteq	r0, sp
    1f84:	01b213b1 			; <UNDEFINED> instruction: 0x01b213b1
    size_t xTotalHeapSize = configTOTAL_HEAP_SIZE;
    1f88:	91020000 	mrsls	r0, (UNDEF: 2)
    uxStartAddress = ( portPOINTER_SIZE_TYPE ) ucHeap;
    1f8c:	0e000c60 	cdpeq	12, 0, cr0, cr0, cr0, {3}
    if( ( uxStartAddress & portBYTE_ALIGNMENT_MASK ) != 0 )
    1f90:	b2010000 	andlt	r0, r1, #0
    1f94:	0000830c 	andeq	r8, r0, ip, lsl #6
    1f98:	6c910200 	lfmvs	f0, 4, [r1], {0}
        uxStartAddress += ( portBYTE_ALIGNMENT - 1 );
    1f9c:	000de80c 	andeq	lr, sp, ip, lsl #16
        uxStartAddress &= ~( ( portPOINTER_SIZE_TYPE ) portBYTE_ALIGNMENT_MASK );
    1fa0:	0cb30100 	ldfeqs	f0, [r3]
    1fa4:	00000025 	andeq	r0, r0, r5, lsr #32
        xTotalHeapSize -= ( size_t ) ( uxStartAddress - ( portPOINTER_SIZE_TYPE ) ucHeap );
    1fa8:	0c649102 	stfeqp	f1, [r4], #-8
    1fac:	00000da3 	andeq	r0, r0, r3, lsr #27
    1fb0:	250cb401 	strcs	fp, [ip, #-1025]	; 0xfffffbff
    xStart.pxNextFreeBlock = ( void * ) heapPROTECT_BLOCK_POINTER( uxStartAddress );
    1fb4:	02000000 	andeq	r0, r0, #0
    1fb8:	00006891 	muleq	r0, r1, r8
    xStart.xBlockSize = ( size_t ) 0;
    1fbc:	00000303 	andeq	r0, r0, r3, lsl #6
    uxEndAddress = uxStartAddress + ( portPOINTER_SIZE_TYPE ) xTotalHeapSize;
    1fc0:	06c20004 	strbeq	r0, [r2], r4
    1fc4:	01040000 	mrseq	r0, (UNDEF: 4)
    uxEndAddress -= ( portPOINTER_SIZE_TYPE ) xHeapStructSize;
    1fc8:	000000dd 	ldrdeq	r0, [r0], -sp
    1fcc:	0010730c 	andseq	r7, r0, ip, lsl #6
    uxEndAddress &= ~( ( portPOINTER_SIZE_TYPE ) portBYTE_ALIGNMENT_MASK );
    1fd0:	00000700 	andeq	r0, r0, r0, lsl #14
    1fd4:	0021e000 	eoreq	lr, r1, r0
    pxEnd = ( BlockLink_t * ) uxEndAddress;
    1fd8:	00026000 	andeq	r6, r2, r0
    1fdc:	0010ed00 	andseq	lr, r0, r0, lsl #26
    pxEnd->xBlockSize = 0;
    1fe0:	05040200 	streq	r0, [r4, #-512]	; 0xfffffe00
    1fe4:	00746e69 	rsbseq	r6, r4, r9, ror #28
    pxEnd->pxNextFreeBlock = heapPROTECT_BLOCK_POINTER( NULL );
    1fe8:	66070403 	strvs	r0, [r7], -r3, lsl #8
    1fec:	03000000 	movweq	r0, #0
    pxFirstFreeBlock = ( BlockLink_t * ) uxStartAddress;
    1ff0:	00a30508 	adceq	r0, r3, r8, lsl #10
    pxFirstFreeBlock->xBlockSize = ( size_t ) ( uxEndAddress - ( portPOINTER_SIZE_TYPE ) pxFirstFreeBlock );
    1ff4:	08030000 	stmdaeq	r3, {}	; <UNPREDICTABLE>
    1ff8:	0000d104 	andeq	sp, r0, r4, lsl #2
    pxFirstFreeBlock->pxNextFreeBlock = heapPROTECT_BLOCK_POINTER( pxEnd );
    1ffc:	06010300 	streq	r0, [r1], -r0, lsl #6
    2000:	00000075 	andeq	r0, r0, r5, ror r0
    xMinimumEverFreeBytesRemaining = pxFirstFreeBlock->xBlockSize;
    2004:	be050203 	cdplt	2, 0, cr0, cr5, cr3, {0}
    2008:	03000000 	movweq	r0, #0
    xFreeBytesRemaining = pxFirstFreeBlock->xBlockSize;
    200c:	00a80504 	adceq	r0, r8, r4, lsl #10
    2010:	01030000 	mrseq	r0, (UNDEF: 3)
}
    2014:	00007308 	andeq	r7, r0, r8, lsl #6
    2018:	07020300 	streq	r0, [r2, -r0, lsl #6]
    201c:	00000089 	andeq	r0, r0, r9, lsl #1
    2020:	0000c804 	andeq	ip, r0, r4, lsl #16
    2024:	19340300 	ldmdbne	r4!, {r8, r9}
    2028:	00000075 	andeq	r0, r0, r5, ror r0
    202c:	00006405 	andeq	r6, r0, r5, lsl #8
    2030:	07040300 	streq	r0, [r4, -r0, lsl #6]
{
    2034:	00000061 	andeq	r0, r0, r1, rrx
    2038:	5c070803 	stcpl	8, cr0, [r7], {3}
    for( pxIterator = &xStart; heapPROTECT_BLOCK_POINTER( pxIterator->pxNextFreeBlock ) < pxBlockToInsert; pxIterator = heapPROTECT_BLOCK_POINTER( pxIterator->pxNextFreeBlock ) )
    203c:	04000000 	streq	r0, [r0], #-0
    2040:	0000075c 	andeq	r0, r0, ip, asr r7
    2044:	8f112404 	svchi	0x00112404
    2048:	06000000 	streq	r0, [r0], -r0
    204c:	00009504 	andeq	r9, r0, r4, lsl #10
    2050:	00a00700 	adceq	r0, r0, r0, lsl #14
    puc = ( uint8_t * ) pxIterator;
    2054:	a0080000 	andge	r0, r8, r0
    if( ( puc + pxIterator->xBlockSize ) == ( uint8_t * ) pxBlockToInsert )
    2058:	00000000 	andeq	r0, r0, r0
    205c:	4a040409 	bmi	103088 <_edata+0x100c2c>
    2060:	02000002 	andeq	r0, r0, #2
        pxIterator->xBlockSize += pxBlockToInsert->xBlockSize;
    2064:	00641a3a 	rsbeq	r1, r4, sl, lsr sl
    2068:	e0040000 	and	r0, r4, r0
    206c:	02000005 	andeq	r0, r0, #5
    2070:	004f1a3b 	subeq	r1, pc, fp, lsr sl	; <UNPREDICTABLE>
        pxBlockToInsert = pxIterator;
    2074:	df040000 	svcle	0x00040000
    puc = ( uint8_t * ) pxBlockToInsert;
    2078:	02000005 	andeq	r0, r0, #5
    if( ( puc + pxBlockToInsert->xBlockSize ) == ( uint8_t * ) heapPROTECT_BLOCK_POINTER( pxIterator->pxNextFreeBlock ) )
    207c:	00751a3c 	rsbseq	r1, r5, ip, lsr sl
    2080:	01030000 	mrseq	r0, (UNDEF: 3)
    2084:	00007c08 	andeq	r7, r0, r8, lsl #24
    2088:	a2040600 	andge	r0, r4, #0, 12
        if( heapPROTECT_BLOCK_POINTER( pxIterator->pxNextFreeBlock ) != pxEnd )
    208c:	04000000 	streq	r0, [r0], #-0
    2090:	000010b0 	strheq	r1, [r0], -r0
    2094:	e4122601 	ldr	r2, [r2], #-1537	; 0xfffff9ff
            pxBlockToInsert->xBlockSize += heapPROTECT_BLOCK_POINTER( pxIterator->pxNextFreeBlock )->xBlockSize;
    2098:	0a000000 	beq	20a0 <prvInsertBlockIntoFreeList+0x6c>
    209c:	000000d3 	ldrdeq	r0, [r0], -r3
    20a0:	00ea0406 	rsceq	r0, sl, r6, lsl #8
    20a4:	0c0b0000 	stceq	0, cr0, [fp], {-0}
            pxBlockToInsert->pxNextFreeBlock = heapPROTECT_BLOCK_POINTER( pxIterator->pxNextFreeBlock )->pxNextFreeBlock;
    20a8:	00001048 	andeq	r1, r0, r8, asr #32
    20ac:	ba148d01 	blt	5254b8 <_edata+0x52305c>
    20b0:	05000000 	streq	r0, [r0, #-0]
            pxBlockToInsert->pxNextFreeBlock = heapPROTECT_BLOCK_POINTER( pxEnd );
    20b4:	00245803 	eoreq	r5, r4, r3, lsl #16
    20b8:	105a0d00 	subsne	r0, sl, r0, lsl #26
        pxBlockToInsert->pxNextFreeBlock = pxIterator->pxNextFreeBlock;
    20bc:	e7010000 	str	r0, [r1, -r0]
    20c0:	240c2002 	strcs	r2, [ip], #-2
    if( pxIterator != pxBlockToInsert )
    20c4:	00340000 	eorseq	r0, r4, r0
    20c8:	9c010000 	stcls	0, cr0, [r1], {-0}
        pxIterator->pxNextFreeBlock = heapPROTECT_BLOCK_POINTER( pxBlockToInsert );
    20cc:	0010340e 	andseq	r3, r0, lr, lsl #8
    20d0:	01eb0100 	mvneq	r0, r0, lsl #2
}
    20d4:	0023c606 	eoreq	ip, r3, r6, lsl #12
    20d8:	00004600 	andeq	r4, r0, r0, lsl #12
    20dc:	609c0100 	addsvs	r0, ip, r0, lsl #2
    20e0:	0f000001 	svceq	0x00000001
{
    20e4:	000002f0 	strdeq	r0, [r0], -r0	; <UNPREDICTABLE>
    20e8:	000023cc 	andeq	r2, r0, ip, asr #7
    size_t xBlocks = 0, xMaxSize = 0, xMinSize = SIZE_MAX;
    20ec:	00000014 	andeq	r0, r0, r4, lsl r0
    20f0:	0501f101 	streq	pc, [r1, #-257]	; 0xfffffeff
    20f4:	00000145 	andeq	r0, r0, r5, asr #2
    20f8:	0002f910 	andeq	pc, r2, r0, lsl r9	; <UNPREDICTABLE>
    vTaskSuspendAll();
    20fc:	74910200 	ldrvc	r0, [r1], #512	; 0x200
        pxBlock = heapPROTECT_BLOCK_POINTER( xStart.pxNextFreeBlock );
    2100:	02d61100 	sbcseq	r1, r6, #0, 2
        if( pxBlock != NULL )
    2104:	23f60000 	mvnscs	r0, #0
    2108:	00080000 	andeq	r0, r8, r0
                xBlocks++;
    210c:	02010000 	andeq	r0, r1, #0
    2110:	e3120502 	tst	r2, #8388608	; 0x800000
                if( pxBlock->xBlockSize > xMaxSize )
    2114:	02000002 	andeq	r0, r0, #2
    2118:	00007091 	muleq	r0, r1, r0
                    xMaxSize = pxBlock->xBlockSize;
    211c:	000ff20d 	andeq	pc, pc, sp, lsl #4
    2120:	01c70100 	biceq	r0, r7, r0, lsl #2
                if( pxBlock->xBlockSize < xMinSize )
    2124:	00238006 	eoreq	r8, r3, r6
    2128:	00004600 	andeq	r4, r0, r0, lsl #12
                    xMinSize = pxBlock->xBlockSize;
    212c:	139c0100 	orrsne	r0, ip, #0, 2
    2130:	000010ca 	andeq	r1, r0, sl, asr #1
                pxBlock = heapPROTECT_BLOCK_POINTER( pxBlock->pxNextFreeBlock );
    2134:	0601bb01 	streq	fp, [r1], -r1, lsl #22
            while( pxBlock != pxEnd )
    2138:	0000234c 	andeq	r2, r0, ip, asr #6
    213c:	00000034 	andeq	r0, r0, r4, lsr r0
    2140:	01a59c01 			; <UNDEFINED> instruction: 0x01a59c01
    ( void ) xTaskResumeAll();
    2144:	d6110000 	ldrle	r0, [r1], -r0
    pxHeapStats->xSizeOfLargestFreeBlockInBytes = xMaxSize;
    2148:	68000002 	stmdavs	r0, {r1}
    pxHeapStats->xSizeOfSmallestFreeBlockInBytes = xMinSize;
    214c:	08000023 	stmdaeq	r0, {r0, r1, r5}
    2150:	01000000 	mrseq	r0, (UNDEF: 0)
    pxHeapStats->xNumberOfFreeBlocks = xBlocks;
    2154:	120901c2 	andne	r0, r9, #-2147483600	; 0x80000030
    taskENTER_CRITICAL();
    2158:	000002e3 	andeq	r0, r0, r3, ror #5
        pxHeapStats->xAvailableHeapSpaceInBytes = xFreeBytesRemaining;
    215c:	00749102 	rsbseq	r9, r4, r2, lsl #2
    2160:	0fc61300 	svceq	0x00c61300
        pxHeapStats->xNumberOfSuccessfulAllocations = xNumberOfSuccessfulAllocations;
    2164:	aa010000 	bge	4216c <_edata+0x3fd10>
    2168:	23180601 	tstcs	r8, #1048576	; 0x100000
        pxHeapStats->xNumberOfSuccessfulFrees = xNumberOfSuccessfulFrees;
    216c:	00340000 	eorseq	r0, r4, r0
    2170:	9c010000 	stcls	0, cr0, [r1], {-0}
        pxHeapStats->xMinimumEverFreeBytesRemaining = xMinimumEverFreeBytesRemaining;
    2174:	000001d7 	ldrdeq	r0, [r0], -r7
    2178:	0002f011 	andeq	pc, r2, r1, lsl r0	; <UNPREDICTABLE>
    taskEXIT_CRITICAL();
    217c:	00231e00 	eoreq	r1, r3, r0, lsl #28
}
    2180:	00001400 	andeq	r1, r0, r0, lsl #8
    2184:	01ac0100 			; <UNDEFINED> instruction: 0x01ac0100
    2188:	02f91005 	rscseq	r1, r9, #5
    218c:	91020000 	mrsls	r0, (UNDEF: 2)
    2190:	0d000074 	stceq	0, cr0, [r0, #-464]	; 0xfffffe30
    2194:	00000fe0 	andeq	r0, r0, r0, ror #31
    2198:	0601a201 	streq	sl, [r1], -r1, lsl #4
    219c:	0000230c 	andeq	r2, r0, ip, lsl #6
{
    21a0:	0000000c 	andeq	r0, r0, ip
    pxEnd = NULL;
    21a4:	f2149c01 			; <UNDEFINED> instruction: 0xf2149c01
    21a8:	01000010 	tsteq	r0, r0, lsl r0
    xFreeBytesRemaining = ( size_t ) 0U;
    21ac:	ae0c010c 	adfgee	f0, f4, #4.0
    xMinimumEverFreeBytesRemaining = ( size_t ) 0U;
    21b0:	b2000000 	andlt	r0, r0, #0
    21b4:	5a000022 	bpl	2244 <prvTaskExitError+0xc>
    xNumberOfSuccessfulAllocations = ( size_t ) 0U;
    21b8:	01000000 	mrseq	r0, (UNDEF: 0)
    xNumberOfSuccessfulFrees = ( size_t ) 0U;
    21bc:	0002209c 	muleq	r2, ip, r0
    21c0:	22b81500 	adcscs	r1, r8, #0, 10
}
    21c4:	00060000 	andeq	r0, r6, r0
    21c8:	a2160000 	andsge	r0, r6, #0
    21cc:	01000010 	tsteq	r0, r0, lsl r0
    21d0:	2621011c 			; <UNDEFINED> instruction: 0x2621011c
    21d4:	02000002 	andeq	r0, r0, #2
    21d8:	00007491 	muleq	r0, r1, r4
    21dc:	00df0406 	sbcseq	r0, pc, r6, lsl #8
{
    21e0:	200a0000 	andcs	r0, sl, r0
    21e4:	17000002 	strne	r0, [r0, -r2]
    21e8:	000010dc 	ldrdeq	r1, [r0], -ip
    pxTopOfStack--;                                                      /* Offset added to account for the way the MCU uses the stack on entry/exit of interrupts. */
    21ec:	920df701 	andls	pc, sp, #262144	; 0x40000
    21f0:	20000022 	andcs	r0, r0, r2, lsr #32
    *pxTopOfStack = portINITIAL_XPSR;                                    /* xPSR */
    21f4:	01000000 	mrseq	r0, (UNDEF: 0)
    21f8:	10ba189c 	umlalsne	r1, sl, ip, r8
    pxTopOfStack--;
    21fc:	e4010000 	str	r0, [r1], #-0
    *pxTopOfStack = ( ( StackType_t ) pxCode ) & portSTART_ADDRESS_MASK; /* PC */
    2200:	00226a06 	eoreq	r6, r2, r6, lsl #20
    2204:	00002800 	andeq	r2, r0, r0, lsl #16
    2208:	199c0100 	ldmibne	ip, {r8}
    pxTopOfStack--;
    220c:	00001005 	andeq	r1, r0, r5
    *pxTopOfStack = ( StackType_t ) portTASK_RETURN_ADDRESS;             /* LR */
    2210:	380dca01 	stmdacc	sp, {r0, r9, fp, lr, pc}
    2214:	32000022 	andcc	r0, r0, #34	; 0x22
    pxTopOfStack -= 5;                                                   /* R12, R3, R2 and R1. */
    2218:	01000000 	mrseq	r0, (UNDEF: 0)
    *pxTopOfStack = ( StackType_t ) pvParameters;                        /* R0 */
    221c:	00028e9c 	muleq	r2, ip, lr
    2220:	10160c00 	andsne	r0, r6, r0, lsl #24
    pxTopOfStack -= 8;                                                   /* R11, R10, R9, R8, R7, R6, R5 and R4. */
    2224:	cc010000 	stcgt	0, cr0, [r1], {-0}
    return pxTopOfStack;
    2228:	00007017 	andeq	r7, r0, r7, lsl r0
}
    222c:	70910200 	addsvc	r0, r1, r0, lsl #4
    2230:	0002f01a 	andeq	pc, r2, sl, lsl r0	; <UNPREDICTABLE>
    2234:	00224200 	eoreq	r4, r2, r0, lsl #4
{
    2238:	00001400 	andeq	r1, r0, r0, lsl #8
    223c:	05d50100 	ldrbeq	r0, [r5, #256]	; 0x100
    volatile uint32_t ulDummy = 0UL;
    2240:	0002f910 	andeq	pc, r2, r0, lsl r9	; <UNPREDICTABLE>
    __asm volatile
    2244:	74910200 	ldrvc	r0, [r1], #512	; 0x200
    2248:	1e1b0000 	cdpne	0, 1, cr0, cr11, cr0, {0}
    224c:	01000010 	tsteq	r0, r0, lsl r0
    2250:	00cd0fb6 	strheq	r0, [sp], #246	; 0xf6
}
    2254:	21e00000 	mvncs	r0, r0
    while( ulDummy == 0 )
    2258:	00580000 	subseq	r0, r8, r0
    225c:	9c010000 	stcls	0, cr0, [r1], {-0}
}
    2260:	000002d6 	ldrdeq	r0, [r0], -r6
    2264:	000b5e1c 	andeq	r5, fp, ip, lsl lr
    2268:	34b60100 	ldrtcc	r0, [r6], #256	; 0x100
    __asm volatile (
    226c:	000000cd 	andeq	r0, r0, sp, asr #1
    2270:	1c749102 	ldfnep	f1, [r4], #-8
    2274:	00000fd9 	ldrdeq	r0, [r0], -r9
    2278:	8335b701 	teqhi	r5, #262144	; 0x40000
    227c:	02000000 	andeq	r0, r0, #0
    2280:	b11c7091 			; <UNDEFINED> instruction: 0xb11c7091
    2284:	01000000 	mrseq	r0, (UNDEF: 0)
    2288:	00a02db8 	strhteq	r2, [r0], r8
    228c:	91020000 	mrsls	r0, (UNDEF: 2)
}
    2290:	3c1d006c 	ldccc	0, cr0, [sp], {108}	; 0x6c
    __asm volatile (
    2294:	02000003 	andeq	r0, r0, #3
    2298:	f0031ef8 			; <UNDEFINED> instruction: 0xf0031ef8
    229c:	1e000002 	cdpne	0, 0, cr0, cr0, cr2, {0}
    22a0:	0000080f 	andeq	r0, r0, pc, lsl #16
    22a4:	6438f802 	ldrtvs	pc, [r8], #-2050	; 0xfffff7fe	; <UNPREDICTABLE>
    22a8:	00000000 	andeq	r0, r0, r0
    22ac:	00098e1f 	andeq	r8, r9, pc, lsl lr
}
    22b0:	1ed40200 	cdpne	2, 13, cr0, cr4, cr0, {0}
{
    22b4:	05d22003 	ldrbeq	r2, [r2, #3]
        const portISR_t * const pxVectorTable = portSCB_VTOR_REG;
    22b8:	d6020000 	strle	r0, [r2], -r0
    22bc:	0000640e 	andeq	r6, r0, lr, lsl #8
    portNVIC_SHPR3_REG |= portNVIC_PENDSV_PRI;
    22c0:	Address 0x00000000000022c0 is out of bounds.


Disassembly of section .debug_abbrev:

00000000 <.debug_abbrev>:
   0:	10001101 	andne	r1, r0, r1, lsl #2
   4:	12011106 	andne	r1, r1, #-2147483647	; 0x80000001
   8:	1b0e0301 	blne	380c14 <_edata+0x37e7b8>
   c:	130e250e 	movwne	r2, #58638	; 0xe50e
  10:	00000005 	andeq	r0, r0, r5
  14:	25011101 	strcs	r1, [r1, #-257]	; 0xfffffeff
  18:	030b130e 	movweq	r1, #45838	; 0xb30e
  1c:	110e1b0e 	tstne	lr, lr, lsl #22
  20:	10061201 	andne	r1, r6, r1, lsl #4
  24:	02000017 	andeq	r0, r0, #23
  28:	0b0b0024 	bleq	2c00c0 <_edata+0x2bdc64>
  2c:	08030b3e 	stmdaeq	r3, {r1, r2, r3, r4, r5, r8, r9, fp}
  30:	35030000 	strcc	r0, [r3, #-0]
  34:	00134900 	andseq	r4, r3, r0, lsl #18
  38:	00240400 	eoreq	r0, r4, r0, lsl #8
  3c:	0b3e0b0b 	bleq	f82c70 <_edata+0xf80814>
  40:	00000e03 	andeq	r0, r0, r3, lsl #28
  44:	03001605 	movweq	r1, #1541	; 0x605
  48:	3b0b3a0e 	blcc	2ce888 <_edata+0x2cc42c>
  4c:	490b390b 	stmdbmi	fp, {r0, r1, r3, r8, fp, ip, sp}
  50:	06000013 			; <UNDEFINED> instruction: 0x06000013
  54:	0b0b000f 	bleq	2c0098 <_edata+0x2bdc3c>
  58:	34070000 	strcc	r0, [r7], #-0
  5c:	3a0e0300 	bcc	380c64 <_edata+0x37e808>
  60:	390b3b0b 	stmdbcc	fp, {r0, r1, r3, r8, r9, fp, ip, sp}
  64:	3f13490b 	svccc	0x0013490b
  68:	00193c19 	andseq	r3, r9, r9, lsl ip
  6c:	012e0800 			; <UNDEFINED> instruction: 0x012e0800
  70:	0e03193f 			; <UNDEFINED> instruction: 0x0e03193f
  74:	0b3b0b3a 	bleq	ec2d64 <_edata+0xec0908>
  78:	01110b39 	tsteq	r1, r9, lsr fp
  7c:	18400612 	stmdane	r0, {r1, r4, r9, sl}^
  80:	01194296 			; <UNDEFINED> instruction: 0x01194296
  84:	09000013 	stmdbeq	r0, {r0, r1, r4}
  88:	0e030034 	mcreq	0, 0, r0, cr3, cr4, {1}
  8c:	0b3b0b3a 	bleq	ec2d7c <_edata+0xec0920>
  90:	13490b39 	movtne	r0, #39737	; 0x9b39
  94:	00001802 	andeq	r1, r0, r2, lsl #16
  98:	0300340a 	movweq	r3, #1034	; 0x40a
  9c:	3b0b3a08 	blcc	2ce8c4 <_edata+0x2cc468>
  a0:	490b390b 	stmdbmi	fp, {r0, r1, r3, r8, fp, ip, sp}
  a4:	00180213 	andseq	r0, r8, r3, lsl r2
  a8:	000f0b00 	andeq	r0, pc, r0, lsl #22
  ac:	13490b0b 	movtne	r0, #39691	; 0x9b0b
  b0:	2e0c0000 	cdpcs	0, 0, cr0, cr12, cr0, {0}
  b4:	3a0e0301 	bcc	380cc0 <_edata+0x37e864>
  b8:	390b3b0b 	stmdbcc	fp, {r0, r1, r3, r8, r9, fp, ip, sp}
  bc:	1119270b 	tstne	r9, fp, lsl #14
  c0:	40061201 	andmi	r1, r6, r1, lsl #4
  c4:	19429718 	stmdbne	r2, {r3, r4, r8, r9, sl, ip, pc}^
  c8:	00001301 	andeq	r1, r0, r1, lsl #6
  cc:	0300050d 	movweq	r0, #1293	; 0x50d
  d0:	3b0b3a0e 	blcc	2ce910 <_edata+0x2cc4b4>
  d4:	490b390b 	stmdbmi	fp, {r0, r1, r3, r8, fp, ip, sp}
  d8:	00180213 	andseq	r0, r8, r3, lsl r2
  dc:	012e0e00 			; <UNDEFINED> instruction: 0x012e0e00
  e0:	0b3a0e03 	bleq	e838f4 <_edata+0xe81498>
  e4:	0b390b3b 	bleq	e42dd8 <_edata+0xe4097c>
  e8:	01111927 	tsteq	r1, r7, lsr #18
  ec:	18400612 	stmdane	r0, {r1, r4, r9, sl}^
  f0:	00194297 	mulseq	r9, r7, r2
  f4:	11010000 	mrsne	r0, (UNDEF: 1)
  f8:	130e2501 	movwne	r2, #58625	; 0xe501
  fc:	1b0e030b 	blne	380d30 <_edata+0x37e8d4>
 100:	1201110e 	andne	r1, r1, #-2147483645	; 0x80000003
 104:	00171006 	andseq	r1, r7, r6
 108:	012e0200 			; <UNDEFINED> instruction: 0x012e0200
 10c:	0e03193f 			; <UNDEFINED> instruction: 0x0e03193f
 110:	0b3b0b3a 	bleq	ec2e00 <_edata+0xec09a4>
 114:	19270b39 	stmdbne	r7!, {r0, r3, r4, r5, r8, r9, fp}
 118:	01111349 	tsteq	r1, r9, asr #6
 11c:	18400612 	stmdane	r0, {r1, r4, r9, sl}^
 120:	01194297 			; <UNDEFINED> instruction: 0x01194297
 124:	03000013 	movweq	r0, #19
 128:	0e030005 	cdpeq	0, 0, cr0, cr3, cr5, {0}
 12c:	0b3b0b3a 	bleq	ec2e1c <_edata+0xec09c0>
 130:	13490b39 	movtne	r0, #39737	; 0x9b39
 134:	00001802 	andeq	r1, r0, r2, lsl #16
 138:	03003404 	movweq	r3, #1028	; 0x404
 13c:	3b0b3a08 	blcc	2ce964 <_edata+0x2cc508>
 140:	490b390b 	stmdbmi	fp, {r0, r1, r3, r8, fp, ip, sp}
 144:	00180213 	andseq	r0, r8, r3, lsl r2
 148:	00340500 	eorseq	r0, r4, r0, lsl #10
 14c:	0b3a0e03 	bleq	e83960 <_edata+0xe81504>
 150:	0b390b3b 	bleq	e42e44 <_edata+0xe409e8>
 154:	18021349 	stmdane	r2, {r0, r3, r6, r8, r9, ip}
 158:	0f060000 	svceq	0x00060000
 15c:	000b0b00 	andeq	r0, fp, r0, lsl #22
 160:	00240700 	eoreq	r0, r4, r0, lsl #14
 164:	0b3e0b0b 	bleq	f82d98 <_edata+0xf8093c>
 168:	00000803 	andeq	r0, r0, r3, lsl #16
 16c:	0b002408 	bleq	9194 <_edata+0x6d38>
 170:	030b3e0b 	movweq	r3, #48651	; 0xbe0b
 174:	0900000e 	stmdbeq	r0, {r1, r2, r3}
 178:	0b0b000f 	bleq	2c01bc <_edata+0x2bdd60>
 17c:	00001349 	andeq	r1, r0, r9, asr #6
 180:	01110100 	tsteq	r1, r0, lsl #2
 184:	0b130e25 	bleq	4c3a20 <_edata+0x4c15c4>
 188:	0e1b0e03 	cdpeq	14, 1, cr0, cr11, cr3, {0}
 18c:	06120111 			; <UNDEFINED> instruction: 0x06120111
 190:	00001710 	andeq	r1, r0, r0, lsl r7
 194:	03001602 	movweq	r1, #1538	; 0x602
 198:	3b0b3a0e 	blcc	2ce9d8 <_edata+0x2cc57c>
static void vTask1(void *pvParameters){
 19c:	490b390b 	stmdbmi	fp, {r0, r1, r3, r8, fp, ip, sp}
 1a0:	03000013 	movweq	r0, #19
    volatile int a = 0;
 1a4:	0b0b0024 	bleq	2c023c <_edata+0x2bdde0>
        a++;
 1a8:	0e030b3e 	vmoveq.16	d3[0], r0
 1ac:	24040000 	strcs	r0, [r4], #-0
static void vTask2(void *pvParameters){
 1b0:	3e0b0b00 	vmlacc.f64	d0, d11, d0
 1b4:	0008030b 	andeq	r0, r8, fp, lsl #6
    volatile int b = 0;
 1b8:	000f0500 	andeq	r0, pc, r0, lsl #10
        b++;
 1bc:	00000b0b 	andeq	r0, r0, fp, lsl #22
 1c0:	49002606 	stmdbmi	r0, {r1, r2, r9, sl, sp}
void start(){
 1c4:	07000013 	smladeq	r0, r3, r0, r0
 1c8:	0b0b000f 	bleq	2c020c <_edata+0x2bddb0>
    uint32_t *src = &_sidata;  //From flash
 1cc:	00001349 	andeq	r1, r0, r9, asr #6
    uint32_t *dst = &_sdata;   //To RAM
 1d0:	49003508 	stmdbmi	r0, {r3, r8, sl, ip, sp}
        *dst++ = *src++;    //copy word and increament pointers
 1d4:	09000013 	stmdbeq	r0, {r0, r1, r4}
 1d8:	19270115 	stmdbne	r7!, {r0, r2, r4, r8}
 1dc:	00001301 	andeq	r1, r0, r1, lsl #6
 1e0:	4900050a 	stmdbmi	r0, {r1, r3, r8, sl}
    while(dst < &_edata){
 1e4:	0b000013 	bleq	238 <start+0x74>
 1e8:	0e030113 	mcreq	1, 0, r0, cr3, cr3, {0}
    dst = &_sbss;
 1ec:	0b3a0b0b 	bleq	e82e20 <_edata+0xe809c4>
    while(dst < &_ebss){
 1f0:	0b390b3b 	bleq	e42ee4 <_edata+0xe40a88>
        *dst++ = 0;  //zero word and increament pointer
 1f4:	00001301 	andeq	r1, r0, r1, lsl #6
 1f8:	03000d0c 	movweq	r0, #3340	; 0xd0c
    while(dst < &_ebss){
 1fc:	3b0b3a0e 	blcc	2cea3c <_edata+0x2cc5e0>
 200:	490b390b 	stmdbmi	fp, {r0, r1, r3, r8, fp, ip, sp}
    xReturn = xTaskCreate(vTask1, "T1", configMINIMAL_STACK_SIZE, NULL, 1, NULL);
 204:	000b3813 	andeq	r3, fp, r3, lsl r8
 208:	01130d00 	tsteq	r3, r0, lsl #26
 20c:	0b0b0e03 	bleq	2c3a20 <_edata+0x2c15c4>
 210:	053b0b3a 	ldreq	r0, [fp, #-2874]!	; 0xfffff4c6
 214:	13010b39 	movwne	r0, #6969	; 0x1b39
 218:	0d0e0000 	stceq	0, cr0, [lr, #-0]
    xReturn = xTaskCreate(vTask2, "T2", configMINIMAL_STACK_SIZE, NULL, 1, NULL);
 21c:	3a0e0300 	bcc	380e24 <_edata+0x37e9c8>
 220:	39053b0b 	stmdbcc	r5, {r0, r1, r3, r8, r9, fp, ip, sp}
 224:	3813490b 	ldmdacc	r3, {r0, r1, r3, r8, fp, lr}
 228:	0f00000b 	svceq	0x0000000b
 22c:	0b3e0104 	bleq	f80644 <_edata+0xf7e1e8>
 230:	13490b0b 	movtne	r0, #39691	; 0x9b0b
    vTaskStartScheduler();
 234:	0b3b0b3a 	bleq	ec2f24 <_edata+0xec0ac8>
    return;
 238:	13010b39 	movwne	r0, #6969	; 0x1b39
 23c:	28100000 	ldmdacs	r0, {}	; <UNPREDICTABLE>
 240:	1c0e0300 	stcne	3, cr0, [lr], {-0}
 244:	1100000b 	tstne	r0, fp
 248:	13490101 	movtne	r0, #37121	; 0x9101
 24c:	00001301 	andeq	r1, r0, r1, lsl #6
 250:	49002112 	stmdbmi	r0, {r1, r4, r8, sp}
 254:	000b2f13 	andeq	r2, fp, r3, lsl pc
 258:	00161300 	andseq	r1, r6, r0, lsl #6
 25c:	0b3a0e03 	bleq	e83a70 <_edata+0xe81614>
 260:	0b39053b 	bleq	e41754 <_edata+0xe3f2f8>
void* memset(void* dest, int value, unsigned int size){
 264:	00001349 	andeq	r1, r0, r9, asr #6
 268:	03003414 	movweq	r3, #1044	; 0x414
 26c:	3b0b3a0e 	blcc	2ceaac <_edata+0x2cc650>
    unsigned char* ptr = (unsigned char*)dest;
 270:	490b3905 	stmdbmi	fp, {r0, r2, r8, fp, ip, sp}
    unsigned char byte_value = (unsigned char) value;
 274:	02193f13 	andseq	r3, r9, #19, 30	; 0x4c
    while(size > 0){
 278:	15000018 	strne	r0, [r0, #-24]	; 0xffffffe8
        *ptr = byte_value;
 27c:	0e030034 	mcreq	0, 0, r0, cr3, cr4, {1}
        ptr++;
 280:	053b0b3a 	ldreq	r0, [fp, #-2874]!	; 0xfffff4c6
 284:	13490b39 	movtne	r0, #39737	; 0x9b39
        size--;
 288:	00001802 	andeq	r1, r0, r2, lsl #16
    while(size > 0){
 28c:	3f012e16 	svccc	0x00012e16
 290:	3a0e0319 	bcc	380efc <_edata+0x37eaa0>
 294:	39053b0b 	stmdbcc	r5, {r0, r1, r3, r8, r9, fp, ip, sp}
 298:	1119270b 	tstne	r9, fp, lsl #14
 29c:	40061201 	andmi	r1, r6, r1, lsl #4
    {
 2a0:	19429718 	stmdbne	r2, {r3, r4, r8, r9, sl, ip, pc}^
 2a4:	00001301 	andeq	r1, r0, r1, lsl #6
 2a8:	03012e17 	movweq	r2, #7703	; 0x1e17
 2ac:	3b0b3a0e 	blcc	2ceaec <_edata+0x2cc690>
            pxStack = ( StackType_t * ) pvPortMallocStack( ( ( ( size_t ) uxStackDepth ) * sizeof( StackType_t ) ) );
 2b0:	270b3905 	strcs	r3, [fp, -r5, lsl #18]
 2b4:	12011119 	andne	r1, r1, #1073741830	; 0x40000006
 2b8:	96184006 	ldrls	r4, [r8], -r6
            if( pxStack != NULL )
 2bc:	13011942 	movwne	r1, #6466	; 0x1942
                pxNewTCB = ( TCB_t * ) pvPortMalloc( sizeof( TCB_t ) );
 2c0:	05180000 	ldreq	r0, [r8, #-0]
 2c4:	3a0e0300 	bcc	380ecc <_edata+0x37ea70>
                if( pxNewTCB != NULL )
 2c8:	39053b0b 	stmdbcc	r5, {r0, r1, r3, r8, r9, fp, ip, sp}
 2cc:	0213490b 	andseq	r4, r3, #180224	; 0x2c000
                    ( void ) memset( ( void * ) pxNewTCB, 0x00, sizeof( TCB_t ) );
 2d0:	19000018 	stmdbne	r0, {r3, r4}
 2d4:	193f012e 	ldmdbne	pc!, {r1, r2, r3, r5, r8}	; <UNPREDICTABLE>
                    pxNewTCB->pxStack = pxStack;
 2d8:	0b3a0e03 	bleq	e83aec <_edata+0xe81690>
 2dc:	0b39053b 	bleq	e417d0 <_edata+0xe3f374>
                    vPortFreeStack( pxStack );
 2e0:	13491927 	movtne	r1, #39207	; 0x9927
 2e4:	06120111 			; <UNDEFINED> instruction: 0x06120111
                pxNewTCB = NULL;
 2e8:	42961840 	addsmi	r1, r6, #64, 16	; 0x400000
        if( pxNewTCB != NULL )
 2ec:	00130119 	andseq	r0, r3, r9, lsl r1
 2f0:	010b1a00 	tsteq	fp, r0, lsl #20
            prvInitialiseNewTask( pxTaskCode, pcName, uxStackDepth, pvParameters, uxPriority, pxCreatedTask, pxNewTCB, NULL );
 2f4:	06120111 			; <UNDEFINED> instruction: 0x06120111
 2f8:	00001301 	andeq	r1, r0, r1, lsl #6
 2fc:	31011d1b 	tstcc	r1, fp, lsl sp
 300:	12011113 	andne	r1, r1, #-1073741820	; 0xc0000004
 304:	590b5806 	stmdbpl	fp, {r1, r2, fp, ip, lr}
 308:	010b5705 	tsteq	fp, r5, lsl #14
 30c:	1c000013 	stcne	0, cr0, [r0], {19}
    }
 310:	13310034 	teqne	r1, #52	; 0x34
 314:	00001802 	andeq	r1, r0, r2, lsl #16
    {
 318:	31011d1d 	tstcc	r1, sp, lsl sp
 31c:	12011113 	andne	r1, r1, #-1073741820	; 0xc0000004
 320:	590b5806 	stmdbpl	fp, {r1, r2, fp, ip, lr}
 324:	000b5705 	andeq	r5, fp, r5, lsl #14
        pxNewTCB = prvCreateTask( pxTaskCode, pcName, uxStackDepth, pvParameters, uxPriority, pxCreatedTask );
 328:	00051e00 	andeq	r1, r5, r0, lsl #28
 32c:	18021331 	stmdane	r2, {r0, r4, r5, r8, r9, ip}
 330:	2e1f0000 	cdpcs	0, 1, cr0, cr15, cr0, {0}
 334:	03193f01 	tsteq	r9, #1, 30
 338:	3b0b3a0e 	blcc	2ceb78 <_edata+0x2cc71c>
        if( pxNewTCB != NULL )
 33c:	270b3905 	strcs	r3, [fp, -r5, lsl #18]
 340:	11134919 	tstne	r3, r9, lsl r9
            prvAddNewTaskToReadyList( pxNewTCB );
 344:	40061201 	andmi	r1, r6, r1, lsl #4
            xReturn = pdPASS;
 348:	19429718 	stmdbne	r2, {r3, r4, r8, r9, sl, ip, pc}^
 34c:	00001301 	andeq	r1, r0, r1, lsl #6
            xReturn = errCOULD_NOT_ALLOCATE_REQUIRED_MEMORY;
 350:	11010b20 	tstne	r1, r0, lsr #22
        return xReturn;
 354:	00061201 	andeq	r1, r6, r1, lsl #4
    }
 358:	002e2100 	eoreq	r2, lr, r0, lsl #2
 35c:	0b3a0e03 	bleq	e83b70 <_edata+0xe81714>
{
 360:	0b39053b 	bleq	e41854 <_edata+0xe3f3f8>
 364:	01111927 	tsteq	r1, r7, lsr #18
 368:	18400612 	stmdane	r0, {r1, r4, r9, sl}^
        pxTopOfStack = &( pxNewTCB->pxStack[ uxStackDepth - ( configSTACK_DEPTH_TYPE ) 1 ] );
 36c:	00194297 	mulseq	r9, r7, r2
 370:	002e2200 	eoreq	r2, lr, r0, lsl #4
 374:	0e03193f 			; <UNDEFINED> instruction: 0x0e03193f
 378:	053b0b3a 	ldreq	r0, [fp, #-2874]!	; 0xfffff4c6
 37c:	19270b39 	stmdbne	r7!, {r0, r3, r4, r5, r8, r9, fp}
        pxTopOfStack = ( StackType_t * ) ( ( ( portPOINTER_SIZE_TYPE ) pxTopOfStack ) & ( ~( ( portPOINTER_SIZE_TYPE ) portBYTE_ALIGNMENT_MASK ) ) );
 380:	06120111 			; <UNDEFINED> instruction: 0x06120111
 384:	42971840 	addsmi	r1, r7, #64, 16	; 0x400000
    if( pcName != NULL )
 388:	23000019 	movwcs	r0, #25
        for( x = ( UBaseType_t ) 0; x < ( UBaseType_t ) configMAX_TASK_NAME_LEN; x++ )
 38c:	193f012e 	ldmdbne	pc!, {r1, r2, r3, r5, r8}	; <UNPREDICTABLE>
 390:	0b3a0e03 	bleq	e83ba4 <_edata+0xe81748>
            pxNewTCB->pcTaskName[ x ] = pcName[ x ];
 394:	0b39053b 	bleq	e41888 <_edata+0xe3f42c>
 398:	01111927 	tsteq	r1, r7, lsr #18
 39c:	18400612 	stmdane	r0, {r1, r4, r9, sl}^
 3a0:	01194296 			; <UNDEFINED> instruction: 0x01194296
 3a4:	24000013 	strcs	r0, [r0], #-19	; 0xffffffed
            if( pcName[ x ] == ( char ) 0x00 )
 3a8:	193f002e 	ldmdbne	pc!, {r1, r2, r3, r5}	; <UNPREDICTABLE>
 3ac:	0b3a0e03 	bleq	e83bc0 <_edata+0xe81764>
 3b0:	0b39053b 	bleq	e418a4 <_edata+0xe3f448>
        for( x = ( UBaseType_t ) 0; x < ( UBaseType_t ) configMAX_TASK_NAME_LEN; x++ )
 3b4:	13491927 	movtne	r1, #39207	; 0x9927
 3b8:	06120111 			; <UNDEFINED> instruction: 0x06120111
 3bc:	42971840 	addsmi	r1, r7, #64, 16	; 0x400000
                break;
 3c0:	25000019 	strcs	r0, [r0, #-25]	; 0xffffffe7
        pxNewTCB->pcTaskName[ configMAX_TASK_NAME_LEN - 1U ] = '\0';
 3c4:	0e03012e 	adfeqsp	f0, f3, #0.5
 3c8:	053b0b3a 	ldreq	r0, [fp, #-2874]!	; 0xfffff4c6
    if( uxPriority >= ( UBaseType_t ) configMAX_PRIORITIES )
 3cc:	19270b39 	stmdbne	r7!, {r0, r3, r4, r5, r8, r9, fp}
        uxPriority = ( UBaseType_t ) configMAX_PRIORITIES - ( UBaseType_t ) 1U;
 3d0:	01111349 	tsteq	r1, r9, asr #6
    pxNewTCB->uxPriority = uxPriority;
 3d4:	18400612 	stmdane	r0, {r1, r4, r9, sl}^
 3d8:	01194296 			; <UNDEFINED> instruction: 0x01194296
    vListInitialiseItem( &( pxNewTCB->xStateListItem ) );
 3dc:	26000013 			; <UNDEFINED> instruction: 0x26000013
 3e0:	08030034 	stmdaeq	r3, {r2, r4, r5}
    vListInitialiseItem( &( pxNewTCB->xEventListItem ) );
 3e4:	053b0b3a 	ldreq	r0, [fp, #-2874]!	; 0xfffff4c6
 3e8:	13490b39 	movtne	r0, #39737	; 0x9b39
 3ec:	00001802 	andeq	r1, r0, r2, lsl #16
    listSET_LIST_ITEM_OWNER( &( pxNewTCB->xStateListItem ), pxNewTCB );
 3f0:	03012e27 	movweq	r2, #7719	; 0x1e27
    listSET_LIST_ITEM_VALUE( &( pxNewTCB->xEventListItem ), ( TickType_t ) configMAX_PRIORITIES - ( TickType_t ) uxPriority );
 3f4:	3b0b3a0e 	blcc	2cec34 <_edata+0x2cc7d8>
 3f8:	270b390b 	strcs	r3, [fp, -fp, lsl #18]
 3fc:	010b2019 	tsteq	fp, r9, lsl r0
    listSET_LIST_ITEM_OWNER( &( pxNewTCB->xEventListItem ), pxNewTCB );
 400:	28000013 	stmdacs	r0, {r0, r1, r4}
            pxNewTCB->pxTopOfStack = pxPortInitialiseStack( pxTopOfStack, pxTaskCode, pvParameters );
 404:	0e030005 	cdpeq	0, 0, cr0, cr3, cr5, {0}
 408:	0b3b0b3a 	bleq	ec30f8 <_edata+0xec0c9c>
 40c:	13490b39 	movtne	r0, #39737	; 0x9b39
 410:	2e290000 	cdpcs	0, 2, cr0, cr9, cr0, {0}
    if( pxCreatedTask != NULL )
 414:	3a0e0301 	bcc	381020 <_edata+0x37ebc4>
 418:	390b3b0b 	stmdbcc	fp, {r0, r1, r3, r8, r9, fp, ip, sp}
        *pxCreatedTask = ( TaskHandle_t ) pxNewTCB;
 41c:	4919270b 	ldmdbmi	r9, {r0, r1, r3, r8, r9, sl, sp}
}
 420:	010b2013 	tsteq	fp, r3, lsl r0
 424:	2a000013 	bcs	478 <prvAddNewTaskToReadyList+0x50>
    {
 428:	0e030034 	mcreq	0, 0, r0, cr3, cr4, {1}
 42c:	0b3b0b3a 	bleq	ec311c <_edata+0xec0cc0>
        taskENTER_CRITICAL();
 430:	13490b39 	movtne	r0, #39737	; 0x9b39
            uxCurrentNumberOfTasks = ( UBaseType_t ) ( uxCurrentNumberOfTasks + 1U );
 434:	2e2b0000 	cdpcs	0, 2, cr0, cr11, cr0, {0}
 438:	3a0e0301 	bcc	381044 <_edata+0x37ebe8>
 43c:	390b3b0b 	stmdbcc	fp, {r0, r1, r3, r8, r9, fp, ip, sp}
            if( pxCurrentTCB == NULL )
 440:	4919270b 	ldmdbmi	r9, {r0, r1, r3, r8, r9, sl, sp}
 444:	000b2013 	andeq	r2, fp, r3, lsl r0
                pxCurrentTCB = pxNewTCB;
 448:	11010000 	mrsne	r0, (UNDEF: 1)
                if( uxCurrentNumberOfTasks == ( UBaseType_t ) 1 )
 44c:	130e2501 	movwne	r2, #58625	; 0xe501
 450:	1b0e030b 	blne	381084 <_edata+0x37ec28>
                    prvInitialiseTaskLists();
 454:	1201110e 	andne	r1, r1, #-2147483645	; 0x80000003
 458:	00171006 	andseq	r1, r7, r6
                if( xSchedulerRunning == pdFALSE )
 45c:	00240200 	eoreq	r0, r4, r0, lsl #4
 460:	0b3e0b0b 	bleq	f83094 <_edata+0xf80c38>
                    if( pxCurrentTCB->uxPriority <= pxNewTCB->uxPriority )
 464:	00000e03 	andeq	r0, r0, r3, lsl #28
 468:	0b002403 	bleq	947c <_edata+0x7020>
 46c:	030b3e0b 	movweq	r3, #48651	; 0xbe0b
                        pxCurrentTCB = pxNewTCB;
 470:	04000008 	streq	r0, [r0], #-8
 474:	0b0b000f 	bleq	2c04b8 <_edata+0x2be05c>
            uxTaskNumber++;
 478:	16050000 	strne	r0, [r5], -r0
 47c:	3a0e0300 	bcc	381084 <_edata+0x37ec28>
            prvAddTaskToReadyList( pxNewTCB );
 480:	390b3b0b 	stmdbcc	fp, {r0, r1, r3, r8, r9, fp, ip, sp}
 484:	0013490b 	andseq	r4, r3, fp, lsl #18
 488:	00260600 	eoreq	r0, r6, r0, lsl #12
 48c:	00001349 	andeq	r1, r0, r9, asr #6
 490:	03011307 	movweq	r1, #4871	; 0x1307
 494:	3a0b0b0e 	bcc	2c30d4 <_edata+0x2c0c78>
 498:	390b3b0b 	stmdbcc	fp, {r0, r1, r3, r8, r9, fp, ip, sp}
 49c:	0013010b 	andseq	r0, r3, fp, lsl #2
 4a0:	000d0800 	andeq	r0, sp, r0, lsl #16
 4a4:	0b3a0e03 	bleq	e83cb8 <_edata+0xe8185c>
 4a8:	0b390b3b 	bleq	e4319c <_edata+0xe40d40>
 4ac:	0b381349 	bleq	e051d8 <_edata+0xe02d7c>
 4b0:	0f090000 	svceq	0x00090000
 4b4:	490b0b00 	stmdbmi	fp, {r8, r9, fp}
 4b8:	0a000013 	beq	50c <prvAddNewTaskToReadyList+0xe4>
 4bc:	193f012e 	ldmdbne	pc!, {r1, r2, r3, r5, r8}	; <UNPREDICTABLE>
 4c0:	0b3a0e03 	bleq	e83cd4 <_edata+0xe81878>
 4c4:	0b390b3b 	bleq	e431b8 <_edata+0xe40d5c>
 4c8:	13491927 	movtne	r1, #39207	; 0x9927
 4cc:	06120111 			; <UNDEFINED> instruction: 0x06120111
 4d0:	42971840 	addsmi	r1, r7, #64, 16	; 0x400000
 4d4:	00130119 	andseq	r0, r3, r9, lsl r1
 4d8:	00050b00 	andeq	r0, r5, r0, lsl #22
 4dc:	0b3a0e03 	bleq	e83cf0 <_edata+0xe81894>
 4e0:	0b390b3b 	bleq	e431d4 <_edata+0xe40d78>
 4e4:	18021349 	stmdane	r2, {r0, r3, r6, r8, r9, ip}
 4e8:	340c0000 	strcc	r0, [ip], #-0
 4ec:	3a0e0300 	bcc	3810f4 <_edata+0x37ec98>
 4f0:	390b3b0b 	stmdbcc	fp, {r0, r1, r3, r8, r9, fp, ip, sp}
 4f4:	0213490b 	andseq	r4, r3, #180224	; 0x2c000
 4f8:	0d000018 	stceq	0, cr0, [r0, #-96]	; 0xffffffa0
 4fc:	193f012e 	ldmdbne	pc!, {r1, r2, r3, r5, r8}	; <UNPREDICTABLE>
 500:	0b3a0e03 	bleq	e83d14 <_edata+0xe818b8>
        taskEXIT_CRITICAL();
 504:	0b390b3b 	bleq	e431f8 <_edata+0xe40d9c>
        if( xSchedulerRunning != pdFALSE )
 508:	01111927 	tsteq	r1, r7, lsr #18
 50c:	18400612 	stmdane	r0, {r1, r4, r9, sl}^
            taskYIELD_ANY_CORE_IF_USING_PREEMPTION( pxNewTCB );
 510:	01194297 			; <UNDEFINED> instruction: 0x01194297
 514:	0e000013 	mcreq	0, 0, r0, cr0, cr3, {0}
 518:	193f012e 	ldmdbne	pc!, {r1, r2, r3, r5, r8}	; <UNPREDICTABLE>
 51c:	0b3a0e03 	bleq	e83d30 <_edata+0xe818d4>
 520:	0b390b3b 	bleq	e43214 <_edata+0xe40db8>
 524:	01111927 	tsteq	r1, r7, lsr #18
 528:	18400612 	stmdane	r0, {r1, r4, r9, sl}^
    }
 52c:	00194297 	mulseq	r9, r7, r2
 530:	11010000 	mrsne	r0, (UNDEF: 1)
 534:	130e2501 	movwne	r2, #58625	; 0xe501
 538:	1b0e030b 	blne	38116c <_edata+0x37ed10>
 53c:	1201110e 	andne	r1, r1, #-2147483645	; 0x80000003
 540:	00171006 	andseq	r1, r7, r6
 544:	00160200 	andseq	r0, r6, r0, lsl #4
 548:	0b3a0e03 	bleq	e83d5c <_edata+0xe81900>
 54c:	0b390b3b 	bleq	e43240 <_edata+0xe40de4>
{
 550:	00001349 	andeq	r1, r0, r9, asr #6
 554:	49002603 	stmdbmi	r0, {r0, r1, r9, sl, sp}
    BaseType_t xReturn = pdPASS;
 558:	04000013 	streq	r0, [r0], #-19	; 0xffffffed
    char cIdleName[ configMAX_TASK_NAME_LEN ] = { 0 };
 55c:	0b0b0024 	bleq	2c05f4 <_edata+0x2be198>
 560:	0e030b3e 	vmoveq.16	d3[0], r0
 564:	24050000 	strcs	r0, [r5], #-0
    TaskFunction_t pxIdleTaskFunction = NULL;
 568:	3e0b0b00 	vmlacc.f64	d0, d11, d0
    for( xIdleTaskNameIndex = 0U; xIdleTaskNameIndex < ( configMAX_TASK_NAME_LEN - taskRESERVED_TASK_NAME_LENGTH ); xIdleTaskNameIndex++ )
 56c:	0008030b 	andeq	r0, r8, fp, lsl #6
 570:	000f0600 	andeq	r0, pc, r0, lsl #12
        cIdleName[ xIdleTaskNameIndex ] = configIDLE_TASK_NAME[ xIdleTaskNameIndex ];
 574:	00000b0b 	andeq	r0, r0, fp, lsl #22
 578:	0b000f07 	bleq	419c <_edata+0x1d40>
 57c:	0013490b 	andseq	r4, r3, fp, lsl #18
 580:	01130800 	tsteq	r3, r0, lsl #16
        if( cIdleName[ xIdleTaskNameIndex ] == ( char ) 0x00 )
 584:	0b0b0e03 	bleq	2c3d98 <_edata+0x2c193c>
 588:	0b3b0b3a 	bleq	ec3278 <_edata+0xec0e1c>
 58c:	13010b39 	movwne	r0, #6969	; 0x1b39
    for( xIdleTaskNameIndex = 0U; xIdleTaskNameIndex < ( configMAX_TASK_NAME_LEN - taskRESERVED_TASK_NAME_LENGTH ); xIdleTaskNameIndex++ )
 590:	0d090000 	stceq	0, cr0, [r9, #-0]
 594:	3a0e0300 	bcc	38119c <_edata+0x37ed40>
 598:	390b3b0b 	stmdbcc	fp, {r0, r1, r3, r8, r9, fp, ip, sp}
 59c:	3813490b 	ldmdacc	r3, {r0, r1, r3, r8, fp, lr}
    cIdleName[ xIdleTaskNameIndex ] = '\0';
 5a0:	0a00000b 	beq	5d4 <prvCreateIdleTasks+0x84>
 5a4:	13490101 	movtne	r0, #37121	; 0x9101
 5a8:	00001301 	andeq	r1, r0, r1, lsl #6
    for( xCoreID = ( BaseType_t ) 0; xCoreID < ( BaseType_t ) configNUMBER_OF_CORES; xCoreID++ )
 5ac:	4900210b 	stmdbmi	r0, {r0, r1, r3, r8, sp}
            pxIdleTaskFunction = &prvIdleTask;
 5b0:	00052f13 	andeq	r2, r5, r3, lsl pc
            xReturn = xTaskCreate( pxIdleTaskFunction,
 5b4:	00340c00 	eorseq	r0, r4, r0, lsl #24
 5b8:	0b3a0e03 	bleq	e83dcc <_edata+0xe81970>
 5bc:	0b390b3b 	bleq	e432b0 <_edata+0xe40e54>
 5c0:	18021349 	stmdane	r2, {r0, r3, r6, r8, r9, ip}
 5c4:	2e0d0000 	cdpcs	0, 0, cr0, cr13, cr0, {0}
 5c8:	03193f00 	tsteq	r9, #0, 30
 5cc:	3b0b3a0e 	blcc	2cee0c <_edata+0x2cc9b0>
 5d0:	270b3905 	strcs	r3, [fp, -r5, lsl #18]
        if( xReturn != pdPASS )
 5d4:	12011119 	andne	r1, r1, #1073741830	; 0x40000006
    for( xCoreID = ( BaseType_t ) 0; xCoreID < ( BaseType_t ) configNUMBER_OF_CORES; xCoreID++ )
 5d8:	97184006 	ldrls	r4, [r8, -r6]
 5dc:	00001942 	andeq	r1, r0, r2, asr #18
 5e0:	3f012e0e 	svccc	0x00012e0e
 5e4:	3a0e0319 	bcc	381250 <_edata+0x37edf4>
    return xReturn;
 5e8:	39053b0b 	stmdbcc	r5, {r0, r1, r3, r8, r9, fp, ip, sp}
}
 5ec:	1119270b 	tstne	r9, fp, lsl #14
 5f0:	40061201 	andmi	r1, r6, r1, lsl #4
 5f4:	19429618 	stmdbne	r2, {r3, r4, r9, sl, ip, pc}^
 5f8:	00001301 	andeq	r1, r0, r1, lsl #6
 5fc:	0300050f 	movweq	r0, #1295	; 0x50f
{
 600:	3b0b3a0e 	blcc	2cee40 <_edata+0x2cc9e4>
 604:	490b3905 	stmdbmi	fp, {r0, r2, r8, fp, ip, sp}
    xReturn = prvCreateIdleTasks();
 608:	00180213 	andseq	r0, r8, r3, lsl r2
    if( xReturn == pdPASS )
 60c:	00341000 	eorseq	r1, r4, r0
 610:	0b3a0e03 	bleq	e83e24 <_edata+0xe819c8>
    __asm volatile
 614:	0b39053b 	bleq	e41b08 <_edata+0xe3f6ac>
 618:	18021349 	stmdane	r2, {r0, r3, r6, r8, r9, ip}
 61c:	2e110000 	cdpcs	0, 1, cr0, cr1, cr0, {0}
 620:	3a0e0301 	bcc	38122c <_edata+0x37edd0>
}
 624:	39053b0b 	stmdbcc	r5, {r0, r1, r3, r8, r9, fp, ip, sp}
        xNextTaskUnblockTime = portMAX_DELAY;
 628:	1119270b 	tstne	r9, fp, lsl #14
 62c:	40061201 	andmi	r1, r6, r1, lsl #4
        xSchedulerRunning = pdTRUE;
 630:	19429718 	stmdbne	r2, {r3, r4, r8, r9, sl, ip, pc}^
        xTickCount = ( TickType_t ) configINITIAL_TICK_COUNT;
 634:	00001301 	andeq	r1, r0, r1, lsl #6
 638:	03003412 	movweq	r3, #1042	; 0x412
        ( void ) xPortStartScheduler();
 63c:	3b0b3a08 	blcc	2cee64 <_edata+0x2cca08>
    ( void ) uxTopUsedPriority;
 640:	490b3905 	stmdbmi	fp, {r0, r2, r8, fp, ip, sp}
}
 644:	00180213 	andseq	r0, r8, r3, lsl r2
 648:	012e1300 			; <UNDEFINED> instruction: 0x012e1300
 64c:	0e03193f 			; <UNDEFINED> instruction: 0x0e03193f
 650:	053b0b3a 	ldreq	r0, [fp, #-2874]!	; 0xfffff4c6
 654:	19270b39 	stmdbne	r7!, {r0, r3, r4, r5, r8, r9, fp}
 658:	01111349 	tsteq	r1, r9, asr #6
{
 65c:	18400612 	stmdane	r0, {r1, r4, r9, sl}^
 660:	01194296 			; <UNDEFINED> instruction: 0x01194296
    __asm volatile
 664:	14000013 	strne	r0, [r0], #-19	; 0xffffffed
 668:	193f002e 	ldmdbne	pc!, {r1, r2, r3, r5}	; <UNPREDICTABLE>
 66c:	0b3a0e03 	bleq	e83e80 <_edata+0xe81a24>
 670:	0b39053b 	bleq	e41b64 <_edata+0xe3f708>
}
 674:	13491927 	movtne	r1, #39207	; 0x9927
    xSchedulerRunning = pdFALSE;
 678:	06120111 			; <UNDEFINED> instruction: 0x06120111
    vPortEndScheduler();
 67c:	42971840 	addsmi	r1, r7, #64, 16	; 0x400000
}
 680:	15000019 	strne	r0, [r0, #-25]	; 0xffffffe7
 684:	08030005 	stmdaeq	r3, {r0, r2}
 688:	053b0b3a 	ldreq	r0, [fp, #-2874]!	; 0xfffff4c6
{
 68c:	13490b39 	movtne	r0, #39737	; 0x9b39
        uxSchedulerSuspended = ( UBaseType_t ) ( uxSchedulerSuspended + 1U );
 690:	00001802 	andeq	r1, r0, r2, lsl #16
 694:	3f012e16 	svccc	0x00012e16
 698:	3a0e0319 	bcc	381304 <_edata+0x37eea8>
}
 69c:	390b3b0b 	stmdbcc	fp, {r0, r1, r3, r8, r9, fp, ip, sp}
 6a0:	4919270b 	ldmdbmi	r9, {r0, r1, r3, r8, r9, sl, sp}
 6a4:	12011113 	andne	r1, r1, #-1073741820	; 0xc0000004
{
 6a8:	96184006 	ldrls	r4, [r8], -r6
 6ac:	00001942 	andeq	r1, r0, r2, asr #18
    TCB_t * pxTCB = NULL;
 6b0:	03000517 	movweq	r0, #1303	; 0x517
    BaseType_t xAlreadyYielded = pdFALSE;
 6b4:	3b0b3a0e 	blcc	2ceef4 <_edata+0x2cca98>
        taskENTER_CRITICAL();
 6b8:	490b390b 	stmdbmi	fp, {r0, r1, r3, r8, fp, ip, sp}
            const BaseType_t xCoreID = ( BaseType_t ) portGET_CORE_ID();
 6bc:	00180213 	andseq	r0, r8, r3, lsl r2
            uxSchedulerSuspended = ( UBaseType_t ) ( uxSchedulerSuspended - 1U );
 6c0:	11010000 	mrsne	r0, (UNDEF: 1)
 6c4:	130e2501 	movwne	r2, #58625	; 0xe501
            if( uxSchedulerSuspended == ( UBaseType_t ) 0U )
 6c8:	1b0e030b 	blne	3812fc <_edata+0x37eea0>
 6cc:	1201110e 	andne	r1, r1, #-2147483645	; 0x80000003
 6d0:	00171006 	andseq	r1, r7, r6
                if( uxCurrentNumberOfTasks > ( UBaseType_t ) 0U )
 6d4:	00240200 	eoreq	r0, r4, r0, lsl #4
 6d8:	0b3e0b0b 	bleq	f8330c <_edata+0xf80eb0>
                    while( listLIST_IS_EMPTY( &xPendingReadyList ) == pdFALSE )
 6dc:	00000803 	andeq	r0, r0, r3, lsl #16
                        pxTCB = listGET_OWNER_OF_HEAD_ENTRY( ( &xPendingReadyList ) );
 6e0:	0b002403 	bleq	96f4 <_edata+0x7298>
 6e4:	030b3e0b 	movweq	r3, #48651	; 0xbe0b
                        listREMOVE_ITEM( &( pxTCB->xEventListItem ) );
 6e8:	0400000e 	streq	r0, [r0], #-14
 6ec:	0e030016 	mcreq	0, 0, r0, cr3, cr6, {0}
 6f0:	0b3b0b3a 	bleq	ec33e0 <_edata+0xec0f84>
 6f4:	13490b39 	movtne	r0, #39737	; 0x9b39
 6f8:	35050000 	strcc	r0, [r5, #-0]
 6fc:	00134900 	andseq	r4, r3, r0, lsl #18
 700:	000f0600 	andeq	r0, pc, r0, lsl #12
 704:	13490b0b 	movtne	r0, #39691	; 0x9b0b
 708:	15070000 	strne	r0, [r7, #-0]
 70c:	01192701 	tsteq	r9, r1, lsl #14
 710:	08000013 	stmdaeq	r0, {r0, r1, r4}
 714:	13490005 	movtne	r0, #36869	; 0x9005
 718:	0f090000 	svceq	0x00090000
 71c:	000b0b00 	andeq	r0, fp, r0, lsl #22
 720:	00260a00 	eoreq	r0, r6, r0, lsl #20
                        listREMOVE_ITEM( &( pxTCB->xStateListItem ) );
 724:	00001349 	andeq	r1, r0, r9, asr #6
 728:	2700150b 	strcs	r1, [r0, -fp, lsl #10]
 72c:	0c000019 	stceq	0, cr0, [r0], {25}
 730:	0e030034 	mcreq	0, 0, r0, cr3, cr4, {1}
 734:	0b3b0b3a 	bleq	ec3424 <_edata+0xec0fc8>
 738:	13490b39 	movtne	r0, #39737	; 0x9b39
 73c:	00001802 	andeq	r1, r0, r2, lsl #16
 740:	3f002e0d 	svccc	0x00002e0d
 744:	3a0e0319 	bcc	3813b0 <_edata+0x37ef54>
 748:	39053b0b 	stmdbcc	r5, {r0, r1, r3, r8, r9, fp, ip, sp}
 74c:	1119270b 	tstne	r9, fp, lsl #14
 750:	40061201 	andmi	r1, r6, r1, lsl #4
 754:	19429718 	stmdbne	r2, {r3, r4, r8, r9, sl, ip, pc}^
 758:	2e0e0000 	cdpcs	0, 0, cr0, cr14, cr0, {0}
 75c:	03193f01 	tsteq	r9, #1, 30
 760:	3b0b3a0e 	blcc	2cefa0 <_edata+0x2ccb44>
                        prvAddTaskToReadyList( pxTCB );
 764:	270b3905 	strcs	r3, [fp, -r5, lsl #18]
 768:	12011119 	andne	r1, r1, #1073741830	; 0x40000006
 76c:	96184006 	ldrls	r4, [r8], -r6
 770:	13011942 	movwne	r1, #6466	; 0x1942
 774:	1d0f0000 	stcne	0, cr0, [pc, #-0]	; 77c <xTaskResumeAll+0xd4>
 778:	11133101 	tstne	r3, r1, lsl #2
 77c:	58061201 	stmdapl	r6, {r0, r9, ip}
 780:	5705590b 	strpl	r5, [r5, -fp, lsl #18]
 784:	0013010b 	andseq	r0, r3, fp, lsl #2
 788:	00341000 	eorseq	r1, r4, r0
 78c:	18021331 	stmdane	r2, {r0, r4, r5, r8, r9, ip}
 790:	1d110000 	ldcne	0, cr0, [r1, #-0]
 794:	11133101 	tstne	r3, r1, lsl #2
 798:	58061201 	stmdapl	r6, {r0, r9, ip}
 79c:	5705590b 	strpl	r5, [r5, -fp, lsl #18]
 7a0:	1200000b 	andne	r0, r0, #11
 7a4:	13310005 	teqne	r1, #5
 7a8:	00001802 	andeq	r1, r0, r2, lsl #16
 7ac:	3f012e13 	svccc	0x00012e13
 7b0:	3a0e0319 	bcc	38141c <_edata+0x37efc0>
 7b4:	39053b0b 	stmdbcc	r5, {r0, r1, r3, r8, r9, fp, ip, sp}
 7b8:	1119270b 	tstne	r9, fp, lsl #14
 7bc:	40061201 	andmi	r1, r6, r1, lsl #4
 7c0:	19429718 	stmdbne	r2, {r3, r4, r8, r9, sl, ip, pc}^
 7c4:	00001301 	andeq	r1, r0, r1, lsl #6
 7c8:	3f012e14 	svccc	0x00012e14
 7cc:	3a0e0319 	bcc	381438 <_edata+0x37efdc>
 7d0:	39053b0b 	stmdbcc	r5, {r0, r1, r3, r8, r9, fp, ip, sp}
 7d4:	4919270b 	ldmdbmi	r9, {r0, r1, r3, r8, r9, sl, sp}
 7d8:	12011113 	andne	r1, r1, #-1073741820	; 0xc0000004
 7dc:	96184006 	ldrls	r4, [r8], -r6
 7e0:	13011942 	movwne	r1, #6466	; 0x1942
                            if( pxTCB->uxPriority > pxCurrentTCB->uxPriority )
 7e4:	0b150000 	bleq	5407ec <_edata+0x53e390>
 7e8:	12011101 	andne	r1, r1, #1073741824	; 0x40000000
 7ec:	16000006 	strne	r0, [r0], -r6
 7f0:	0e030034 	mcreq	0, 0, r0, cr3, cr4, {1}
                                xYieldPendings[ xCoreID ] = pdTRUE;
 7f4:	053b0b3a 	ldreq	r0, [fp, #-2874]!	; 0xfffff4c6
 7f8:	13490b39 	movtne	r0, #39737	; 0x9b39
                    while( listLIST_IS_EMPTY( &xPendingReadyList ) == pdFALSE )
 7fc:	00001802 	andeq	r1, r0, r2, lsl #16
 800:	03002e17 	movweq	r2, #3607	; 0xe17
 804:	3b0b3a0e 	blcc	2cf044 <_edata+0x2ccbe8>
                    if( pxTCB != NULL )
 808:	270b390b 	strcs	r3, [fp, -fp, lsl #18]
                        prvResetNextTaskUnblockTime();
 80c:	12011119 	andne	r1, r1, #1073741830	; 0x40000006
                        TickType_t xPendedCounts = xPendedTicks; /* Non-volatile copy. */
 810:	97184006 	ldrls	r4, [r8, -r6]
 814:	00001942 	andeq	r1, r0, r2, asr #18
                        if( xPendedCounts > ( TickType_t ) 0U )
 818:	3f002e18 	svccc	0x00002e18
                                if( xTaskIncrementTick() != pdFALSE )
 81c:	3a0e0319 	bcc	381488 <_edata+0x37f02c>
 820:	390b3b0b 	stmdbcc	fp, {r0, r1, r3, r8, r9, fp, ip, sp}
 824:	1119270b 	tstne	r9, fp, lsl #14
                                    xYieldPendings[ xCoreID ] = pdTRUE;
 828:	40061201 	andmi	r1, r6, r1, lsl #4
 82c:	19429718 	stmdbne	r2, {r3, r4, r8, r9, sl, ip, pc}^
                                --xPendedCounts;
 830:	2e190000 	cdpcs	0, 1, cr0, cr9, cr0, {0}
 834:	3a0e0301 	bcc	381440 <_edata+0x37efe4>
                            } while( xPendedCounts > ( TickType_t ) 0U );
 838:	390b3b0b 	stmdbcc	fp, {r0, r1, r3, r8, r9, fp, ip, sp}
                            xPendedTicks = 0;
 83c:	1119270b 	tstne	r9, fp, lsl #14
 840:	40061201 	andmi	r1, r6, r1, lsl #4
                    if( xYieldPendings[ xCoreID ] != pdFALSE )
 844:	19429718 	stmdbne	r2, {r3, r4, r8, r9, sl, ip, pc}^
 848:	00001301 	andeq	r1, r0, r1, lsl #6
 84c:	31011d1a 	tstcc	r1, sl, lsl sp
                            xAlreadyYielded = pdTRUE;
 850:	12011113 	andne	r1, r1, #-1073741820	; 0xc0000004
                            taskYIELD_TASK_CORE_IF_USING_PREEMPTION( pxCurrentTCB );
 854:	590b5806 	stmdbpl	fp, {r1, r2, fp, ip, lr}
 858:	000b570b 	andeq	r5, fp, fp, lsl #14
 85c:	012e1b00 			; <UNDEFINED> instruction: 0x012e1b00
 860:	0e03193f 			; <UNDEFINED> instruction: 0x0e03193f
 864:	0b3b0b3a 	bleq	ec3554 <_edata+0xec10f8>
        taskEXIT_CRITICAL();
 868:	19270b39 	stmdbne	r7!, {r0, r3, r4, r5, r8, r9, fp}
}
 86c:	01111349 	tsteq	r1, r9, asr #6
 870:	18400612 	stmdane	r0, {r1, r4, r9, sl}^
 874:	01194297 			; <UNDEFINED> instruction: 0x01194297
 878:	1c000013 	stcne	0, cr0, [r0], {19}
 87c:	0e030005 	cdpeq	0, 0, cr0, cr3, cr5, {0}
 880:	0b3b0b3a 	bleq	ec3570 <_edata+0xec1114>
 884:	13490b39 	movtne	r0, #39737	; 0x9b39
 888:	00001802 	andeq	r1, r0, r2, lsl #16
 88c:	03012e1d 	movweq	r2, #7709	; 0x1e1d
 890:	3b0b3a0e 	blcc	2cf0d0 <_edata+0x2ccc74>
 894:	270b390b 	strcs	r3, [fp, -fp, lsl #18]
{
 898:	010b2019 	tsteq	fp, r9, lsl r0
 89c:	1e000013 	mcrne	0, 0, r0, cr0, cr3, {0}
        xTicks = xTickCount;
 8a0:	0e030005 	cdpeq	0, 0, cr0, cr3, cr5, {0}
    return xTicks;
 8a4:	0b3b0b3a 	bleq	ec3594 <_edata+0xec1138>
}
 8a8:	13490b39 	movtne	r0, #39737	; 0x9b39
 8ac:	2e1f0000 	cdpcs	0, 1, cr0, cr15, cr0, {0}
 8b0:	3a0e0301 	bcc	3814bc <_edata+0x37f060>
{
 8b4:	390b3b0b 	stmdbcc	fp, {r0, r1, r3, r8, r9, fp, ip, sp}
 8b8:	2019270b 	andscs	r2, r9, fp, lsl #14
    uxSavedInterruptStatus = portTICK_TYPE_SET_INTERRUPT_MASK_FROM_ISR();
 8bc:	2000000b 	andcs	r0, r0, fp
        xReturn = xTickCount;
 8c0:	0e030034 	mcreq	0, 0, r0, cr3, cr4, {1}
    return xReturn;
 8c4:	0b3b0b3a 	bleq	ec35b4 <_edata+0xec1158>
}
 8c8:	13490b39 	movtne	r0, #39737	; 0x9b39
 8cc:	Address 0x00000000000008cc is out of bounds.


Disassembly of section .debug_aranges:

00000000 <.debug_aranges>:
   0:	0000001c 	andeq	r0, r0, ip, lsl r0
   4:	00000002 	andeq	r0, r0, r2
   8:	00040000 	andeq	r0, r4, r0
   c:	00000000 	andeq	r0, r0, r0
  10:	00000198 	muleq	r0, r8, r1
  14:	00000004 	andeq	r0, r0, r4
	...
  20:	0000001c 	andeq	r0, r0, ip, lsl r0
  24:	00260002 	eoreq	r0, r6, r2
  28:	00040000 	andeq	r0, r4, r0
  2c:	00000000 	andeq	r0, r0, r0
  30:	0000019c 	muleq	r0, ip, r1
  34:	000000c8 	andeq	r0, r0, r8, asr #1
	...
  40:	0000001c 	andeq	r0, r0, ip, lsl r0
  44:	01a70002 			; <UNDEFINED> instruction: 0x01a70002
  48:	00040000 	andeq	r0, r4, r0
  4c:	00000000 	andeq	r0, r0, r0
  50:	00000264 	andeq	r0, r0, r4, ror #4
  54:	0000003a 	andeq	r0, r0, sl, lsr r0
	...
  60:	0000001c 	andeq	r0, r0, ip, lsl r0
  64:	02500002 	subseq	r0, r0, #2
  68:	00040000 	andeq	r0, r4, r0
  6c:	00000000 	andeq	r0, r0, r0
  70:	000002a0 	andeq	r0, r0, r0, lsr #5
  74:	000018f0 	strdeq	r1, [r0], -r0
	...
  80:	0000001c 	andeq	r0, r0, ip, lsl r0
  84:	18780002 	ldmdane	r8!, {r1}^
  88:	00040000 	andeq	r0, r4, r0
  8c:	00000000 	andeq	r0, r0, r0
  90:	00001b90 	muleq	r0, r0, fp
  94:	0000015e 	andeq	r0, r0, lr, asr r1
	...
  a0:	0000001c 	andeq	r0, r0, ip, lsl r0
  a4:	1b340002 	blne	d000b4 <_edata+0xcfdc58>
  a8:	00040000 	andeq	r0, r4, r0
  ac:	00000000 	andeq	r0, r0, r0
  b0:	00001cf0 	strdeq	r1, [r0], -r0
  b4:	000004f0 	strdeq	r0, [r0], -r0	; <UNPREDICTABLE>
	...
  c0:	0000001c 	andeq	r0, r0, ip, lsl r0
  c4:	1fbc0002 	svcne	0x00bc0002
  c8:	00040000 	andeq	r0, r4, r0
  cc:	00000000 	andeq	r0, r0, r0
  d0:	000021e0 	andeq	r2, r0, r0, ror #3
  d4:	00000260 	andeq	r0, r0, r0, ror #4
	...

Disassembly of section .debug_str:

00000000 <.debug_str>:
       0:	746f6f62 	strbtvc	r6, [pc], #-3938	; 8 <_stext+0x8>
       4:	2f00532e 	svccs	0x0000532e
       8:	6b726f77 	blvs	1c9bdec <_edata+0x1c99990>
       c:	63617073 	cmnvs	r1, #115	; 0x73
      10:	462f7365 	strtmi	r7, [pc], -r5, ror #6
      14:	52656572 	rsbpl	r6, r5, #478150656	; 0x1c800000
      18:	2f534f54 	svccs	0x00534f54
      1c:	74726f70 	ldrbtvc	r6, [r2], #-3952	; 0xfffff090
      20:	554e4700 	strbpl	r4, [lr, #-1792]	; 0xfffff900
      24:	20534120 	subscs	r4, r3, r0, lsr #2
      28:	38332e32 	ldmdacc	r3!, {r1, r4, r5, r9, sl, fp, sp}
      2c:	64735f00 	ldrbtvs	r5, [r3], #-3840	; 0xfffff100
      30:	00617461 	rsbeq	r7, r1, r1, ror #8
      34:	7362735f 	cmnvc	r2, #2080374785	; 0x7c000001
      38:	655f0073 	ldrbvs	r0, [pc, #-115]	; ffffffcd <__StackTop+0xdfffdfcd>
      3c:	00737362 	rsbseq	r7, r3, r2, ror #6
      40:	72617473 	rsbvc	r7, r1, #1929379840	; 0x73000000
      44:	74730074 	ldrbtvc	r0, [r3], #-116	; 0xffffff8c
      48:	2e747261 	cdpcs	2, 7, cr7, cr4, cr1, {3}
      4c:	54760063 	ldrbtpl	r0, [r6], #-99	; 0xffffff9d
      50:	316b7361 	cmncc	fp, r1, ror #6
      54:	61547600 	cmpvs	r4, r0, lsl #12
      58:	00326b73 	eorseq	r6, r2, r3, ror fp
      5c:	676e6f6c 	strbvs	r6, [lr, -ip, ror #30]!
      60:	6e6f6c20 	cdpvs	12, 6, cr6, cr15, cr0, {1}
      64:	6e752067 	cdpvs	0, 7, cr2, cr5, cr7, {3}
      68:	6e676973 			; <UNDEFINED> instruction: 0x6e676973
      6c:	69206465 	stmdbvs	r0!, {r0, r2, r5, r6, sl, sp, lr}
      70:	7500746e 	strvc	r7, [r0, #-1134]	; 0xfffffb92
      74:	6769736e 	strbvs	r7, [r9, -lr, ror #6]!
      78:	2064656e 	rsbcs	r6, r4, lr, ror #10
      7c:	72616863 	rsbvc	r6, r1, #6488064	; 0x630000
      80:	69735f00 	ldmdbvs	r3!, {r8, r9, sl, fp, ip, lr}^
      84:	61746164 	cmnvs	r4, r4, ror #2
      88:	6f687300 	svcvs	0x00687300
      8c:	75207472 	strvc	r7, [r0, #-1138]!	; 0xfffffb8e
      90:	6769736e 	strbvs	r7, [r9, -lr, ror #6]!
      94:	2064656e 	rsbcs	r6, r4, lr, ror #10
      98:	00746e69 	rsbseq	r6, r4, r9, ror #28
      9c:	6164655f 	cmnvs	r4, pc, asr r5
      a0:	6c006174 	stfvss	f6, [r0], {116}	; 0x74
      a4:	20676e6f 	rsbcs	r6, r7, pc, ror #28
      a8:	676e6f6c 	strbvs	r6, [lr, -ip, ror #30]!
      ac:	746e6920 	strbtvc	r6, [lr], #-2336	; 0xfffff6e0
      b0:	50767000 	rsbspl	r7, r6, r0
      b4:	6d617261 	sfmvs	f7, 2, [r1, #-388]!	; 0xfffffe7c
      b8:	72657465 	rsbvc	r7, r5, #1694498816	; 0x65000000
      bc:	68730073 	ldmdavs	r3!, {r0, r1, r4, r5, r6}^
      c0:	2074726f 	rsbscs	r7, r4, pc, ror #4
      c4:	00746e69 	rsbseq	r6, r4, r9, ror #28
      c8:	746e6975 	strbtvc	r6, [lr], #-2421	; 0xfffff68b
      cc:	745f3233 	ldrbvc	r3, [pc], #-563	; d4 <_stext+0xd4>
      d0:	6e6f6c00 	cdpvs	12, 6, cr6, cr15, cr0, {0}
      d4:	6f642067 	svcvs	0x00642067
      d8:	656c6275 	strbvs	r6, [ip, #-629]!	; 0xfffffd8b
      dc:	554e4700 	strbpl	r4, [lr, #-1792]	; 0xfffff900
      e0:	37314320 	ldrcc	r4, [r1, -r0, lsr #6]!
      e4:	2e303120 	rsfcssp	f3, f0, f0
      e8:	20312e33 	eorscs	r2, r1, r3, lsr lr
      ec:	31323032 	teqcc	r2, r2, lsr r0
      f0:	31323630 	teqcc	r2, r0, lsr r6
      f4:	65722820 	ldrbvs	r2, [r2, #-2080]!	; 0xfffff7e0
      f8:	7361656c 	cmnvc	r1, #108, 10	; 0x1b000000
      fc:	2d202965 			; <UNDEFINED> instruction: 0x2d202965
     100:	7568746d 	strbvc	r7, [r8, #-1133]!	; 0xfffffb93
     104:	2d20626d 	sfmcs	f6, 4, [r0, #-436]!	; 0xfffffe4c
     108:	7570636d 	ldrbvc	r6, [r0, #-877]!	; 0xfffffc93
     10c:	726f633d 	rsbvc	r6, pc, #-201326592	; 0xf4000000
     110:	2d786574 	cfldr64cs	mvdx6, [r8, #-464]!	; 0xfffffe30
     114:	2d20336d 	stccs	3, cr3, [r0, #-436]!	; 0xfffffe4c
     118:	6f6c666d 	svcvs	0x006c666d
     11c:	612d7461 			; <UNDEFINED> instruction: 0x612d7461
     120:	733d6962 	teqvc	sp, #1605632	; 0x188000
     124:	2074666f 	rsbscs	r6, r4, pc, ror #12
     128:	72616d2d 	rsbvc	r6, r1, #2880	; 0xb40
     12c:	613d6863 	teqvs	sp, r3, ror #16
     130:	37766d72 			; <UNDEFINED> instruction: 0x37766d72
     134:	2d206d2d 	stccs	13, cr6, [r0, #-180]!	; 0xffffff4c
     138:	6f700067 	svcvs	0x00700067
     13c:	75467472 	strbvc	r7, [r6, #-1138]	; 0xfffffb8e
     140:	6974636e 	ldmdbvs	r4!, {r1, r2, r3, r5, r6, r8, r9, sp, lr}^
     144:	2e736e6f 	cdpcs	14, 7, cr6, cr3, cr15, {3}
     148:	65640063 	strbvs	r0, [r4, #-99]!	; 0xffffff9d
     14c:	73007473 	movwvc	r7, #1139	; 0x473
     150:	00657a69 	rsbeq	r7, r5, r9, ror #20
     154:	736d656d 	cmnvc	sp, #457179136	; 0x1b400000
     158:	62007465 	andvs	r7, r0, #1694498816	; 0x65000000
     15c:	5f657479 	svcpl	0x00657479
     160:	756c6176 	strbvc	r6, [ip, #-374]!	; 0xfffffe8a
     164:	43780065 	cmnmi	r8, #101	; 0x65
     168:	4965726f 	stmdbmi	r5!, {r0, r1, r2, r3, r5, r6, r9, ip, sp, lr}^
     16c:	63700044 	cmnvs	r0, #68	; 0x44
     170:	6b736154 	blvs	1cd86c8 <_edata+0x1cd626c>
     174:	656d614e 	strbvs	r6, [sp, #-334]!	; 0xfffffeb2
     178:	4e787500 	cdpmi	5, 7, cr7, cr8, cr0, {0}
     17c:	65626d75 	strbvs	r6, [r2, #-3445]!	; 0xfffff28b
     180:	49664f72 	stmdbmi	r6!, {r1, r4, r5, r6, r8, r9, sl, fp, lr}^
     184:	736d6574 	cmnvc	sp, #116, 10	; 0x1d000000
     188:	50787500 	rsbspl	r7, r8, r0, lsl #10
     18c:	726f6972 	rsbvc	r6, pc, #1867776	; 0x1c8000
     190:	00797469 	rsbseq	r7, r9, r9, ror #8
     194:	6f437870 	svcvs	0x00437870
     198:	4c74736e 	ldclmi	3, cr7, [r4], #-440	; 0xfffffe48
static void vTask1(void *pvParameters){
     19c:	00747369 	rsbseq	r7, r4, r9, ror #6
     1a0:	546b7374 	strbtpl	r7, [fp], #-884	; 0xfffffc8c
    volatile int a = 0;
     1a4:	436b7361 	cmnmi	fp, #-2080374783	; 0x84000001
        a++;
     1a8:	72746e6f 	rsbsvc	r6, r4, #1776	; 0x6f0
     1ac:	6c426c6f 	mcrrvs	12, 6, r6, r2, cr15
static void vTask2(void *pvParameters){
     1b0:	006b636f 	rsbeq	r6, fp, pc, ror #6
     1b4:	69426c75 	stmdbvs	r2, {r0, r2, r4, r5, r6, sl, fp, sp, lr}^
    volatile int b = 0;
     1b8:	6f547374 	svcvs	0x00547374
        b++;
     1bc:	61656c43 	cmnvs	r5, r3, asr #24
     1c0:	456e4f72 	strbmi	r4, [lr, #-3954]!	; 0xfffff08e
void start(){
     1c4:	00746978 	rsbseq	r6, r4, r8, ror r9
     1c8:	61547875 	cmpvs	r4, r5, ror r8
    uint32_t *src = &_sidata;  //From flash
     1cc:	65476b73 	strbvs	r6, [r7, #-2931]	; 0xfffff48d
    uint32_t *dst = &_sdata;   //To RAM
     1d0:	6d754e74 	ldclvs	14, cr4, [r5, #-464]!	; 0xfffffe30
        *dst++ = *src++;    //copy word and increament pointers
     1d4:	4f726562 	svcmi	0x00726562
     1d8:	73615466 	cmnvc	r1, #1711276032	; 0x66000000
     1dc:	7000736b 	andvc	r7, r0, fp, ror #6
     1e0:	67694878 			; <UNDEFINED> instruction: 0x67694878
    while(dst < &_edata){
     1e4:	50726568 	rsbspl	r6, r2, r8, ror #10
     1e8:	726f6972 	rsbvc	r6, pc, #1867776	; 0x1c8000
    dst = &_sbss;
     1ec:	54797469 	ldrbtpl	r7, [r9], #-1129	; 0xfffffb97
    while(dst < &_ebss){
     1f0:	576b7361 	strbpl	r7, [fp, -r1, ror #6]!
        *dst++ = 0;  //zero word and increament pointer
     1f4:	6e656b6f 	vnmulvs.f64	d22, d5, d31
     1f8:	6f4e6500 	svcvs	0x004e6500
    while(dst < &_ebss){
     1fc:	69746341 	ldmdbvs	r4!, {r0, r6, r8, r9, sp, lr}^
     200:	75006e6f 	strvc	r6, [r0, #-3695]	; 0xfffff191
    xReturn = xTaskCreate(vTask1, "T1", configMINIMAL_STACK_SIZE, NULL, 1, NULL);
     204:	706f5478 	rsbvc	r5, pc, r8, ror r4	; <UNPREDICTABLE>
     208:	64616552 	strbtvs	r6, [r1], #-1362	; 0xfffffaae
     20c:	69725079 	ldmdbvs	r2!, {r0, r3, r4, r5, r6, ip, lr}^
     210:	7469726f 	strbtvc	r7, [r9], #-623	; 0xfffffd91
     214:	78700079 	ldmdavc	r0!, {r0, r3, r4, r5, r6}^
     218:	616c6544 	cmnvs	ip, r4, asr #10
    xReturn = xTaskCreate(vTask2, "T2", configMINIMAL_STACK_SIZE, NULL, 1, NULL);
     21c:	4c646579 	cfstr64mi	mvdx6, [r4], #-484	; 0xfffffe1c
     220:	00747369 	rsbseq	r7, r4, r9, ror #6
     224:	76457870 			; <UNDEFINED> instruction: 0x76457870
     228:	4c746e65 	ldclmi	14, cr6, [r4], #-404	; 0xfffffe6c
     22c:	00747369 	rsbseq	r7, r4, r9, ror #6
     230:	68635378 	stmdavs	r3!, {r3, r4, r5, r6, r8, r9, ip, lr}^
    vTaskStartScheduler();
     234:	6c756465 	cfldrdvs	mvd6, [r5], #-404	; 0xfffffe6c
    return;
     238:	75527265 	ldrbvc	r7, [r2, #-613]	; 0xfffffd9b
     23c:	6e696e6e 	cdpvs	14, 6, cr6, cr9, cr14, {3}
     240:	78700067 	ldmdavc	r0!, {r0, r1, r2, r5, r6}^
     244:	65646e49 	strbvs	r6, [r4, #-3657]!	; 0xfffff1b7
     248:	74530078 	ldrbvc	r0, [r3], #-120	; 0xffffff88
     24c:	546b6361 	strbtpl	r6, [fp], #-865	; 0xfffffc9f
     250:	5f657079 	svcpl	0x00657079
     254:	54780074 	ldrbtpl	r0, [r8], #-116	; 0xffffff8c
     258:	5f454d49 	svcpl	0x00454d49
     25c:	0054554f 	subseq	r5, r4, pc, asr #10
     260:	69426c75 	stmdbvs	r2, {r0, r2, r4, r5, r6, sl, fp, sp, lr}^
void* memset(void* dest, int value, unsigned int size){
     264:	6f547374 	svcvs	0x00547374
     268:	61656c43 	cmnvs	r5, r3, asr #24
     26c:	50780072 	rsbspl	r0, r8, r2, ror r0
    unsigned char* ptr = (unsigned char*)dest;
     270:	65646e65 	strbvs	r6, [r4, #-3685]!	; 0xfffff19b
    unsigned char byte_value = (unsigned char) value;
     274:	756f4364 	strbvc	r4, [pc, #-868]!	; ffffff18 <__StackTop+0xdfffdf18>
    while(size > 0){
     278:	0073746e 	rsbseq	r7, r3, lr, ror #8
        *ptr = byte_value;
     27c:	53494c78 	movtpl	r4, #40056	; 0x9c78
        ptr++;
     280:	54495f54 	strbpl	r5, [r9], #-3924	; 0xfffff0ac
     284:	70004d45 	andvc	r4, r0, r5, asr #26
        size--;
     288:	61655278 	smcvs	21800	; 0x5528
    while(size > 0){
     28c:	61547964 	cmpvs	r4, r4, ror #18
     290:	4c736b73 			; <UNDEFINED> instruction: 0x4c736b73
     294:	73747369 	cmnvc	r4, #-1543503871	; 0xa4000001
     298:	4f637500 	svcmi	0x00637500
     29c:	69676972 	stmdbvs	r7!, {r1, r4, r5, r6, r8, fp, sp, lr}^
    {
     2a0:	4e6c616e 	powmiez	f6, f4, #0.5
     2a4:	6669746f 	strbtvs	r7, [r9], -pc, ror #8
     2a8:	61745379 	cmnvs	r4, r9, ror r3
     2ac:	76006574 			; <UNDEFINED> instruction: 0x76006574
            pxStack = ( StackType_t * ) pvPortMallocStack( ( ( ( size_t ) uxStackDepth ) * sizeof( StackType_t ) ) );
     2b0:	6b736154 	blvs	1cd8808 <_edata+0x1cd63ac>
     2b4:	54746553 	ldrbtpl	r6, [r4], #-1363	; 0xfffffaad
     2b8:	4f656d69 	svcmi	0x00656d69
            if( pxStack != NULL )
     2bc:	74537475 	ldrbvc	r7, [r3], #-1141	; 0xfffffb8b
                pxNewTCB = ( TCB_t * ) pvPortMalloc( sizeof( TCB_t ) );
     2c0:	00657461 	rsbeq	r7, r5, r1, ror #8
     2c4:	73615478 	cmnvc	r1, #120, 8	; 0x78000000
                if( pxNewTCB != NULL )
     2c8:	6e65476b 	cdpvs	7, 6, cr4, cr5, cr11, {3}
     2cc:	63697265 	cmnvs	r9, #1342177286	; 0x50000006
                    ( void ) memset( ( void * ) pxNewTCB, 0x00, sizeof( TCB_t ) );
     2d0:	69746f4e 	ldmdbvs	r4!, {r1, r2, r3, r6, r8, r9, sl, fp, sp, lr}^
     2d4:	72467966 	subvc	r7, r6, #1671168	; 0x198000
                    pxNewTCB->pxStack = pxStack;
     2d8:	53496d6f 	movtpl	r6, #40303	; 0x9d6f
     2dc:	59780052 	ldmdbpl	r8!, {r1, r4, r6}^
                    vPortFreeStack( pxStack );
     2e0:	646c6569 	strbtvs	r6, [ip], #-1385	; 0xfffffa97
     2e4:	646e6550 	strbtvs	r6, [lr], #-1360	; 0xfffffab0
                pxNewTCB = NULL;
     2e8:	73676e69 	cmnvc	r7, #1680	; 0x690
        if( pxNewTCB != NULL )
     2ec:	61547800 	cmpvs	r4, r0, lsl #16
     2f0:	6e496b73 	vmovvs.8	d9[3], r6
            prvInitialiseNewTask( pxTaskCode, pcName, uxStackDepth, pvParameters, uxPriority, pxCreatedTask, pxNewTCB, NULL );
     2f4:	6d657263 	sfmvs	f7, 2, [r5, #-396]!	; 0xfffffe74
     2f8:	54746e65 	ldrbtpl	r6, [r4], #-3685	; 0xfffff19b
     2fc:	006b6369 	rsbeq	r6, fp, r9, ror #6
     300:	69426c75 	stmdbvs	r2, {r0, r2, r4, r5, r6, sl, fp, sp, lr}^
     304:	70616d74 	rsbvc	r6, r1, r4, ror sp
     308:	65447800 	strbvs	r7, [r4, #-2048]	; 0xfffff800
     30c:	6579616c 	ldrbvs	r6, [r9, #-364]!	; 0xfffffe94
    }
     310:	73615464 	cmnvc	r1, #100, 8	; 0x64000000
     314:	73694c6b 	cmnvc	r9, #27392	; 0x6b00
    {
     318:	78003174 	stmdavc	r0, {r2, r4, r5, r6, r8, ip, sp}
     31c:	616c6544 	cmnvs	ip, r4, asr #10
     320:	54646579 	strbtpl	r6, [r4], #-1401	; 0xfffffa87
     324:	4c6b7361 	stclmi	3, cr7, [fp], #-388	; 0xfffffe7c
        pxNewTCB = prvCreateTask( pxTaskCode, pcName, uxStackDepth, pvParameters, uxPriority, pxCreatedTask );
     328:	32747369 	rsbscc	r7, r4, #-1543503871	; 0xa4000001
     32c:	764f7800 	strbvc	r7, [pc], -r0, lsl #16
     330:	6c667265 	sfmvs	f7, 2, [r6], #-404	; 0xfffffe6c
     334:	6f43776f 	svcvs	0x0043776f
     338:	00746e75 	rsbseq	r6, r4, r5, ror lr
        if( pxNewTCB != NULL )
     33c:	726f5076 	rsbvc	r5, pc, #118	; 0x76
     340:	74655374 	strbtvc	r5, [r5], #-884	; 0xfffffc8c
            prvAddNewTaskToReadyList( pxNewTCB );
     344:	45534142 	ldrbmi	r4, [r3, #-322]	; 0xfffffebe
            xReturn = pdPASS;
     348:	00495250 	subeq	r5, r9, r0, asr r2
     34c:	73615478 	cmnvc	r1, #120, 8	; 0x78000000
            xReturn = errCOULD_NOT_ALLOCATE_REQUIRED_MEMORY;
     350:	7461436b 	strbtvc	r4, [r1], #-875	; 0xfffffc95
        return xReturn;
     354:	70556863 	subsvc	r6, r5, r3, ror #16
    }
     358:	6b636954 	blvs	18da8b0 <_edata+0x18d8454>
     35c:	6c750073 	ldclvs	0, cr0, [r5], #-460	; 0xfffffe34
{
     360:	61726150 	cmnvs	r2, r0, asr r1
     364:	6574656d 	ldrbvs	r6, [r4, #-1389]!	; 0xfffffa93
     368:	75007372 	strvc	r7, [r0, #-882]	; 0xfffffc8e
        pxTopOfStack = &( pxNewTCB->pxStack[ uxStackDepth - ( configSTACK_DEPTH_TYPE ) 1 ] );
     36c:	646e4978 	strbtvs	r4, [lr], #-2424	; 0xfffff688
     370:	6f547865 	svcvs	0x00547865
     374:	61656c43 	cmnvs	r5, r3, asr #24
     378:	73740072 	cmnvc	r4, #114	; 0x72
     37c:	4243546b 	submi	r5, r3, #1795162112	; 0x6b000000
        pxTopOfStack = ( StackType_t * ) ( ( ( portPOINTER_SIZE_TYPE ) pxTopOfStack ) & ( ~( ( portPOINTER_SIZE_TYPE ) portBYTE_ALIGNMENT_MASK ) ) );
     380:	53787500 	cmnpl	r8, #0, 10
     384:	64657661 	strbtvs	r7, [r5], #-1633	; 0xfffff99f
    if( pcName != NULL )
     388:	65746e49 	ldrbvs	r6, [r4, #-3657]!	; 0xfffff1b7
        for( x = ( UBaseType_t ) 0; x < ( UBaseType_t ) configMAX_TASK_NAME_LEN; x++ )
     38c:	70757272 	rsbsvc	r7, r5, r2, ror r2
     390:	61745374 	cmnvs	r4, r4, ror r3
            pxNewTCB->pcTaskName[ x ] = pcName[ x ];
     394:	00737574 	rsbseq	r7, r3, r4, ror r5
     398:	6f4e6375 	svcvs	0x004e6375
     39c:	79666974 	stmdbvc	r6!, {r2, r4, r5, r6, r8, fp, sp, lr}^
     3a0:	74617453 	strbtvc	r7, [r1], #-1107	; 0xfffffbad
     3a4:	6c750065 	ldclvs	0, cr0, [r5], #-404	; 0xfffffe6c
            if( pcName[ x ] == ( char ) 0x00 )
     3a8:	6769724f 	strbvs	r7, [r9, -pc, asr #4]!
     3ac:	6c616e69 	stclvs	14, cr6, [r1], #-420	; 0xfffffe5c
     3b0:	45534142 	ldrbmi	r4, [r3, #-322]	; 0xfffffebe
        for( x = ( UBaseType_t ) 0; x < ( UBaseType_t ) configMAX_TASK_NAME_LEN; x++ )
     3b4:	00495250 	subeq	r5, r9, r0, asr r2
     3b8:	73615478 	cmnvc	r1, #120, 8	; 0x78000000
     3bc:	6e65476b 	cdpvs	7, 6, cr4, cr5, cr11, {3}
                break;
     3c0:	63697265 	cmnvs	r9, #1342177286	; 0x50000006
        pxNewTCB->pcTaskName[ configMAX_TASK_NAME_LEN - 1U ] = '\0';
     3c4:	69746f4e 	ldmdbvs	r4!, {r1, r2, r3, r6, r8, r9, sl, fp, sp, lr}^
     3c8:	70007966 	andvc	r7, r0, r6, ror #18
    if( uxPriority >= ( UBaseType_t ) configMAX_PRIORITIES )
     3cc:	626e5578 	rsbvs	r5, lr, #120, 10	; 0x1e000000
        uxPriority = ( UBaseType_t ) configMAX_PRIORITIES - ( UBaseType_t ) 1U;
     3d0:	6b636f6c 	blvs	18dc188 <_edata+0x18d9d2c>
    pxNewTCB->uxPriority = uxPriority;
     3d4:	43546465 	cmpmi	r4, #1694498816	; 0x65000000
     3d8:	43780042 	cmnmi	r8, #66	; 0x42
    vListInitialiseItem( &( pxNewTCB->xStateListItem ) );
     3dc:	7261656c 	rsbvc	r6, r1, #108, 10	; 0x1b000000
     3e0:	6e756f43 	cdpvs	15, 7, cr6, cr5, cr3, {2}
    vListInitialiseItem( &( pxNewTCB->xEventListItem ) );
     3e4:	456e4f74 	strbmi	r4, [lr, #-3956]!	; 0xfffff08c
     3e8:	00746978 	rsbseq	r6, r4, r8, ror r9
     3ec:	43767270 	cmnmi	r6, #112, 4
    listSET_LIST_ITEM_OWNER( &( pxNewTCB->xStateListItem ), pxNewTCB );
     3f0:	74616572 	strbtvc	r6, [r1], #-1394	; 0xfffffa8e
    listSET_LIST_ITEM_VALUE( &( pxNewTCB->xEventListItem ), ( TickType_t ) configMAX_PRIORITIES - ( TickType_t ) uxPriority );
     3f4:	73615465 	cmnvc	r1, #1694498816	; 0x65000000
     3f8:	4578006b 	ldrbmi	r0, [r8, #-107]!	; 0xffffff95
     3fc:	7370616c 	cmnvc	r0, #108, 2
    listSET_LIST_ITEM_OWNER( &( pxNewTCB->xEventListItem ), pxNewTCB );
     400:	69546465 	ldmdbvs	r4, {r0, r2, r5, r6, sl, sp, lr}^
            pxNewTCB->pxTopOfStack = pxPortInitialiseStack( pxTopOfStack, pxTaskCode, pvParameters );
     404:	6500656d 	strvs	r6, [r0, #-1389]	; 0xfffffa93
     408:	56746553 			; <UNDEFINED> instruction: 0x56746553
     40c:	65756c61 	ldrbvs	r6, [r5, #-3169]!	; 0xfffff39f
     410:	68746957 	ldmdavs	r4!, {r0, r1, r2, r4, r6, r8, fp, sp, lr}^
    if( pxCreatedTask != NULL )
     414:	7265764f 	rsbvc	r7, r5, #82837504	; 0x4f00000
     418:	74697277 	strbtvc	r7, [r9], #-631	; 0xfffffd89
        *pxCreatedTask = ( TaskHandle_t ) pxNewTCB;
     41c:	54780065 	ldrbtpl	r0, [r8], #-101	; 0xffffff9b
}
     420:	476b7361 	strbmi	r7, [fp, -r1, ror #6]!
     424:	69547465 	ldmdbvs	r4, {r0, r2, r5, r6, sl, ip, sp, lr}^
    {
     428:	6f436b63 	svcvs	0x00436b63
     42c:	46746e75 			; <UNDEFINED> instruction: 0x46746e75
        taskENTER_CRITICAL();
     430:	496d6f72 	stmdbmi	sp!, {r1, r4, r5, r6, r8, r9, sl, fp, sp, lr}^
            uxCurrentNumberOfTasks = ( UBaseType_t ) ( uxCurrentNumberOfTasks + 1U );
     434:	75005253 	strvc	r5, [r0, #-595]	; 0xfffffdad
     438:	7469426c 	strbtvc	r4, [r9], #-620	; 0xfffffd94
     43c:	436f5473 	cmnmi	pc, #1929379840	; 0x73000000
            if( pxCurrentTCB == NULL )
     440:	7261656c 	rsbvc	r6, r1, #108, 10	; 0x1b000000
     444:	6e456e4f 	cdpvs	14, 4, cr6, cr5, cr15, {2}
                pxCurrentTCB = pxNewTCB;
     448:	00797274 	rsbseq	r7, r9, r4, ror r2
                if( uxCurrentNumberOfTasks == ( UBaseType_t ) 1 )
     44c:	6c644978 			; <UNDEFINED> instruction: 0x6c644978
     450:	73615465 	cmnvc	r1, #1694498816	; 0x65000000
                    prvInitialiseTaskLists();
     454:	6d614e6b 	stclvs	14, cr4, [r1, #-428]!	; 0xfffffe54
     458:	646e4965 	strbtvs	r4, [lr], #-2405	; 0xfffff69b
                if( xSchedulerRunning == pdFALSE )
     45c:	78007865 	stmdavc	r0, {r0, r2, r5, r6, fp, ip, sp, lr}
     460:	646e6550 	strbtvs	r6, [lr], #-1360	; 0xfffffab0
                    if( pxCurrentTCB->uxPriority <= pxNewTCB->uxPriority )
     464:	52676e69 	rsbpl	r6, r7, #1680	; 0x690
     468:	79646165 	stmdbvc	r4!, {r0, r2, r5, r6, r8, sp, lr}^
     46c:	7473694c 	ldrbtvc	r6, [r3], #-2380	; 0xfffff6b4
                        pxCurrentTCB = pxNewTCB;
     470:	50787000 	rsbspl	r7, r8, r0
     474:	69766572 	ldmdbvs	r6!, {r1, r4, r5, r6, r8, sl, sp, lr}^
            uxTaskNumber++;
     478:	0073756f 	rsbseq	r7, r3, pc, ror #10
     47c:	73615476 	cmnvc	r1, #1979711488	; 0x76000000
            prvAddTaskToReadyList( pxNewTCB );
     480:	7365526b 	cmnvc	r5, #-1342177274	; 0xb0000006
     484:	74537465 	ldrbvc	r7, [r3], #-1125	; 0xfffffb9b
     488:	00657461 	rsbeq	r7, r5, r1, ror #8
     48c:	65547870 	ldrbvs	r7, [r4, #-2160]	; 0xfffff790
     490:	7500706d 	strvc	r7, [r0, #-109]	; 0xffffff93
     494:	706f5478 	rsbvc	r5, pc, r8, ror r4	; <UNPREDICTABLE>
     498:	64657355 	strbtvs	r7, [r5], #-853	; 0xfffffcab
     49c:	6f697250 	svcvs	0x00697250
     4a0:	79746972 	ldmdbvc	r4!, {r1, r4, r5, r6, r8, fp, sp, lr}^
     4a4:	61547600 	cmpvs	r4, r0, lsl #12
     4a8:	75536b73 	ldrbvc	r6, [r3, #-2931]	; 0xfffff48d
     4ac:	6e657073 	mcrvs	0, 3, r7, cr5, cr3, {3}
     4b0:	6c6c4164 	stfvse	f4, [ip], #-400	; 0xfffffe70
     4b4:	53787500 	cmnpl	r8, #0, 10
     4b8:	6b636174 	blvs	18d8a90 <_edata+0x18d6634>
     4bc:	74706544 	ldrbtvc	r6, [r0], #-1348	; 0xfffffabc
     4c0:	4e650068 	cdpmi	0, 6, cr0, cr5, cr8, {3}
     4c4:	6669746f 	strbtvs	r7, [r9], -pc, ror #8
     4c8:	74634179 	strbtvc	r4, [r3], #-377	; 0xfffffe87
     4cc:	006e6f69 	rsbeq	r6, lr, r9, ror #30
     4d0:	657a6973 	ldrbvs	r6, [sl, #-2419]!	; 0xfffff68d
     4d4:	6500745f 	strvs	r7, [r0, #-1119]	; 0xfffffba1
     4d8:	72636e49 	rsbvc	r6, r3, #1168	; 0x490
     4dc:	6e656d65 	cdpvs	13, 6, cr6, cr5, cr5, {3}
     4e0:	4d780074 	ldclmi	0, cr0, [r8, #-464]!	; 0xfffffe30
     4e4:	5f494e49 	svcpl	0x00494e49
     4e8:	5453494c 	ldrbpl	r4, [r3], #-2380	; 0xfffff6b4
     4ec:	4554495f 	ldrbmi	r4, [r4, #-2399]	; 0xfffff6a1
     4f0:	5478004d 	ldrbtpl	r0, [r8], #-77	; 0xffffffb3
     4f4:	436b6369 	cmnmi	fp, #-1543503871	; 0xa4000001
     4f8:	746e756f 	strbtvc	r7, [lr], #-1391	; 0xfffffa91
     4fc:	494c7800 	stmdbmi	ip, {fp, ip, sp, lr}^
     500:	76005453 			; <UNDEFINED> instruction: 0x76005453
        taskEXIT_CRITICAL();
     504:	6b736154 	blvs	1cd8a5c <_edata+0x1cd6600>
        if( xSchedulerRunning != pdFALSE )
     508:	53646e45 	cmnpl	r4, #1104	; 0x450
     50c:	64656863 	strbtvs	r6, [r5], #-2147	; 0xfffff79d
            taskYIELD_ANY_CORE_IF_USING_PREEMPTION( pxNewTCB );
     510:	72656c75 	rsbvc	r6, r5, #29952	; 0x7500
     514:	6f437800 	svcvs	0x00437800
     518:	5474736e 	ldrbtpl	r7, [r4], #-878	; 0xfffffc92
     51c:	436b6369 	cmnmi	fp, #-1543503871	; 0xa4000001
     520:	746e756f 	strbtvc	r7, [lr], #-1391	; 0xfffffa91
     524:	4e637000 	cdpmi	0, 6, cr7, cr3, cr0, {0}
     528:	00656d61 	rsbeq	r6, r5, r1, ror #26
    }
     52c:	764f7870 			; <UNDEFINED> instruction: 0x764f7870
     530:	6c667265 	sfmvs	f7, 2, [r6], #-404	; 0xfffffe6c
     534:	6544776f 	strbvs	r7, [r4, #-1903]	; 0xfffff891
     538:	6579616c 	ldrbvs	r6, [r9, #-364]!	; 0xfffffe94
     53c:	73615464 	cmnvc	r1, #100, 8	; 0x64000000
     540:	73694c6b 	cmnvc	r9, #27392	; 0x6b00
     544:	54760074 	ldrbtpl	r0, [r6], #-116	; 0xffffff8c
     548:	506b7361 	rsbpl	r7, fp, r1, ror #6
     54c:	6563616c 	strbvs	r6, [r3, #-364]!	; 0xfffffe94
{
     550:	76456e4f 	strbvc	r6, [r5], -pc, asr #28
     554:	4c746e65 	ldclmi	14, cr6, [r4], #-404	; 0xfffffe6c
    BaseType_t xReturn = pdPASS;
     558:	00747369 	rsbseq	r7, r4, r9, ror #6
    char cIdleName[ configMAX_TASK_NAME_LEN ] = { 0 };
     55c:	6c644978 			; <UNDEFINED> instruction: 0x6c644978
     560:	73615465 	cmnvc	r1, #1694498816	; 0x65000000
     564:	6e61486b 	cdpvs	8, 6, cr4, cr1, cr11, {3}
    TaskFunction_t pxIdleTaskFunction = NULL;
     568:	73656c64 	cmnvc	r5, #100, 24	; 0x6400
    for( xIdleTaskNameIndex = 0U; xIdleTaskNameIndex < ( configMAX_TASK_NAME_LEN - taskRESERVED_TASK_NAME_LENGTH ); xIdleTaskNameIndex++ )
     56c:	4e6c7500 	cdpmi	5, 6, cr7, cr12, cr0, {0}
     570:	6669746f 	strbtvs	r7, [r9], -pc, ror #8
        cIdleName[ xIdleTaskNameIndex ] = configIDLE_TASK_NAME[ xIdleTaskNameIndex ];
     574:	56646569 	strbtpl	r6, [r4], -r9, ror #10
     578:	65756c61 	ldrbvs	r6, [r5, #-3169]!	; 0xfffff39f
     57c:	61547600 	cmpvs	r4, r0, lsl #12
     580:	65526b73 	ldrbvs	r6, [r2, #-2931]	; 0xfffff48d
        if( cIdleName[ xIdleTaskNameIndex ] == ( char ) 0x00 )
     584:	65766f6d 	ldrbvs	r6, [r6, #-3949]!	; 0xfffff093
     588:	6d6f7246 	sfmvs	f7, 2, [pc, #-280]!	; 478 <prvAddNewTaskToReadyList+0x50>
     58c:	726f6e55 	rsbvc	r6, pc, #1360	; 0x550
    for( xIdleTaskNameIndex = 0U; xIdleTaskNameIndex < ( configMAX_TASK_NAME_LEN - taskRESERVED_TASK_NAME_LENGTH ); xIdleTaskNameIndex++ )
     590:	65726564 	ldrbvs	r6, [r2, #-1380]!	; 0xfffffa9c
     594:	65764564 	ldrbvs	r4, [r6, #-1380]!	; 0xfffffa9c
     598:	694c746e 	stmdbvs	ip, {r1, r2, r3, r5, r6, sl, ip, sp, lr}^
     59c:	78007473 	stmdavc	r0, {r0, r1, r4, r5, r6, sl, ip, sp, lr}
    cIdleName[ xIdleTaskNameIndex ] = '\0';
     5a0:	6b736154 	blvs	1cd8af8 <_edata+0x1cd669c>
     5a4:	6f6d6552 	svcvs	0x006d6552
     5a8:	72466576 	subvc	r6, r6, #494927872	; 0x1d800000
    for( xCoreID = ( BaseType_t ) 0; xCoreID < ( BaseType_t ) configNUMBER_OF_CORES; xCoreID++ )
     5ac:	76456d6f 	strbvc	r6, [r5], -pc, ror #26
            pxIdleTaskFunction = &prvIdleTask;
     5b0:	4c746e65 	ldclmi	14, cr6, [r4], #-404	; 0xfffffe6c
            xReturn = xTaskCreate( pxIdleTaskFunction,
     5b4:	00747369 	rsbseq	r7, r4, r9, ror #6
     5b8:	74655365 	strbtvc	r5, [r5], #-869	; 0xfffffc9b
     5bc:	756c6156 	strbvc	r6, [ip, #-342]!	; 0xfffffeaa
     5c0:	74695765 	strbtvc	r5, [r9], #-1893	; 0xfffff89b
     5c4:	74756f68 	ldrbtvc	r6, [r5], #-3944	; 0xfffff098
     5c8:	7265764f 	rsbvc	r7, r5, #82837504	; 0x4f00000
     5cc:	74697277 	strbtvc	r7, [r9], #-631	; 0xfffffd89
     5d0:	6c750065 	ldclvs	0, cr0, [r5], #-404	; 0xfffffe6c
        if( xReturn != pdPASS )
     5d4:	4277654e 	rsbsmi	r6, r7, #327155712	; 0x13800000
    for( xCoreID = ( BaseType_t ) 0; xCoreID < ( BaseType_t ) configNUMBER_OF_CORES; xCoreID++ )
     5d8:	50455341 	subpl	r5, r5, r1, asr #6
     5dc:	55004952 	strpl	r4, [r0, #-2386]	; 0xfffff6ae
     5e0:	65736142 	ldrbvs	r6, [r3, #-322]!	; 0xfffffebe
     5e4:	65707954 	ldrbvs	r7, [r0, #-2388]!	; 0xfffff6ac
    return xReturn;
     5e8:	7800745f 	stmdavc	r0, {r0, r1, r2, r3, r4, r6, sl, ip, sp, lr}
}
     5ec:	6b736154 	blvs	1cd8b44 <_edata+0x1cd66e8>
     5f0:	656e6547 	strbvs	r6, [lr, #-1351]!	; 0xfffffab9
     5f4:	4e636972 			; <UNDEFINED> instruction: 0x4e636972
     5f8:	6669746f 	strbtvs	r7, [r9], -pc, ror #8
     5fc:	69615779 	stmdbvs	r1!, {r0, r3, r4, r5, r6, r8, r9, sl, ip, lr}^
{
     600:	72700074 	rsbsvc	r0, r0, #116	; 0x74
     604:	6c644976 			; <UNDEFINED> instruction: 0x6c644976
    xReturn = prvCreateIdleTasks();
     608:	73615465 	cmnvc	r1, #1694498816	; 0x65000000
    if( xReturn == pdPASS )
     60c:	4c78006b 	ldclmi	0, cr0, [r8], #-428	; 0xfffffe54
     610:	45747369 	ldrbmi	r7, [r4, #-873]!	; 0xfffffc97
    __asm volatile
     614:	7500646e 	strvc	r6, [r0, #-1134]	; 0xfffffb92
     618:	7361546c 	cmnvc	r1, #108, 8	; 0x6c000000
     61c:	6e65476b 	cdpvs	7, 6, cr4, cr5, cr11, {3}
     620:	63697265 	cmnvs	r9, #1342177286	; 0x50000006
}
     624:	69746f4e 	ldmdbvs	r4!, {r1, r2, r3, r6, r8, r9, sl, fp, sp, lr}^
        xNextTaskUnblockTime = portMAX_DELAY;
     628:	61547966 	cmpvs	r4, r6, ror #18
     62c:	4d00656b 	cfstr32mi	mvfx6, [r0, #-428]	; 0xfffffe54
        xSchedulerRunning = pdTRUE;
     630:	4c696e69 	stclmi	14, cr6, [r9], #-420	; 0xfffffe5c
        xTickCount = ( TickType_t ) configINITIAL_TICK_COUNT;
     634:	49747369 	ldmdbmi	r4!, {r0, r3, r5, r6, r8, r9, ip, sp, lr}^
     638:	5f6d6574 	svcpl	0x006d6574
        ( void ) xPortStartScheduler();
     63c:	54780074 	ldrbtpl	r0, [r8], #-116	; 0xffffff8c
    ( void ) uxTopUsedPriority;
     640:	436b7361 	cmnmi	fp, #-2080374783	; 0x84000001
}
     644:	74616572 	strbtvc	r6, [r1], #-1394	; 0xfffffa8e
     648:	72700065 	rsbsvc	r0, r0, #101	; 0x65
     64c:	64644176 	strbtvs	r4, [r4], #-374	; 0xfffffe8a
     650:	5477654e 	ldrbtpl	r6, [r7], #-1358	; 0xfffffab2
     654:	546b7361 	strbtpl	r7, [fp], #-865	; 0xfffffc9f
     658:	6165526f 	cmnvs	r5, pc, ror #4
{
     65c:	694c7964 	stmdbvs	ip, {r2, r5, r6, r8, fp, ip, sp, lr}^
     660:	75007473 	strvc	r7, [r0, #-1139]	; 0xfffffb8d
    __asm volatile
     664:	38746e69 	ldmdacc	r4!, {r0, r3, r5, r6, r9, sl, fp, sp, lr}^
     668:	7000745f 	andvc	r7, r0, pc, asr r4
     66c:	72437672 	subvc	r7, r3, #119537664	; 0x7200000
     670:	65746165 	ldrbvs	r6, [r4, #-357]!	; 0xfffffe9b
}
     674:	656c6449 	strbvs	r6, [ip, #-1097]!	; 0xfffffbb7
    xSchedulerRunning = pdFALSE;
     678:	6b736154 	blvs	1cd8bd0 <_edata+0x1cd6774>
    vPortEndScheduler();
     67c:	78700073 	ldmdavc	r0!, {r0, r1, r4, r5, r6}^
}
     680:	5477654e 	ldrbtpl	r6, [r7], #-1358	; 0xfffffab2
     684:	70004243 	andvc	r4, r0, r3, asr #4
     688:	73615478 	cmnvc	r1, #120, 8	; 0x78000000
{
     68c:	646f436b 	strbtvs	r4, [pc], #-875	; 694 <vTaskSuspendAll+0x8>
        uxSchedulerSuspended = ( UBaseType_t ) ( uxSchedulerSuspended + 1U );
     690:	59780065 	ldmdbpl	r8!, {r0, r2, r5, r6}^
     694:	646c6569 	strbtvs	r6, [ip], #-1385	; 0xfffffa97
     698:	7563634f 	strbvc	r6, [r3, #-847]!	; 0xfffffcb1
}
     69c:	64657272 	strbtvs	r7, [r5], #-626	; 0xfffffd8e
     6a0:	6d654d00 	stclvs	13, cr4, [r5, #-0]
     6a4:	5279726f 	rsbspl	r7, r9, #-268435450	; 0xf0000006
{
     6a8:	6f696765 	svcvs	0x00696765
     6ac:	00745f6e 	rsbseq	r5, r4, lr, ror #30
    TCB_t * pxTCB = NULL;
     6b0:	78654e78 	stmdavc	r5!, {r3, r4, r5, r6, r9, sl, fp, lr}^
    BaseType_t xAlreadyYielded = pdFALSE;
     6b4:	73615474 	cmnvc	r1, #116, 8	; 0x74000000
        taskENTER_CRITICAL();
     6b8:	626e556b 	rsbvs	r5, lr, #448790528	; 0x1ac00000
            const BaseType_t xCoreID = ( BaseType_t ) portGET_CORE_ID();
     6bc:	6b636f6c 	blvs	18dc474 <_edata+0x18da018>
            uxSchedulerSuspended = ( UBaseType_t ) ( uxSchedulerSuspended - 1U );
     6c0:	656d6954 	strbvs	r6, [sp, #-2388]!	; 0xfffff6ac
     6c4:	506c7500 	rsbpl	r7, ip, r0, lsl #10
            if( uxSchedulerSuspended == ( UBaseType_t ) 0U )
     6c8:	5274726f 	rsbspl	r7, r4, #-268435450	; 0xf0000006
     6cc:	65736961 	ldrbvs	r6, [r3, #-2401]!	; 0xfffff69f
     6d0:	45534142 	ldrbmi	r4, [r3, #-322]	; 0xfffffebe
                if( uxCurrentNumberOfTasks > ( UBaseType_t ) 0U )
     6d4:	00495250 	subeq	r5, r9, r0, asr r2
     6d8:	65527875 	ldrbvs	r7, [r2, #-2165]	; 0xfffff78b
                    while( listLIST_IS_EMPTY( &xPendingReadyList ) == pdFALSE )
     6dc:	6e727574 	mrcvs	5, 3, r7, cr2, cr4, {3}
                        pxTCB = listGET_OWNER_OF_HEAD_ENTRY( ( &xPendingReadyList ) );
     6e0:	526c7500 	rsbpl	r7, ip, #0, 10
     6e4:	72757465 	rsbsvc	r7, r5, #1694498816	; 0x65000000
                        listREMOVE_ITEM( &( pxTCB->xEventListItem ) );
     6e8:	6c75006e 	ldclvs	0, cr0, [r5], #-440	; 0xfffffe48
     6ec:	6b736154 	blvs	1cd8c44 <_edata+0x1cd67e8>
     6f0:	656e6547 	strbvs	r6, [lr, #-1351]!	; 0xfffffab9
     6f4:	4e636972 			; <UNDEFINED> instruction: 0x4e636972
     6f8:	6669746f 	strbtvs	r7, [r9], -pc, ror #8
     6fc:	6c615679 	stclvs	6, cr5, [r1], #-484	; 0xfffffe1c
     700:	6c436575 	cfstr64vs	mvdx6, [r3], {117}	; 0x75
     704:	00726165 	rsbseq	r6, r2, r5, ror #2
     708:	6f506375 	svcvs	0x00506375
     70c:	6f437472 	svcvs	0x00437472
     710:	4c746e75 	ldclmi	14, cr6, [r4], #-468	; 0xfffffe2c
     714:	69646165 	stmdbvs	r4!, {r0, r2, r5, r6, r8, sp, lr}^
     718:	655a676e 	ldrbvs	r6, [sl, #-1902]	; 0xfffff892
     71c:	00736f72 	rsbseq	r6, r3, r2, ror pc
     720:	654c6c75 	strbvs	r6, [ip, #-3189]	; 0xfffff38b
                        listREMOVE_ITEM( &( pxTCB->xStateListItem ) );
     724:	6874676e 	ldmdavs	r4!, {r1, r2, r3, r5, r6, r8, r9, sl, sp, lr}^
     728:	79426e49 	stmdbvc	r2, {r0, r3, r6, r9, sl, fp, sp, lr}^
     72c:	00736574 	rsbseq	r6, r3, r4, ror r5
     730:	52767270 	rsbspl	r7, r6, #112, 4
     734:	74657365 	strbtvc	r7, [r5], #-869	; 0xfffffc9b
     738:	7478654e 	ldrbtvc	r6, [r8], #-1358	; 0xfffffab2
     73c:	6b736154 	blvs	1cd8c94 <_edata+0x1cd6838>
     740:	6c626e55 	stclvs	14, cr6, [r2], #-340	; 0xfffffeac
     744:	546b636f 	strbtpl	r6, [fp], #-879	; 0xfffffc91
     748:	00656d69 	rsbeq	r6, r5, r9, ror #26
     74c:	6d695478 	cfstrdvs	mvd5, [r9, #-480]!	; 0xfffffe20
     750:	456e4f65 	strbmi	r4, [lr, #-3941]!	; 0xfffff09b
     754:	7265746e 	rsbvc	r7, r5, #1845493760	; 0x6e000000
     758:	00676e69 	rsbeq	r6, r7, r9, ror #28
     75c:	6b736154 	blvs	1cd8cb4 <_edata+0x1cd6858>
     760:	636e7546 	cmnvs	lr, #293601280	; 0x11800000
                        prvAddTaskToReadyList( pxTCB );
     764:	6e6f6974 			; <UNDEFINED> instruction: 0x6e6f6974
     768:	7000745f 	andvc	r7, r0, pc, asr r4
     76c:	78654e78 	stmdavc	r5!, {r3, r4, r5, r6, r9, sl, fp, lr}^
     770:	75700074 	ldrbvc	r0, [r0, #-116]!	; 0xffffff8c
     774:	6572506c 	ldrbvs	r5, [r2, #-108]!	; 0xffffff94
     778:	756f6976 	strbvc	r6, [pc, #-2422]!	; fffffe0a <__StackTop+0xdfffde0a>
     77c:	746f4e73 	strbtvc	r4, [pc], #-3699	; 784 <xTaskResumeAll+0xdc>
     780:	63696669 	cmnvs	r9, #110100480	; 0x6900000
     784:	6f697461 	svcvs	0x00697461
     788:	6c61566e 	stclvs	6, cr5, [r1], #-440	; 0xfffffe48
     78c:	70006575 	andvc	r6, r0, r5, ror r5
     790:	6d695478 	cfstrdvs	mvd5, [r9, #-480]!	; 0xfffffe20
     794:	74754f65 	ldrbtvc	r4, [r5], #-3941	; 0xfffff09b
     798:	2f2e2e00 	svccs	0x002e2e00
     79c:	65657246 	strbvs	r7, [r5, #-582]!	; 0xfffffdba
     7a0:	534f5452 	movtpl	r5, #62546	; 0xf452
     7a4:	72654b2d 	rsbvc	r4, r5, #46080	; 0xb400
     7a8:	2f6c656e 	svccs	0x006c656e
     7ac:	6b736174 	blvs	1cd8d84 <_edata+0x1cd6928>
     7b0:	00632e73 	rsbeq	r2, r3, r3, ror lr
     7b4:	73615478 	cmnvc	r1, #120, 8	; 0x78000000
     7b8:	7465476b 	strbtvc	r4, [r5], #-1899	; 0xfffff895
     7bc:	6b636954 	blvs	18dad14 <_edata+0x18d88b8>
     7c0:	6e756f43 	cdpvs	15, 7, cr6, cr5, cr3, {2}
     7c4:	69540074 	ldmdbvs	r4, {r2, r4, r5, r6}^
     7c8:	754f656d 	strbvc	r6, [pc, #-1389]	; 263 <start+0x9f>
     7cc:	00745f74 	rsbseq	r5, r4, r4, ror pc
     7d0:	73615476 	cmnvc	r1, #1979711488	; 0x76000000
     7d4:	746e496b 	strbtvc	r4, [lr], #-2411	; 0xfffff695
     7d8:	616e7265 	cmnvs	lr, r5, ror #4
     7dc:	7465536c 	strbtvc	r5, [r5], #-876	; 0xfffffc94
     7e0:	656d6954 	strbvs	r6, [sp, #-2388]!	; 0xfffff6ac
                            if( pxTCB->uxPriority > pxCurrentTCB->uxPriority )
     7e4:	5374754f 	cmnpl	r4, #331350016	; 0x13c00000
     7e8:	65746174 	ldrbvs	r6, [r4, #-372]!	; 0xfffffe8c
     7ec:	54787500 	ldrbtpl	r7, [r8], #-1280	; 0xfffffb00
     7f0:	4e6b7361 	cdpmi	3, 6, cr7, cr11, cr1, {3}
                                xYieldPendings[ xCoreID ] = pdTRUE;
     7f4:	65626d75 	strbvs	r6, [r2, #-3445]!	; 0xfffff28b
     7f8:	61540072 	cmpvs	r4, r2, ror r0
                    while( listLIST_IS_EMPTY( &xPendingReadyList ) == pdFALSE )
     7fc:	61486b73 	hvcvs	34483	; 0x86b3
     800:	656c646e 	strbvs	r6, [ip, #-1134]!	; 0xfffffb92
     804:	6500745f 	strvs	r7, [r0, #-1119]	; 0xfffffba1
                    if( pxTCB != NULL )
     808:	69746341 	ldmdbvs	r4!, {r0, r6, r8, r9, sp, lr}^
                        prvResetNextTaskUnblockTime();
     80c:	75006e6f 	strvc	r6, [r0, #-3695]	; 0xfffff191
                        TickType_t xPendedCounts = xPendedTicks; /* Non-volatile copy. */
     810:	77654e6c 	strbvc	r4, [r5, -ip, ror #28]!
     814:	6b73614d 	blvs	1cd8d50 <_edata+0x1cd68f4>
                        if( xPendedCounts > ( TickType_t ) 0U )
     818:	756c6156 	strbvc	r6, [ip, #-342]!	; 0xfffffeaa
                                if( xTaskIncrementTick() != pdFALSE )
     81c:	78750065 	ldmdavc	r5!, {r0, r2, r5, r6}^
     820:	6b736154 	blvs	1cd8d78 <_edata+0x1cd691c>
     824:	65736552 	ldrbvs	r6, [r3, #-1362]!	; 0xfffffaae
                                    xYieldPendings[ xCoreID ] = pdTRUE;
     828:	65764574 	ldrbvs	r4, [r6, #-1396]!	; 0xfffffa8c
     82c:	7449746e 	strbvc	r7, [r9], #-1134	; 0xfffffb92
                                --xPendedCounts;
     830:	61566d65 	cmpvs	r6, r5, ror #26
     834:	0065756c 	rsbeq	r7, r5, ip, ror #10
                            } while( xPendedCounts > ( TickType_t ) 0U );
     838:	7473694c 	ldrbtvc	r6, [r3], #-2380	; 0xfffff6b4
                            xPendedTicks = 0;
     83c:	7800745f 	stmdavc	r0, {r0, r1, r2, r3, r4, r6, sl, ip, sp, lr}
     840:	6b736154 	blvs	1cd8d98 <_edata+0x1cd693c>
                    if( xYieldPendings[ xCoreID ] != pdFALSE )
     844:	75516f54 	ldrbvc	r6, [r1, #-3924]	; 0xfffff0ac
     848:	00797265 	rsbseq	r7, r9, r5, ror #4
     84c:	6b636954 	blvs	18dada4 <_edata+0x18d8948>
                            xAlreadyYielded = pdTRUE;
     850:	65707954 	ldrbvs	r7, [r0, #-2388]!	; 0xfffff6ac
                            taskYIELD_TASK_CORE_IF_USING_PREEMPTION( pxCurrentTCB );
     854:	7800745f 	stmdavc	r0, {r0, r1, r2, r3, r4, r6, sl, ip, sp, lr}
     858:	6b736154 	blvs	1cd8db0 <_edata+0x1cd6954>
     85c:	6f4e6f54 	svcvs	0x004e6f54
     860:	79666974 	stmdbvc	r6!, {r2, r4, r5, r6, r8, fp, sp, lr}^
     864:	61547800 	cmpvs	r4, r0, lsl #16
        taskEXIT_CRITICAL();
     868:	65006b73 	strvs	r6, [r0, #-2931]	; 0xfffff48d
}
     86c:	42746553 	rsbsmi	r6, r4, #348127232	; 0x14c00000
     870:	00737469 	rsbseq	r7, r3, r9, ror #8
     874:	4d454d78 	stclmi	13, cr4, [r5, #-480]	; 0xfffffe20
     878:	5f59524f 	svcpl	0x0059524f
     87c:	49474552 	stmdbmi	r7, {r1, r4, r6, r8, sl, lr}^
     880:	76004e4f 	strvc	r4, [r0], -pc, asr #28
     884:	6b736154 	blvs	1cd8ddc <_edata+0x1cd6980>
     888:	74697753 	strbtvc	r7, [r9], #-1875	; 0xfffff8ad
     88c:	6f436863 	svcvs	0x00436863
     890:	7865746e 	stmdavc	r5!, {r1, r2, r3, r5, r6, sl, ip, sp, lr}^
     894:	4e780074 	mrcmi	0, 3, r0, cr8, cr4, {3}
{
     898:	664f6d75 			; <UNDEFINED> instruction: 0x664f6d75
     89c:	7265764f 	rsbvc	r7, r5, #82837504	; 0x4f00000
        xTicks = xTickCount;
     8a0:	776f6c66 	strbvc	r6, [pc, -r6, ror #24]!
    return xTicks;
     8a4:	76700073 			; <UNDEFINED> instruction: 0x76700073
}
     8a8:	746e6f43 	strbtvc	r6, [lr], #-3907	; 0xfffff0bd
     8ac:	656e6961 	strbvs	r6, [lr, #-2401]!	; 0xfffff69f
     8b0:	78700072 	ldmdavc	r0!, {r1, r4, r5, r6}^
{
     8b4:	72727543 	rsbsvc	r7, r2, #281018368	; 0x10c00000
     8b8:	54746e65 	ldrbtpl	r6, [r4], #-3685	; 0xfffff19b
    uxSavedInterruptStatus = portTICK_TYPE_SET_INTERRUPT_MASK_FROM_ISR();
     8bc:	78004243 	stmdavc	r0, {r0, r1, r6, r9, lr}
        xReturn = xTickCount;
     8c0:	756f6853 	strbvc	r6, [pc, #-2131]!	; 75 <_stext+0x75>
    return xReturn;
     8c4:	6c42646c 	cfstrdvs	mvd6, [r2], {108}	; 0x6c
}
     8c8:	006b636f 	rsbeq	r6, fp, pc, ror #6
     8cc:	6c644963 			; <UNDEFINED> instruction: 0x6c644963
     8d0:	6d614e65 	stclvs	14, cr4, [r1, #-404]!	; 0xfffffe6c
{
     8d4:	72700065 	rsbsvc	r0, r0, #101	; 0x65
    return uxCurrentNumberOfTasks;
     8d8:	696e4976 	stmdbvs	lr!, {r1, r2, r4, r5, r6, r8, fp, lr}^
}
     8dc:	6c616974 			; <UNDEFINED> instruction: 0x6c616974
     8e0:	4e657369 	cdpmi	3, 6, cr7, cr5, cr9, {3}
     8e4:	61547765 	cmpvs	r4, r5, ror #14
{
     8e8:	78006b73 	stmdavc	r0, {r0, r1, r4, r5, r6, r8, r9, fp, sp, lr}
     8ec:	6d657449 	cfstrdvs	mvd7, [r5, #-292]!	; 0xfffffedc
    pxTCB = prvGetTCBFromHandle( xTaskToQuery );
     8f0:	756c6156 	strbvc	r6, [ip, #-342]!	; 0xfffffeaa
     8f4:	54780065 	ldrbtpl	r0, [r8], #-101	; 0xffffff9b
     8f8:	526b7361 	rsbpl	r7, fp, #-2080374783	; 0x84000001
     8fc:	6d757365 	ldclvs	3, cr7, [r5, #-404]!	; 0xfffffe6c
    return &( pxTCB->pcTaskName[ 0 ] );
     900:	6c6c4165 	stfvse	f4, [ip], #-404	; 0xfffffe6c
}
     904:	44787000 	ldrbtmi	r7, [r8], #-0
     908:	79616c65 	stmdbvc	r1!, {r0, r2, r5, r6, sl, fp, sp, lr}^
     90c:	61546465 	cmpvs	r4, r5, ror #8
     910:	694c6b73 	stmdbvs	ip, {r0, r1, r4, r5, r6, r8, r9, fp, sp, lr}^
{
     914:	78007473 	stmdavc	r0, {r0, r1, r4, r5, r6, sl, ip, sp, lr}
     918:	74697753 	strbtvc	r7, [r9], #-1875	; 0xfffff8ad
    vTaskSuspendAll();
     91c:	65526863 	ldrbvs	r6, [r2, #-2147]	; 0xfffff79d
    taskENTER_CRITICAL();
     920:	72697571 	rsbvc	r7, r9, #473956352	; 0x1c400000
        xPendedTicks += xTicksToCatchUp;
     924:	70006465 	andvc	r6, r0, r5, ror #8
     928:	61745378 	cmnvs	r4, r8, ror r3
     92c:	75006b63 	strvc	r6, [r0, #-2915]	; 0xfffff49d
    taskEXIT_CRITICAL();
     930:	6c61566c 	stclvs	6, cr5, [r1], #-432	; 0xfffffe50
    xYieldOccurred = xTaskResumeAll();
     934:	78006575 	stmdavc	r0, {r0, r2, r4, r5, r6, r8, sl, sp, lr}
     938:	6b736154 	blvs	1cd8e90 <_edata+0x1cd6a34>
}
     93c:	63656843 	cmnvs	r5, #4390912	; 0x430000
     940:	726f466b 	rsbvc	r4, pc, #112197632	; 0x6b00000
     944:	656d6954 	strbvs	r6, [sp, #-2388]!	; 0xfffff6ac
{
     948:	0074754f 	rsbseq	r7, r4, pc, asr #10
     94c:	64497870 	strbvs	r7, [r9], #-2160	; 0xfffff790
    BaseType_t xSwitchRequired = pdFALSE;
     950:	6154656c 	cmpvs	r4, ip, ror #10
    if( uxSchedulerSuspended == ( UBaseType_t ) 0U )
     954:	75466b73 	strbvc	r6, [r6, #-2931]	; 0xfffff48d
     958:	6974636e 	ldmdbvs	r4!, {r1, r2, r3, r5, r6, r8, r9, sp, lr}^
        const TickType_t xConstTickCount = xTickCount + ( TickType_t ) 1;
     95c:	75006e6f 	strvc	r6, [r0, #-3695]	; 0xfffff191
     960:	74655263 	strbtvc	r5, [r5], #-611	; 0xfffffd9d
        xTickCount = xConstTickCount;
     964:	006e7275 	rsbeq	r7, lr, r5, ror r2
     968:	4e6c7570 	mcrmi	5, 3, r7, cr12, cr0, {3}
        if( xConstTickCount == ( TickType_t ) 0U )
     96c:	6669746f 	strbtvs	r7, [r9], -pc, ror #8
            taskSWITCH_DELAYED_LISTS();
     970:	74616369 	strbtvc	r6, [r1], #-873	; 0xfffffc97
     974:	566e6f69 	strbtpl	r6, [lr], -r9, ror #30
     978:	65756c61 	ldrbvs	r6, [r5, #-3169]!	; 0xfffff39f
     97c:	61547600 	cmpvs	r4, r0, lsl #12
     980:	694d6b73 	stmdbvs	sp, {r0, r1, r4, r5, r6, r8, r9, fp, sp, lr}^
     984:	64657373 	strbtvs	r7, [r5], #-883	; 0xfffffc8d
     988:	6c656959 			; <UNDEFINED> instruction: 0x6c656959
     98c:	50760064 	rsbspl	r0, r6, r4, rrx
     990:	5274726f 	rsbspl	r7, r4, #-268435450	; 0xf0000006
        if( xConstTickCount >= xNextTaskUnblockTime )
     994:	65736961 	ldrbvs	r6, [r3, #-2401]!	; 0xfffff69f
     998:	45534142 	ldrbmi	r4, [r3, #-322]	; 0xfffffebe
     99c:	00495250 	subeq	r5, r9, r0, asr r2
                if( listLIST_IS_EMPTY( pxDelayedTaskList ) != pdFALSE )
     9a0:	61546370 	cmpvs	r4, r0, ror r3
     9a4:	65476b73 	strbvs	r6, [r7, #-2931]	; 0xfffff48d
                    xNextTaskUnblockTime = portMAX_DELAY;
     9a8:	6d614e74 	stclvs	14, cr4, [r1, #-464]!	; 0xfffffe30
     9ac:	54780065 	ldrbtpl	r0, [r8], #-101	; 0xffffff9b
                    break;
     9b0:	736b6369 	cmnvc	fp, #-1543503871	; 0xa4000001
                    pxTCB = listGET_OWNER_OF_HEAD_ENTRY( pxDelayedTaskList );
     9b4:	61547600 	cmpvs	r4, r0, lsl #12
     9b8:	74536b73 	ldrbvc	r6, [r3], #-2931	; 0xfffff48d
                    xItemValue = listGET_LIST_ITEM_VALUE( &( pxTCB->xStateListItem ) );
     9bc:	53747261 	cmnpl	r4, #268435462	; 0x10000006
     9c0:	64656863 	strbtvs	r6, [r5], #-2147	; 0xfffff79d
                    if( xConstTickCount < xItemValue )
     9c4:	72656c75 	rsbvc	r6, r5, #29952	; 0x7500
     9c8:	61437800 	cmpvs	r3, r0, lsl #16
                        xNextTaskUnblockTime = xItemValue;
     9cc:	6f6c426e 	svcvs	0x006c426e
                        break;
     9d0:	6e496b63 	vmlsvs.f64	d22, d9, d19
                    listREMOVE_ITEM( &( pxTCB->xStateListItem ) );
     9d4:	69666564 	stmdbvs	r6!, {r2, r5, r6, r8, sl, sp, lr}^
     9d8:	6574696e 	ldrbvs	r6, [r4, #-2414]!	; 0xfffff692
     9dc:	7000796c 	andvc	r7, r0, ip, ror #18
     9e0:	73614276 	cmnvc	r1, #1610612743	; 0x60000007
     9e4:	64644165 	strbtvs	r4, [r4], #-357	; 0xfffffe9b
     9e8:	73736572 	cmnvc	r3, #478150656	; 0x1c800000
     9ec:	61547600 	cmpvs	r4, r0, lsl #12
     9f0:	65476b73 	strbvs	r6, [r7, #-2931]	; 0xfffff48d
     9f4:	6972656e 	ldmdbvs	r2!, {r1, r2, r3, r5, r6, r8, sl, sp, lr}^
     9f8:	746f4e63 	strbtvc	r4, [pc], #-3683	; a00 <xTaskIncrementTick+0xb8>
     9fc:	47796669 	ldrbmi	r6, [r9, -r9, ror #12]!
     a00:	46657669 	strbtmi	r7, [r5], -r9, ror #12
     a04:	496d6f72 	stmdbmi	sp!, {r1, r4, r5, r6, r8, r9, sl, fp, sp, lr}^
     a08:	76005253 			; <UNDEFINED> instruction: 0x76005253
     a0c:	6b736154 	blvs	1cd8f64 <_edata+0x1cd6b08>
                    if( listLIST_ITEM_CONTAINER( &( pxTCB->xEventListItem ) ) != NULL )
     a10:	63616c50 	cmnvs	r1, #80, 24	; 0x5000
     a14:	556e4f65 	strbpl	r4, [lr, #-3941]!	; 0xfffff09b
                        listREMOVE_ITEM( &( pxTCB->xEventListItem ) );
     a18:	64726f6e 	ldrbtvs	r6, [r2], #-3950	; 0xfffff092
     a1c:	64657265 	strbtvs	r7, [r5], #-613	; 0xfffffd9b
     a20:	6e657645 	cdpvs	6, 6, cr7, cr5, cr5, {2}
     a24:	73694c74 	cmnvc	r9, #116, 24	; 0x7400
     a28:	78700074 	ldmdavc	r0!, {r2, r4, r5, r6}^
     a2c:	6b636954 	blvs	18daf84 <_edata+0x18d8b28>
     a30:	576f5473 			; <UNDEFINED> instruction: 0x576f5473
     a34:	00746961 	rsbseq	r6, r4, r1, ror #18
     a38:	6f547875 	svcvs	0x00547875
     a3c:	69725070 	ldmdbvs	r2!, {r4, r5, r6, ip, lr}^
     a40:	7469726f 	strbtvc	r7, [r9], #-623	; 0xfffffd91
     a44:	43540079 	cmpmi	r4, #121	; 0x79
     a48:	00745f42 	rsbseq	r5, r4, r2, asr #30
     a4c:	774f7670 	smlsldxvc	r7, pc, r0, r6	; <UNPREDICTABLE>
     a50:	0072656e 	rsbseq	r6, r2, lr, ror #10
     a54:	726c4178 	rsbvc	r4, ip, #120, 2
                    prvAddTaskToReadyList( pxTCB );
     a58:	79646165 	stmdbvc	r4!, {r0, r2, r5, r6, r8, sp, lr}^
     a5c:	6c656959 			; <UNDEFINED> instruction: 0x6c656959
     a60:	00646564 	rsbeq	r6, r4, r4, ror #10
     a64:	73615478 	cmnvc	r1, #120, 8	; 0x78000000
     a68:	7465476b 	strbtvc	r4, [r5], #-1899	; 0xfffff895
     a6c:	72727543 	rsbsvc	r7, r2, #281018368	; 0x10c00000
     a70:	54746e65 	ldrbtpl	r6, [r4], #-3685	; 0xfffff19b
     a74:	486b7361 	stmdami	fp!, {r0, r5, r6, r8, r9, ip, sp, lr}^
     a78:	6c646e61 	stclvs	14, cr6, [r4], #-388	; 0xfffffe7c
     a7c:	78700065 	ldmdavc	r0!, {r0, r2, r5, r6}^
     a80:	6e657645 	cdpvs	6, 6, cr7, cr5, cr5, {2}
     a84:	73694c74 	cmnvc	r9, #116, 24	; 0x7400
     a88:	65744974 	ldrbvs	r4, [r4, #-2420]!	; 0xfffff68c
     a8c:	5078006d 	rsbspl	r0, r8, sp, rrx
     a90:	65646e65 	strbvs	r6, [r4, #-3685]!	; 0xfffff19b
     a94:	63695464 	cmnvs	r9, #100, 8	; 0x64000000
     a98:	7800736b 	stmdavc	r0, {r0, r1, r3, r5, r6, r8, r9, ip, sp, lr}
     a9c:	6b636954 	blvs	18daff4 <_edata+0x18d8b98>
     aa0:	436f5473 	cmnmi	pc, #1929379840	; 0x73000000
     aa4:	68637461 	stmdavs	r3!, {r0, r5, r6, sl, ip, sp, lr}^
     aa8:	78007055 	stmdavc	r0, {r0, r2, r4, r6, ip, sp, lr}
     aac:	69676552 	stmdbvs	r7!, {r1, r4, r6, r8, sl, sp, lr}^
     ab0:	00736e6f 	rsbseq	r6, r3, pc, ror #28
     ab4:	41767270 	cmnmi	r6, r0, ror r2
     ab8:	75436464 	strbvc	r6, [r3, #-1124]	; 0xfffffb9c
     abc:	6e657272 	mcrvs	2, 3, r7, cr5, cr2, {3}
     ac0:	73615474 	cmnvc	r1, #116, 8	; 0x74000000
     ac4:	446f546b 	strbtmi	r5, [pc], #-1131	; acc <xTaskIncrementTick+0x184>
     ac8:	79616c65 	stmdbvc	r1!, {r0, r2, r5, r6, sl, fp, sp, lr}^
     acc:	694c6465 	stmdbvs	ip, {r0, r2, r5, r6, sl, sp, lr}^
     ad0:	78007473 	stmdavc	r0, {r0, r1, r4, r5, r6, sl, ip, sp, lr}
     ad4:	6b736154 	blvs	1cd902c <_edata+0x1cd6bd0>
                            if( pxTCB->uxPriority > pxCurrentTCB->uxPriority )
     ad8:	43746547 	cmnmi	r4, #297795584	; 0x11c00000
     adc:	65727275 	ldrbvs	r7, [r2, #-629]!	; 0xfffffd8b
     ae0:	6154746e 	cmpvs	r4, lr, ror #8
     ae4:	61486b73 	hvcvs	34483	; 0x86b3
                                xSwitchRequired = pdTRUE;
     ae8:	656c646e 	strbvs	r6, [ip, #-1134]!	; 0xfffffb92
                if( listLIST_IS_EMPTY( pxDelayedTaskList ) != pdFALSE )
     aec:	43726f46 	cmnmi	r2, #280	; 0x118
                if( listCURRENT_LIST_LENGTH( &( pxReadyTasksLists[ pxCurrentTCB->uxPriority ] ) ) > 1U )
     af0:	0065726f 	rsbeq	r7, r5, pc, ror #4
     af4:	75437875 	strbvc	r7, [r3, #-2165]	; 0xfffff78b
     af8:	6e657272 	mcrvs	2, 3, r7, cr5, cr2, {3}
     afc:	6d754e74 	ldclvs	14, cr4, [r5, #-464]!	; 0xfffffe30
     b00:	4f726562 	svcmi	0x00726562
     b04:	73615466 	cmnvc	r1, #1711276032	; 0x66000000
                    xSwitchRequired = pdTRUE;
     b08:	7800736b 	stmdavc	r0, {r0, r1, r3, r5, r6, r8, r9, ip, sp, lr}
                if( xYieldPendings[ 0 ] != pdFALSE )
     b0c:	656d6954 	strbvs	r6, [sp, #-2388]!	; 0xfffff6ac
     b10:	61576f54 	cmpvs	r7, r4, asr pc
                    xSwitchRequired = pdTRUE;
     b14:	7800656b 	stmdavc	r0, {r0, r1, r3, r5, r6, r8, sl, sp, lr}
        xPendedTicks += 1U;
     b18:	74617453 	strbtvc	r7, [r1], #-1107	; 0xfffffbad
     b1c:	73694c65 	cmnvc	r9, #25856	; 0x6500
     b20:	65744974 	ldrbvs	r4, [r4, #-2420]!	; 0xfffff68c
}
     b24:	7870006d 	ldmdavc	r0!, {r0, r2, r3, r5, r6}^
     b28:	00424354 	subeq	r4, r2, r4, asr r3
     b2c:	73615478 	cmnvc	r1, #120, 8	; 0x78000000
     b30:	6e65476b 	cdpvs	7, 6, cr4, cr5, cr11, {3}
     b34:	63697265 	cmnvs	r9, #1342177286	; 0x50000006
     b38:	69746f4e 	ldmdbvs	r4!, {r1, r2, r3, r6, r8, r9, sl, fp, sp, lr}^
     b3c:	74537966 	ldrbvc	r7, [r3], #-2406	; 0xfffff69a
     b40:	43657461 	cmnmi	r5, #1627389952	; 0x61000000
     b44:	7261656c 	rsbvc	r6, r1, #108, 10	; 0x1b000000
     b48:	53787500 	cmnpl	r8, #0, 10
     b4c:	64656863 	strbtvs	r6, [r5], #-2147	; 0xfffff79d
     b50:	72656c75 	rsbvc	r6, r5, #29952	; 0x7500
     b54:	70737553 	rsbsvc	r7, r3, r3, asr r5
    {
     b58:	65646e65 	strbvs	r6, [r4, #-3685]!	; 0xfffff19b
     b5c:	78700064 	ldmdavc	r0!, {r2, r5, r6}^
        if( uxSchedulerSuspended != ( UBaseType_t ) 0U )
     b60:	4f706f54 	svcmi	0x00706f54
     b64:	61745366 	cmnvs	r4, r6, ror #6
            xYieldPendings[ 0 ] = pdTRUE;
     b68:	70006b63 	andvc	r6, r0, r3, ror #22
    }
     b6c:	6e497672 	mcrvs	6, 2, r7, cr9, cr2, {3}
            xYieldPendings[ 0 ] = pdFALSE;
     b70:	61697469 	cmnvs	r9, r9, ror #8
            taskSELECT_HIGHEST_PRIORITY_TASK();
     b74:	6573696c 	ldrbvs	r6, [r3, #-2412]!	; 0xfffff694
     b78:	6b736154 	blvs	1cd90d0 <_edata+0x1cd6c74>
        __asm volatile ( "clz %0, %1" : "=r" ( ucReturn ) : "r" ( ulBitmap ) : "memory" );
     b7c:	7473694c 	ldrbtvc	r6, [r3], #-2380	; 0xfffff6b4
     b80:	78700073 	ldmdavc	r0!, {r0, r1, r4, r5, r6}^
     b84:	7473694c 	ldrbtvc	r6, [r3], #-2380	; 0xfffff6b4
     b88:	49787500 	ldmdbmi	r8!, {r8, sl, ip, sp, lr}^
     b8c:	7865646e 	stmdavc	r5!, {r1, r2, r3, r5, r6, sl, sp, lr}^
     b90:	6f4e6f54 	svcvs	0x004e6f54
     b94:	79666974 	stmdbvc	r6!, {r2, r4, r5, r6, r8, fp, sp, lr}^
     b98:	43787000 	cmnmi	r8, #0
     b9c:	74616572 	strbtvc	r6, [r1], #-1394	; 0xfffffa8e
     ba0:	61546465 	cmpvs	r4, r5, ror #8
     ba4:	70006b73 	andvc	r6, r0, r3, ror fp
     ba8:	68437672 	stmdavs	r3, {r1, r4, r5, r6, r9, sl, ip, sp, lr}^
     bac:	546b6365 	strbtpl	r6, [fp], #-869	; 0xfffffc9b
     bb0:	736b7361 	cmnvc	fp, #-2080374783	; 0x84000001
     bb4:	74696157 	strbtvc	r6, [r9], #-343	; 0xfffffea9
     bb8:	54676e69 	strbtpl	r6, [r7], #-3689	; 0xfffff197
     bbc:	696d7265 	stmdbvs	sp!, {r0, r2, r5, r6, r9, ip, sp, lr}^
     bc0:	6974616e 	ldmdbvs	r4!, {r1, r2, r3, r5, r6, r8, sp, lr}^
            portTASK_SWITCH_HOOK( pxCurrentTCB );
     bc4:	70006e6f 	andvc	r6, r0, pc, ror #28
    }
     bc8:	65764f78 	ldrbvs	r4, [r6, #-3960]!	; 0xfffff088
     bcc:	6f6c6672 	svcvs	0x006c6672
     bd0:	6c654477 	cfstrdvs	mvd4, [r5], #-476	; 0xfffffe24
     bd4:	64657961 	strbtvs	r7, [r5], #-2401	; 0xfffff69f
     bd8:	7473694c 	ldrbtvc	r6, [r3], #-2380	; 0xfffff6b4
     bdc:	49787500 	ldmdbmi	r8!, {r8, sl, ip, sp, lr}^
     be0:	7865646e 	stmdavc	r5!, {r1, r2, r3, r5, r6, sl, sp, lr}^
{
     be4:	61576f54 	cmpvs	r7, r4, asr pc
     be8:	6e4f7469 	cdpvs	4, 4, cr7, cr15, cr9, {3}
     bec:	2f2e2e00 	svccs	0x002e2e00
    vListInsert( pxEventList, &( pxCurrentTCB->xEventListItem ) );
     bf0:	65657246 	strbvs	r7, [r5, #-582]!	; 0xfffffdba
     bf4:	534f5452 	movtpl	r5, #62546	; 0xf452
     bf8:	72654b2d 	rsbvc	r4, r5, #46080	; 0xb400
    prvAddCurrentTaskToDelayedList( xTicksToWait, pdTRUE );
     bfc:	2f6c656e 	svccs	0x006c656e
     c00:	7473696c 	ldrbtvc	r6, [r3], #-2412	; 0xfffff694
}
     c04:	7000632e 	andvc	r6, r0, lr, lsr #6
     c08:	65744978 	ldrbvs	r4, [r4, #-2424]!	; 0xfffff688
     c0c:	526f546d 	rsbpl	r5, pc, #1828716544	; 0x6d000000
{
     c10:	766f6d65 	strbtvc	r6, [pc], -r5, ror #26
     c14:	4c760065 	ldclmi	0, cr0, [r6], #-404	; 0xfffffe6c
     c18:	49747369 	ldmdbmi	r4!, {r0, r3, r5, r6, r8, r9, ip, sp, lr}^
    listSET_LIST_ITEM_VALUE( &( pxCurrentTCB->xEventListItem ), xItemValue | taskEVENT_LIST_ITEM_VALUE_IN_USE );
     c1c:	6974696e 	ldmdbvs	r4!, {r1, r2, r3, r5, r6, r8, fp, sp, lr}^
     c20:	73696c61 	cmnvc	r9, #24832	; 0x6100
     c24:	65744965 	ldrbvs	r4, [r4, #-2405]!	; 0xfffff69b
    listINSERT_END( pxEventList, &( pxCurrentTCB->xEventListItem ) );
     c28:	4c76006d 	ldclmi	0, cr0, [r6], #-436	; 0xfffffe4c
     c2c:	49747369 	ldmdbmi	r4!, {r0, r3, r5, r6, r8, r9, ip, sp, lr}^
     c30:	7265736e 	rsbvc	r7, r5, #-1207959551	; 0xb8000001
     c34:	646e4574 	strbtvs	r4, [lr], #-1396	; 0xfffffa8c
     c38:	694c7600 	stmdbvs	ip, {r9, sl, ip, sp, lr}^
     c3c:	6e497473 	mcrvs	4, 2, r7, cr9, cr3, {3}
     c40:	61697469 	cmnvs	r9, r9, ror #8
     c44:	6573696c 	ldrbvs	r6, [r3, #-2412]!	; 0xfffff694
     c48:	61567800 	cmpvs	r6, r0, lsl #16
     c4c:	4f65756c 	svcmi	0x0065756c
     c50:	736e4966 	cmnvc	lr, #1671168	; 0x198000
     c54:	69747265 	ldmdbvs	r4!, {r0, r2, r5, r6, r9, ip, sp, lr}^
     c58:	70006e6f 	andvc	r6, r0, pc, ror #28
     c5c:	65744978 	ldrbvs	r4, [r4, #-2424]!	; 0xfffff688
     c60:	7870006d 	ldmdavc	r0!, {r0, r2, r3, r5, r6}^
     c64:	72657449 	rsbvc	r7, r5, #1224736768	; 0x49000000
     c68:	726f7461 	rsbvc	r7, pc, #1627389952	; 0x61000000
    prvAddCurrentTaskToDelayedList( xTicksToWait, pdTRUE );
     c6c:	4c787500 	cfldr64mi	mvdx7, [r8], #-0
     c70:	52747369 	rsbspl	r7, r4, #-1543503871	; 0xa4000001
}
     c74:	766f6d65 	strbtvc	r6, [pc], -r5, ror #26
     c78:	78700065 	ldmdavc	r0!, {r0, r2, r5, r6}^
     c7c:	4c77654e 	cfldr64mi	mvdx6, [r7], #-312	; 0xfffffec8
{
     c80:	49747369 	ldmdbmi	r4!, {r0, r3, r5, r6, r8, r9, ip, sp, lr}^
     c84:	006d6574 	rsbeq	r6, sp, r4, ror r5
    pxUnblockedTCB = listGET_OWNER_OF_HEAD_ENTRY( pxEventList );
     c88:	73694c76 	cmnvc	r9, #30208	; 0x7600
     c8c:	736e4974 	cmnvc	lr, #116, 18	; 0x1d0000
    listREMOVE_ITEM( &( pxUnblockedTCB->xEventListItem ) );
     c90:	00747265 	rsbseq	r7, r4, r5, ror #4
     c94:	72507870 	subsvc	r7, r0, #112, 16	; 0x700000
     c98:	6f697665 	svcvs	0x00697665
     c9c:	6c427375 	mcrrvs	3, 7, r7, r2, cr5
     ca0:	006b636f 	rsbeq	r6, fp, pc, ror #6
     ca4:	65487870 	strbvs	r7, [r8, #-2160]	; 0xfffff790
     ca8:	74537061 	ldrbvc	r7, [r3], #-97	; 0xffffff9f
     cac:	00737461 	rsbseq	r7, r3, r1, ror #8
     cb0:	6e694d78 	mcrvs	13, 3, r4, cr9, cr8, {3}
     cb4:	6d756d69 	ldclvs	13, cr6, [r5, #-420]!	; 0xfffffe5c
     cb8:	72657645 	rsbvc	r7, r5, #72351744	; 0x4500000
     cbc:	65657246 	strbvs	r7, [r5, #-582]!	; 0xfffffdba
     cc0:	65747942 	ldrbvs	r7, [r4, #-2370]!	; 0xfffff6be
     cc4:	6d655273 	sfmvs	f5, 2, [r5, #-460]!	; 0xfffffe34
     cc8:	696e6961 	stmdbvs	lr!, {r0, r5, r6, r8, fp, sp, lr}^
     ccc:	4800676e 	stmdami	r0, {r1, r2, r3, r5, r6, r8, r9, sl, sp, lr}
    if( uxSchedulerSuspended == ( UBaseType_t ) 0U )
     cd0:	53706165 	cmnpl	r0, #1073741849	; 0x40000019
     cd4:	73746174 	cmnvc	r4, #116, 2
        listREMOVE_ITEM( &( pxUnblockedTCB->xStateListItem ) );
     cd8:	7000745f 	andvc	r7, r0, pc, asr r4
     cdc:	78654e78 	stmdavc	r5!, {r3, r4, r5, r6, r9, sl, fp, lr}^
     ce0:	65724674 	ldrbvs	r4, [r2, #-1652]!	; 0xfffff98c
     ce4:	6f6c4265 	svcvs	0x006c4265
     ce8:	70006b63 	andvc	r6, r0, r3, ror #22
     cec:	6f6c4278 	svcvs	0x006c4278
     cf0:	78006b63 	stmdavc	r0, {r0, r1, r5, r6, r8, r9, fp, sp, lr}
     cf4:	536e694d 	cmnpl	lr, #1261568	; 0x134000
     cf8:	00657a69 	rsbeq	r7, r5, r9, ror #20
     cfc:	6d754e78 	ldclvs	14, cr4, [r5, #-480]!	; 0xfffffe20
     d00:	4f726562 	svcmi	0x00726562
     d04:	65724666 	ldrbvs	r4, [r2, #-1638]!	; 0xfffff99a
     d08:	6f6c4265 	svcvs	0x006c4265
     d0c:	00736b63 	rsbseq	r6, r3, r3, ror #22
     d10:	6e457870 	mcrvs	8, 2, r7, cr5, cr0, {3}
        prvAddTaskToReadyList( pxUnblockedTCB );
     d14:	72700064 	rsbsvc	r0, r0, #100	; 0x64
     d18:	736e4976 	cmnvc	lr, #1933312	; 0x1d8000
     d1c:	42747265 	rsbsmi	r7, r4, #1342177286	; 0x50000006
     d20:	6b636f6c 	blvs	18dcad8 <_edata+0x18da67c>
     d24:	6f746e49 	svcvs	0x00746e49
     d28:	65657246 	strbvs	r7, [r5, #-582]!	; 0xfffffdba
     d2c:	7473694c 	ldrbtvc	r6, [r3], #-2380	; 0xfffff6b4
     d30:	6f507800 	svcvs	0x00507800
     d34:	65527472 	ldrbvs	r7, [r2, #-1138]	; 0xfffffb8e
     d38:	48746573 	ldmdami	r4!, {r0, r1, r4, r5, r6, r8, sl, sp, lr}^
     d3c:	4d706165 	ldfmie	f6, [r0, #-404]!	; 0xfffffe6c
     d40:	6d696e69 	stclvs	14, cr6, [r9, #-420]!	; 0xfffffe5c
     d44:	76456d75 			; <UNDEFINED> instruction: 0x76456d75
     d48:	72467265 	subvc	r7, r6, #1342177286	; 0x50000006
     d4c:	65486565 	strbvs	r6, [r8, #-1381]	; 0xfffffa9b
     d50:	69537061 	ldmdbvs	r3, {r0, r5, r6, ip, sp, lr}^
     d54:	4100657a 	tstmi	r0, sl, ror r5
     d58:	4f4c425f 	svcmi	0x004c425f
     d5c:	4c5f4b43 	mrrcmi	11, 4, r4, pc, cr3	; <UNPREDICTABLE>
     d60:	004b4e49 	subeq	r4, fp, r9, asr #28
     d64:	74537875 	ldrbvc	r7, [r3], #-2165	; 0xfffff78b
     d68:	41747261 	cmnmi	r4, r1, ror #4
     d6c:	65726464 	ldrbvs	r6, [r2, #-1124]!	; 0xfffffb9c
     d70:	78007373 	stmdavc	r0, {r0, r1, r4, r5, r6, r8, r9, ip, sp, lr}
     d74:	657a6953 	ldrbvs	r6, [sl, #-2387]!	; 0xfffff6ad
     d78:	6d53664f 	ldclvs	6, cr6, [r3, #-316]	; 0xfffffec4
     d7c:	656c6c61 	strbvs	r6, [ip, #-3169]!	; 0xfffff39f
     d80:	72467473 	subvc	r7, r6, #1929379840	; 0x73000000
     d84:	6c426565 	cfstr64vs	mvdx6, [r2], {101}	; 0x65
     d88:	496b636f 	stmdbmi	fp!, {r0, r1, r2, r3, r5, r6, r8, r9, sp, lr}^
     d8c:	7479426e 	ldrbtvc	r4, [r9], #-622	; 0xfffffd92
     d90:	78007365 	stmdavc	r0, {r0, r2, r5, r6, r8, r9, ip, sp, lr}
     d94:	70616548 	rsbvc	r6, r1, r8, asr #10
        listINSERT_END( &( xPendingReadyList ), &( pxUnblockedTCB->xEventListItem ) );
     d98:	75727453 	ldrbvc	r7, [r2, #-1107]!	; 0xfffffbad
     d9c:	69537463 	ldmdbvs	r3, {r0, r1, r5, r6, sl, ip, sp, lr}^
     da0:	7800657a 	stmdavc	r0, {r1, r3, r4, r5, r6, r8, sl, sp, lr}
     da4:	6f6c6c41 	svcvs	0x006c6c41
     da8:	65746163 	ldrbvs	r6, [r4, #-355]!	; 0xfffffe9d
     dac:	6f6c4264 	svcvs	0x006c4264
     db0:	69536b63 	ldmdbvs	r3, {r0, r1, r5, r6, r8, r9, fp, sp, lr}^
     db4:	7500657a 	strvc	r6, [r0, #-1402]	; 0xfffffa86
     db8:	646e4578 	strbtvs	r4, [lr], #-1400	; 0xfffffa88
     dbc:	72646441 	rsbvc	r6, r4, #1090519040	; 0x41000000
     dc0:	00737365 	rsbseq	r7, r3, r5, ror #6
     dc4:	654e7870 	strbvs	r7, [lr, #-2160]	; 0xfffff790
     dc8:	6f6c4277 	svcvs	0x006c4277
     dcc:	694c6b63 	stmdbvs	ip, {r0, r1, r5, r6, r8, r9, fp, sp, lr}^
        if( pxUnblockedTCB->uxPriority > pxCurrentTCB->uxPriority )
     dd0:	78006b6e 	stmdavc	r0, {r1, r2, r3, r5, r6, r8, r9, fp, sp, lr}
     dd4:	74726f50 	ldrbtvc	r6, [r2], #-3920	; 0xfffff0b0
     dd8:	46746547 	ldrbtmi	r6, [r4], -r7, asr #10
     ddc:	48656572 	stmdami	r5!, {r1, r4, r5, r6, r8, sl, sp, lr}^
            xReturn = pdTRUE;
     de0:	53706165 	cmnpl	r0, #1073741849	; 0x40000019
            xYieldPendings[ 0 ] = pdTRUE;
     de4:	00657a69 	rsbeq	r7, r5, r9, ror #20
     de8:	64644178 	strbtvs	r4, [r4], #-376	; 0xfffffe88
            xReturn = pdFALSE;
     dec:	6f697469 	svcvs	0x00697469
}
     df0:	526c616e 	rsbpl	r6, ip, #-2147483621	; 0x8000001b
     df4:	69757165 	ldmdbvs	r5!, {r0, r2, r5, r6, r8, ip, sp, lr}^
     df8:	53646572 	cmnpl	r4, #478150656	; 0x1c800000
     dfc:	00657a69 	rsbeq	r7, r5, r9, ror #20
     e00:	65527670 	ldrbvs	r7, [r2, #-1648]	; 0xfffff990
     e04:	6e727574 	mrcvs	5, 3, r7, cr2, cr4, {3}
     e08:	6f507600 	svcvs	0x00507600
     e0c:	65487472 	strbvs	r7, [r8, #-1138]	; 0xfffffb8e
     e10:	65527061 	ldrbvs	r7, [r2, #-97]	; 0xffffff9f
{
     e14:	53746573 	cmnpl	r4, #482344960	; 0x1cc00000
     e18:	65746174 	ldrbvs	r6, [r4, #-372]!	; 0xfffffe8c
     e1c:	614d7800 	cmpvs	sp, r0, lsl #16
    listSET_LIST_ITEM_VALUE( pxEventListItem, xItemValue | taskEVENT_LIST_ITEM_VALUE_IN_USE );
     e20:	7a695378 	bvc	1a55c08 <_edata+0x1a537ac>
     e24:	50780065 	rsbspl	r0, r8, r5, rrx
    pxUnblockedTCB = listGET_LIST_ITEM_OWNER( pxEventListItem );
     e28:	4774726f 	ldrbmi	r7, [r4, -pc, ror #4]!
     e2c:	694d7465 	stmdbvs	sp, {r0, r2, r5, r6, sl, ip, sp, lr}^
    listREMOVE_ITEM( pxEventListItem );
     e30:	756d696e 	strbvc	r6, [sp, #-2414]!	; 0xfffff692
     e34:	6576456d 	ldrbvs	r4, [r6, #-1389]!	; 0xfffffa93
     e38:	65724672 	ldrbvs	r4, [r2, #-1650]!	; 0xfffff98e
     e3c:	61654865 	cmnvs	r5, r5, ror #16
     e40:	7a695370 	bvc	1a55c08 <_edata+0x1a537ac>
     e44:	6c420065 	mcrrvs	0, 6, r0, r2, cr5
     e48:	4c6b636f 	stclmi	3, cr6, [fp], #-444	; 0xfffffe44
     e4c:	5f6b6e69 	svcpl	0x006b6e69
     e50:	4e780074 	mrcmi	0, 3, r0, cr8, cr4, {3}
     e54:	65626d75 	strbvs	r6, [r2, #-3445]!	; 0xfffff28b
     e58:	53664f72 	cmnpl	r6, #456	; 0x1c8
     e5c:	65636375 	strbvs	r6, [r3, #-885]!	; 0xfffffc8b
     e60:	75667373 	strbvc	r7, [r6, #-883]!	; 0xfffffc8d
     e64:	6c6c416c 	stfvse	f4, [ip], #-432	; 0xfffffe50
     e68:	7461636f 	strbtvc	r6, [r1], #-879	; 0xfffffc91
    listREMOVE_ITEM( &( pxUnblockedTCB->xStateListItem ) );
     e6c:	736e6f69 	cmnvc	lr, #420	; 0x1a4
     e70:	76417800 	strbvc	r7, [r1], -r0, lsl #16
     e74:	616c6961 	cmnvs	ip, r1, ror #18
     e78:	48656c62 	stmdami	r5!, {r1, r5, r6, sl, fp, sp, lr}^
     e7c:	53706165 	cmnpl	r0, #1073741849	; 0x40000019
     e80:	65636170 	strbvs	r6, [r3, #-368]!	; 0xfffffe90
     e84:	79426e49 	stmdbvc	r2, {r0, r3, r6, r9, sl, fp, sp, lr}^
     e88:	00736574 	rsbseq	r6, r3, r4, ror r5
     e8c:	6f507670 	svcvs	0x00507670
     e90:	61437472 	hvcvs	14146	; 0x3742
     e94:	636f6c6c 	cmnvs	pc, #108, 24	; 0x6c00
     e98:	2f2e2e00 	svccs	0x002e2e00
     e9c:	65657246 	strbvs	r7, [r5, #-582]!	; 0xfffffdba
     ea0:	534f5452 	movtpl	r5, #62546	; 0xf452
     ea4:	72654b2d 	rsbvc	r4, r5, #46080	; 0xb400
    prvAddTaskToReadyList( pxUnblockedTCB );
     ea8:	2f6c656e 	svccs	0x006c656e
     eac:	74726f70 	ldrbtvc	r6, [r2], #-3952	; 0xfffff090
     eb0:	656c6261 	strbvs	r6, [ip, #-609]!	; 0xfffffd9f
     eb4:	6d654d2f 	stclvs	13, cr4, [r5, #-188]!	; 0xffffff44
     eb8:	676e614d 	strbvs	r6, [lr, -sp, asr #2]!
     ebc:	6165682f 	cmnvs	r5, pc, lsr #16
     ec0:	2e345f70 	mrccs	15, 1, r5, cr4, cr0, {3}
     ec4:	46780063 	ldrbtmi	r0, [r8], -r3, rrx
     ec8:	42656572 	rsbmi	r6, r5, #478150656	; 0x1c800000
     ecc:	73657479 	cmnvc	r5, #2030043136	; 0x79000000
     ed0:	616d6552 	cmnvs	sp, r2, asr r5
     ed4:	6e696e69 	cdpvs	14, 6, cr6, cr9, cr9, {3}
     ed8:	53780067 	cmnpl	r8, #103	; 0x67
     edc:	4f657a69 	svcmi	0x00657a69
     ee0:	72614c66 	rsbvc	r4, r1, #26112	; 0x6600
     ee4:	74736567 	ldrbtvc	r6, [r3], #-1383	; 0xfffffa99
     ee8:	65657246 	strbvs	r7, [r5, #-582]!	; 0xfffffdba
     eec:	636f6c42 	cmnvs	pc, #16896	; 0x4200
     ef0:	426e496b 	rsbmi	r4, lr, #1753088	; 0x1ac000
     ef4:	73657479 	cmnvc	r5, #2030043136	; 0x79000000
     ef8:	6f507600 	svcvs	0x00507600
     efc:	72467472 	subvc	r7, r6, #1912602624	; 0x72000000
     f00:	70006565 	andvc	r6, r0, r5, ror #10
     f04:	65487672 	strbvs	r7, [r8, #-1650]	; 0xfffff98e
     f08:	6e497061 	cdpvs	0, 4, cr7, cr9, cr1, {3}
     f0c:	70007469 	andvc	r7, r0, r9, ror #8
     f10:	6f6c4278 	svcvs	0x006c4278
     f14:	6f546b63 	svcvs	0x00546b63
     f18:	65736e49 	ldrbvs	r6, [r3, #-3657]!	; 0xfffff1b7
     f1c:	78007472 	stmdavc	r0, {r1, r4, r5, r6, sl, ip, sp, lr}
     f20:	61746f54 	cmnvs	r4, r4, asr pc
     f24:	6165486c 	cmnvs	r5, ip, ror #16
     f28:	7a695370 	bvc	1a55cf0 <_edata+0x1a53894>
        if( pxUnblockedTCB->uxPriority > pxCurrentTCB->uxPriority )
     f2c:	4e780065 	cdpmi	0, 7, cr0, cr8, cr5, {3}
     f30:	65626d75 	strbvs	r6, [r2, #-3445]!	; 0xfffff28b
     f34:	53664f72 	cmnpl	r6, #456	; 0x1c8
            xYieldPendings[ 0 ] = pdTRUE;
     f38:	65636375 	strbvs	r6, [r3, #-885]!	; 0xfffffc8b
     f3c:	75667373 	strbvc	r7, [r6, #-883]!	; 0xfffffc8d
}
     f40:	6572466c 	ldrbvs	r4, [r2, #-1644]!	; 0xfffff994
     f44:	78007365 	stmdavc	r0, {r0, r2, r5, r6, r8, r9, ip, sp, lr}
     f48:	636f6c42 	cmnvs	pc, #16896	; 0x4200
     f4c:	7a69536b 	bvc	1a55d00 <_edata+0x1a538a4>
     f50:	53780065 	cmnpl	r8, #101	; 0x65
     f54:	74726174 	ldrbtvc	r6, [r2], #-372	; 0xfffffe8c
{
     f58:	6c427800 	mcrrvs	8, 0, r7, r2, cr0
     f5c:	736b636f 	cmnvc	fp, #-1140850687	; 0xbc000001
    taskENTER_CRITICAL();
     f60:	754e7800 	strbvc	r7, [lr, #-2048]	; 0xfffff800
        pxTimeOut->xOverflowCount = xNumOfOverflows;
     f64:	7870006d 	ldmdavc	r0!, {r0, r2, r3, r5, r6}^
     f68:	73726946 	cmnvc	r2, #1146880	; 0x118000
        pxTimeOut->xTimeOnEntering = xTickCount;
     f6c:	65724674 	ldrbvs	r4, [r2, #-1652]!	; 0xfffff98c
     f70:	6f6c4265 	svcvs	0x006c4265
    taskEXIT_CRITICAL();
     f74:	78006b63 	stmdavc	r0, {r0, r1, r5, r6, r8, r9, fp, sp, lr}
}
     f78:	746e6157 	strbtvc	r6, [lr], #-343	; 0xfffffea9
     f7c:	69536465 	ldmdbvs	r3, {r0, r2, r5, r6, sl, sp, lr}^
     f80:	7600657a 			; <UNDEFINED> instruction: 0x7600657a
     f84:	74726f50 	ldrbtvc	r6, [r2], #-3920	; 0xfffff0b0
{
     f88:	74696e49 	strbtvc	r6, [r9], #-3657	; 0xfffff1b7
     f8c:	696c6169 	stmdbvs	ip!, {r0, r3, r5, r6, r8, sp, lr}^
    pxTimeOut->xOverflowCount = xNumOfOverflows;
     f90:	6c426573 	cfstr64vs	mvdx6, [r2], {115}	; 0x73
     f94:	736b636f 	cmnvc	fp, #-1140850687	; 0xbc000001
    pxTimeOut->xTimeOnEntering = xTickCount;
     f98:	50767000 	rsbspl	r7, r6, r0
     f9c:	4d74726f 	lfmmi	f7, 2, [r4, #-444]!	; 0xfffffe44
}
     fa0:	6f6c6c61 	svcvs	0x006c6c61
     fa4:	50760063 	rsbspl	r0, r6, r3, rrx
     fa8:	4774726f 	ldrbmi	r7, [r4, -pc, ror #4]!
     fac:	65487465 	strbvs	r7, [r8, #-1125]	; 0xfffffb9b
     fb0:	74537061 	ldrbvc	r7, [r3], #-97	; 0xffffff9f
{
     fb4:	00737461 	rsbseq	r7, r3, r1, ror #8
     fb8:	694c7870 	stmdbvs	ip, {r4, r5, r6, fp, ip, sp, lr}^
     fbc:	75006b6e 	strvc	r6, [r0, #-2926]	; 0xfffff492
    taskENTER_CRITICAL();
     fc0:	61654863 	cmnvs	r5, r3, ror #16
        const TickType_t xConstTickCount = xTickCount;
     fc4:	50760070 	rsbspl	r0, r6, r0, ror r0
        const TickType_t xElapsedTime = xConstTickCount - pxTimeOut->xTimeOnEntering;
     fc8:	4574726f 	ldrbmi	r7, [r4, #-623]!	; 0xfffffd91
     fcc:	7265746e 	rsbvc	r7, r5, #1845493760	; 0x6e000000
     fd0:	74697243 	strbtvc	r7, [r9], #-579	; 0xfffffdbd
        if( ( xNumOfOverflows != pxTimeOut->xOverflowCount ) && ( xConstTickCount >= pxTimeOut->xTimeOnEntering ) )
     fd4:	6c616369 	stclvs	3, cr6, [r1], #-420	; 0xfffffe5c
     fd8:	43787000 	cmnmi	r8, #0
     fdc:	0065646f 	rsbeq	r6, r5, pc, ror #8
     fe0:	726f5076 	rsbvc	r5, pc, #118	; 0x76
     fe4:	646e4574 	strbtvs	r4, [lr], #-1396	; 0xfffffa8c
            xReturn = pdTRUE;
     fe8:	65686353 	strbvs	r6, [r8, #-851]!	; 0xfffffcad
            *pxTicksToWait = ( TickType_t ) 0;
     fec:	656c7564 	strbvs	r7, [ip, #-1380]!	; 0xfffffa9c
     ff0:	50780072 	rsbspl	r0, r8, r2, ror r0
        else if( xElapsedTime < *pxTicksToWait )
     ff4:	5074726f 	rsbspl	r7, r4, pc, ror #4
     ff8:	53646e65 	cmnpl	r4, #1616	; 0x650
     ffc:	6e614856 	mcrvs	8, 3, r4, cr1, cr6, {2}
            *pxTicksToWait -= xElapsedTime;
    1000:	72656c64 	rsbvc	r6, r5, #100, 24	; 0x6400
    1004:	76727000 	ldrbtvc	r7, [r2], -r0
    1008:	6b736154 	blvs	1cd9560 <_edata+0x1cd7104>
            vTaskInternalSetTimeOutState( pxTimeOut );
    100c:	74697845 	strbtvc	r7, [r9], #-2117	; 0xfffff7bb
            xReturn = pdFALSE;
    1010:	6f727245 	svcvs	0x00727245
    1014:	6c750072 	ldclvs	0, cr0, [r5], #-456	; 0xfffffe38
            *pxTicksToWait = ( TickType_t ) 0;
    1018:	6d6d7544 	cfstr64vs	mvdx7, [sp, #-272]!	; 0xfffffef0
            xReturn = pdTRUE;
    101c:	78700079 	ldmdavc	r0!, {r0, r3, r4, r5, r6}^
    taskEXIT_CRITICAL();
    1020:	74726f50 	ldrbtvc	r6, [r2], #-3920	; 0xfffff0b0
    return xReturn;
    1024:	74696e49 	strbtvc	r6, [r9], #-3657	; 0xfffff1b7
}
    1028:	696c6169 	stmdbvs	ip!, {r0, r3, r5, r6, r8, sp, lr}^
    102c:	74536573 	ldrbvc	r6, [r3], #-1395	; 0xfffffa8d
    1030:	006b6361 	rsbeq	r6, fp, r1, ror #6
    1034:	726f5078 	rsbvc	r5, pc, #120	; 0x78
{
    1038:	73795374 	cmnvc	r9, #116, 6	; 0xd0000001
    xYieldPendings[ portGET_CORE_ID() ] = pdTRUE;
    103c:	6b636954 	blvs	18db594 <_edata+0x18d9138>
    1040:	646e6148 	strbtvs	r6, [lr], #-328	; 0xfffffeb8
}
    1044:	0072656c 	rsbseq	r6, r2, ip, ror #10
    1048:	72437875 	subvc	r7, r3, #7667712	; 0x750000
    104c:	63697469 	cmnvs	r9, #1761607680	; 0x69000000
{
    1050:	654e6c61 	strbvs	r6, [lr, #-3169]	; 0xfffff39f
    1054:	6e697473 	mcrvs	4, 3, r7, cr9, cr3, {3}
        prvCheckTasksWaitingTermination();
    1058:	50760067 	rsbspl	r0, r6, r7, rrx
            if( listCURRENT_LIST_LENGTH( &( pxReadyTasksLists[ tskIDLE_PRIORITY ] ) ) > ( UBaseType_t ) configNUMBER_OF_CORES )
    105c:	5374726f 	cmnpl	r4, #-268435450	; 0xf0000006
    1060:	70757465 	rsbsvc	r7, r5, r5, ror #8
                taskYIELD();
    1064:	656d6954 	strbvs	r6, [sp, #-2388]!	; 0xfffff6ac
    1068:	746e4972 	strbtvc	r4, [lr], #-2418	; 0xfffff68e
    106c:	75727265 	ldrbvc	r7, [r2, #-613]!	; 0xfffffd9b
    1070:	2e007470 	mcrcs	4, 0, r7, cr0, cr0, {3}
        prvCheckTasksWaitingTermination();
    1074:	72462f2e 	subvc	r2, r6, #46, 30	; 0xb8
    1078:	54526565 	ldrbpl	r6, [r2], #-1381	; 0xfffffa9b
    107c:	4b2d534f 	blmi	b55dc0 <_edata+0xb53964>
{
    1080:	656e7265 	strbvs	r7, [lr, #-613]!	; 0xfffffd9b
    1084:	6f702f6c 	svcvs	0x00702f6c
    for( uxPriority = ( UBaseType_t ) 0U; uxPriority < ( UBaseType_t ) configMAX_PRIORITIES; uxPriority++ )
    1088:	62617472 	rsbvs	r7, r1, #1912602624	; 0x72000000
        vListInitialise( &( pxReadyTasksLists[ uxPriority ] ) );
    108c:	472f656c 	strmi	r6, [pc, -ip, ror #10]!
    1090:	412f4343 			; <UNDEFINED> instruction: 0x412f4343
    1094:	435f4d52 	cmpmi	pc, #5248	; 0x1480
    1098:	702f334d 	eorvc	r3, pc, sp, asr #6
    109c:	2e74726f 	cdpcs	2, 7, cr7, cr4, cr15, {3}
    for( uxPriority = ( UBaseType_t ) 0U; uxPriority < ( UBaseType_t ) configMAX_PRIORITIES; uxPriority++ )
    10a0:	78700063 	ldmdavc	r0!, {r0, r1, r5, r6}^
    10a4:	74636556 	strbtvc	r6, [r3], #-1366	; 0xfffffaaa
    10a8:	6154726f 	cmpvs	r4, pc, ror #4
    vListInitialise( &xDelayedTaskList1 );
    10ac:	00656c62 	rsbeq	r6, r5, r2, ror #24
    10b0:	74726f70 	ldrbtvc	r6, [r2], #-3952	; 0xfffff090
    vListInitialise( &xDelayedTaskList2 );
    10b4:	5f525349 	svcpl	0x00525349
    vListInitialise( &xPendingReadyList );
    10b8:	50760074 	rsbspl	r0, r6, r4, ror r0
    10bc:	5374726f 	cmnpl	r4, #-268435450	; 0xf0000006
    pxDelayedTaskList = &xDelayedTaskList1;
    10c0:	61484356 	cmpvs	r8, r6, asr r3
    pxOverflowDelayedTaskList = &xDelayedTaskList2;
    10c4:	656c646e 	strbvs	r6, [ip, #-1134]!	; 0xfffffb92
    10c8:	50760072 	rsbspl	r0, r6, r2, ror r0
}
    10cc:	4574726f 	ldrbmi	r7, [r4, #-623]!	; 0xfffffd91
    10d0:	43746978 	cmnmi	r4, #120, 18	; 0x1e0000
    10d4:	69746972 	ldmdbvs	r4!, {r1, r4, r5, r6, r8, fp, sp, lr}^
    10d8:	006c6163 	rsbeq	r6, ip, r3, ror #2
    10dc:	50767270 	rsbspl	r7, r6, r0, ror r2
    10e0:	5374726f 	cmnpl	r4, #-268435450	; 0xf0000006
    10e4:	74726174 	ldrbtvc	r6, [r2], #-372	; 0xfffffe8c
    10e8:	73726946 	cmnvc	r2, #1146880	; 0x118000
{
    10ec:	73615474 	cmnvc	r1, #116, 8	; 0x74000000
}
    10f0:	5078006b 	rsbspl	r0, r8, fp, rrx
    10f4:	5374726f 	cmnpl	r4, #-268435450	; 0xf0000006
{
    10f8:	74726174 	ldrbtvc	r6, [r2], #-372	; 0xfffffe8c
    if( listLIST_IS_EMPTY( pxDelayedTaskList ) != pdFALSE )
    10fc:	65686353 	strbvs	r6, [r8, #-851]!	; 0xfffffcad
    1100:	656c7564 	strbvs	r7, [ip, #-1380]!	; 0xfffffa9c
    1104:	Address 0x0000000000001104 is out of bounds.


Disassembly of section .debug_frame:

00000000 <.debug_frame>:
   0:	0000000c 	andeq	r0, r0, ip
   4:	ffffffff 			; <UNDEFINED> instruction: 0xffffffff
   8:	7c020001 	stcvc	0, cr0, [r2], {1}
   c:	000d0c0e 	andeq	r0, sp, lr, lsl #24
  10:	00000018 	andeq	r0, r0, r8, lsl r0
  14:	00000000 	andeq	r0, r0, r0
  18:	0000019c 	muleq	r0, ip, r1
  1c:	00000014 	andeq	r0, r0, r4, lsl r0
  20:	87040e41 	strhi	r0, [r4, -r1, asr #28]
  24:	180e4101 	stmdane	lr, {r0, r8, lr}
  28:	00070d41 	andeq	r0, r7, r1, asr #26
  2c:	00000018 	andeq	r0, r0, r8, lsl r0
  30:	00000000 	andeq	r0, r0, r0
  34:	000001b0 			; <UNDEFINED> instruction: 0x000001b0
  38:	00000014 	andeq	r0, r0, r4, lsl r0
  3c:	87040e41 	strhi	r0, [r4, -r1, asr #28]
  40:	180e4101 	stmdane	lr, {r0, r8, lr}
  44:	00070d41 	andeq	r0, r7, r1, asr #26
  48:	00000020 	andeq	r0, r0, r0, lsr #32
  4c:	00000000 	andeq	r0, r0, r0
  50:	000001c4 	andeq	r0, r0, r4, asr #3
  54:	000000a0 	andeq	r0, r0, r0, lsr #1
  58:	87080e41 	strhi	r0, [r8, -r1, asr #28]
  5c:	41018e02 	tstmi	r1, r2, lsl #28
  60:	0c41200e 	mcrreq	0, 0, r2, r1, cr14
  64:	0e791807 	cdpeq	8, 7, cr1, cr9, cr7, {0}
  68:	0d0d4108 	stfeqs	f4, [sp, #-32]	; 0xffffffe0
  6c:	0000000c 	andeq	r0, r0, ip
  70:	ffffffff 			; <UNDEFINED> instruction: 0xffffffff
  74:	7c020001 	stcvc	0, cr0, [r2], {1}
  78:	000d0c0e 	andeq	r0, sp, lr, lsl #24
  7c:	00000024 	andeq	r0, r0, r4, lsr #32
  80:	0000006c 	andeq	r0, r0, ip, rrx
  84:	00000264 	andeq	r0, r0, r4, ror #4
  88:	0000003a 	andeq	r0, r0, sl, lsr r0
  8c:	87040e41 	strhi	r0, [r4, -r1, asr #28]
  90:	200e4101 	andcs	r4, lr, r1, lsl #2
  94:	57070d41 	strpl	r0, [r7, -r1, asr #26]
  98:	0d41040e 	cfstrdeq	mvd0, [r1, #-56]	; 0xffffffc8
  9c:	0ec7410d 	poleqs	f4, f7, #5.0
  a0:	00000000 	andeq	r0, r0, r0
  a4:	0000000c 	andeq	r0, r0, ip
  a8:	ffffffff 			; <UNDEFINED> instruction: 0xffffffff
  ac:	7c020001 	stcvc	0, cr0, [r2], {1}
  b0:	000d0c0e 	andeq	r0, sp, lr, lsl #24
  b4:	00000020 	andeq	r0, r0, r0, lsr #32
  b8:	000000a4 	andeq	r0, r0, r4, lsr #1
  bc:	000002a0 	andeq	r0, r0, r0, lsr #5
  c0:	00000078 	andeq	r0, r0, r8, ror r0
  c4:	87080e41 	strhi	r0, [r8, -r1, asr #28]
  c8:	41018e02 	tstmi	r1, r2, lsl #28
  cc:	0c41300e 	mcrreq	0, 0, r3, r1, cr14
  d0:	0e772007 	cdpeq	0, 7, cr2, cr7, cr7, {0}
  d4:	0d0d4108 	stfeqs	f4, [sp, #-32]	; 0xffffffe0
  d8:	00000020 	andeq	r0, r0, r0, lsr #32
  dc:	000000a4 	andeq	r0, r0, r4, lsr #1
  e0:	00000318 	andeq	r0, r0, r8, lsl r3
  e4:	00000046 	andeq	r0, r0, r6, asr #32
  e8:	87080e41 	strhi	r0, [r8, -r1, asr #28]
  ec:	41018e02 	tstmi	r1, r2, lsl #28
  f0:	0c41280e 	mcrreq	8, 0, r2, r1, cr14
  f4:	0e5e2007 	cdpeq	0, 5, cr2, cr14, cr7, {0}
  f8:	0d0d4108 	stfeqs	f4, [sp, #-32]	; 0xffffffe0
  fc:	00000020 	andeq	r0, r0, r0, lsr #32
 100:	000000a4 	andeq	r0, r0, r4, lsr #1
 104:	0000035e 	andeq	r0, r0, lr, asr r3
 108:	000000ca 	andeq	r0, r0, sl, asr #1
 10c:	87080e41 	strhi	r0, [r8, -r1, asr #28]
 110:	41018e02 	tstmi	r1, r2, lsl #28
 114:	0d41200e 	stcleq	0, cr2, [r1, #-56]	; 0xffffffc8
 118:	0e600207 	cdpeq	2, 6, cr0, cr0, cr7, {0}
 11c:	0d0d4108 	stfeqs	f4, [sp, #-32]	; 0xffffffe0
 120:	00000020 	andeq	r0, r0, r0, lsr #32
 124:	000000a4 	andeq	r0, r0, r4, lsr #1
 128:	00000428 	andeq	r0, r0, r8, lsr #8
 12c:	00000128 	andeq	r0, r0, r8, lsr #2
 130:	87080e41 	strhi	r0, [r8, -r1, asr #28]
 134:	41018e02 	tstmi	r1, r2, lsl #28
 138:	0d41180e 	stcleq	8, cr1, [r1, #-56]	; 0xffffffc8
 13c:	0e810207 	cdpeq	2, 8, cr0, cr1, cr7, {0}
 140:	0d0d4108 	stfeqs	f4, [sp, #-32]	; 0xffffffe0
 144:	00000024 	andeq	r0, r0, r4, lsr #32
 148:	000000a4 	andeq	r0, r0, r4, lsr #1
 14c:	00000550 	andeq	r0, r0, r0, asr r5
 150:	000000b0 	strheq	r0, [r0], -r0	; <UNPREDICTABLE>
 154:	87080e41 	strhi	r0, [r8, -r1, asr #28]
 158:	41018e02 	tstmi	r1, r2, lsl #28
 15c:	0c41300e 	mcrreq	0, 0, r3, r1, cr14
 160:	4c022807 	stcmi	8, cr2, [r2], {7}
 164:	0d41080e 	stcleq	8, cr0, [r1, #-56]	; 0xffffffc8
 168:	0000000d 	andeq	r0, r0, sp
 16c:	00000020 	andeq	r0, r0, r0, lsr #32
 170:	000000a4 	andeq	r0, r0, r4, lsr #1
 174:	00000600 	andeq	r0, r0, r0, lsl #12
 178:	0000005c 	andeq	r0, r0, ip, asr r0
 17c:	87080e41 	strhi	r0, [r8, -r1, asr #28]
 180:	41018e02 	tstmi	r1, r2, lsl #28
 184:	0d41100e 	stcleq	0, cr1, [r1, #-56]	; 0xffffffc8
 188:	080e6007 	stmdaeq	lr, {r0, r1, r2, sp, lr}
 18c:	000d0d41 	andeq	r0, sp, r1, asr #26
 190:	00000020 	andeq	r0, r0, r0, lsr #32
 194:	000000a4 	andeq	r0, r0, r4, lsr #1
 198:	0000065c 	andeq	r0, r0, ip, asr r6
static void vTask1(void *pvParameters){
 19c:	00000030 	andeq	r0, r0, r0, lsr r0
 1a0:	87080e41 	strhi	r0, [r8, -r1, asr #28]
    volatile int a = 0;
 1a4:	41018e02 	tstmi	r1, r2, lsl #28
        a++;
 1a8:	0d41100e 	stcleq	0, cr1, [r1, #-56]	; 0xffffffc8
 1ac:	080e5107 	stmdaeq	lr, {r0, r1, r2, r8, ip, lr}
static void vTask2(void *pvParameters){
 1b0:	000d0d41 	andeq	r0, sp, r1, asr #26
 1b4:	0000001c 	andeq	r0, r0, ip, lsl r0
    volatile int b = 0;
 1b8:	000000a4 	andeq	r0, r0, r4, lsr #1
        b++;
 1bc:	0000068c 	andeq	r0, r0, ip, lsl #13
 1c0:	0000001c 	andeq	r0, r0, ip, lsl r0
void start(){
 1c4:	87040e41 	strhi	r0, [r4, -r1, asr #28]
 1c8:	070d4101 	streq	r4, [sp, -r1, lsl #2]
    uint32_t *src = &_sidata;  //From flash
 1cc:	410d0d47 	tstmi	sp, r7, asr #26
    uint32_t *dst = &_sdata;   //To RAM
 1d0:	00000ec7 	andeq	r0, r0, r7, asr #29
        *dst++ = *src++;    //copy word and increament pointers
 1d4:	00000020 	andeq	r0, r0, r0, lsr #32
 1d8:	000000a4 	andeq	r0, r0, r4, lsr #1
 1dc:	000006a8 	andeq	r0, r0, r8, lsr #13
 1e0:	000001f0 	strdeq	r0, [r0], -r0	; <UNPREDICTABLE>
    while(dst < &_edata){
 1e4:	87080e41 	strhi	r0, [r8, -r1, asr #28]
 1e8:	41018e02 	tstmi	r1, r2, lsl #28
    dst = &_sbss;
 1ec:	0d41280e 	stcleq	8, cr2, [r1, #-56]	; 0xffffffc8
    while(dst < &_ebss){
 1f0:	0ee10207 	cdpeq	2, 14, cr0, cr1, cr7, {0}
        *dst++ = 0;  //zero word and increament pointer
 1f4:	0d0d4108 	stfeqs	f4, [sp, #-32]	; 0xffffffe0
 1f8:	00000024 	andeq	r0, r0, r4, lsr #32
    while(dst < &_ebss){
 1fc:	000000a4 	andeq	r0, r0, r4, lsr #1
 200:	00000898 	muleq	r0, r8, r8
    xReturn = xTaskCreate(vTask1, "T1", configMINIMAL_STACK_SIZE, NULL, 1, NULL);
 204:	0000001c 	andeq	r0, r0, ip, lsl r0
 208:	87040e41 	strhi	r0, [r4, -r1, asr #28]
 20c:	100e4101 	andne	r4, lr, r1, lsl #2
 210:	46070d41 	strmi	r0, [r7], -r1, asr #26
 214:	0d41040e 	cfstrdeq	mvd0, [r1, #-56]	; 0xffffffc8
 218:	0ec7410d 	poleqs	f4, f7, #5.0
    xReturn = xTaskCreate(vTask2, "T2", configMINIMAL_STACK_SIZE, NULL, 1, NULL);
 21c:	00000000 	andeq	r0, r0, r0
 220:	00000024 	andeq	r0, r0, r4, lsr #32
 224:	000000a4 	andeq	r0, r0, r4, lsr #1
 228:	000008b4 			; <UNDEFINED> instruction: 0x000008b4
 22c:	00000020 	andeq	r0, r0, r0, lsr #32
 230:	87040e41 	strhi	r0, [r4, -r1, asr #28]
    vTaskStartScheduler();
 234:	100e4101 	andne	r4, lr, r1, lsl #2
    return;
 238:	48070d41 	stmdami	r7, {r0, r6, r8, sl, fp}
 23c:	0d41040e 	cfstrdeq	mvd0, [r1, #-56]	; 0xffffffc8
 240:	0ec7410d 	poleqs	f4, f7, #5.0
 244:	00000000 	andeq	r0, r0, r0
 248:	0000001c 	andeq	r0, r0, ip, lsl r0
 24c:	000000a4 	andeq	r0, r0, r4, lsr #1
 250:	000008d4 	ldrdeq	r0, [r0], -r4
 254:	00000014 	andeq	r0, r0, r4, lsl r0
 258:	87040e41 	strhi	r0, [r4, -r1, asr #28]
 25c:	070d4101 	streq	r4, [sp, -r1, lsl #2]
 260:	410d0d44 	tstmi	sp, r4, asr #26
void* memset(void* dest, int value, unsigned int size){
 264:	00000ec7 	andeq	r0, r0, r7, asr #29
 268:	00000024 	andeq	r0, r0, r4, lsr #32
 26c:	000000a4 	andeq	r0, r0, r4, lsr #1
    unsigned char* ptr = (unsigned char*)dest;
 270:	000008e8 	andeq	r0, r0, r8, ror #17
    unsigned char byte_value = (unsigned char) value;
 274:	0000002c 	andeq	r0, r0, ip, lsr #32
    while(size > 0){
 278:	87040e41 	strhi	r0, [r4, -r1, asr #28]
        *ptr = byte_value;
 27c:	180e4101 	stmdane	lr, {r0, r8, lr}
        ptr++;
 280:	4d070d41 	stcmi	13, cr0, [r7, #-260]	; 0xfffffefc
 284:	0d41040e 	cfstrdeq	mvd0, [r1, #-56]	; 0xffffffc8
        size--;
 288:	0ec7410d 	poleqs	f4, f7, #5.0
    while(size > 0){
 28c:	00000000 	andeq	r0, r0, r0
 290:	00000020 	andeq	r0, r0, r0, lsr #32
 294:	000000a4 	andeq	r0, r0, r4, lsr #1
 298:	00000914 	andeq	r0, r0, r4, lsl r9
 29c:	00000034 	andeq	r0, r0, r4, lsr r0
    {
 2a0:	87080e41 	strhi	r0, [r8, -r1, asr #28]
 2a4:	41018e02 	tstmi	r1, r2, lsl #28
 2a8:	0d41180e 	stcleq	8, cr1, [r1, #-56]	; 0xffffffc8
 2ac:	080e5307 	stmdaeq	lr, {r0, r1, r2, r8, r9, ip, lr}
            pxStack = ( StackType_t * ) pvPortMallocStack( ( ( ( size_t ) uxStackDepth ) * sizeof( StackType_t ) ) );
 2b0:	000d0d41 	andeq	r0, sp, r1, asr #26
 2b4:	00000020 	andeq	r0, r0, r0, lsr #32
 2b8:	000000a4 	andeq	r0, r0, r4, lsr #1
            if( pxStack != NULL )
 2bc:	00000948 	andeq	r0, r0, r8, asr #18
                pxNewTCB = ( TCB_t * ) pvPortMalloc( sizeof( TCB_t ) );
 2c0:	00000210 	andeq	r0, r0, r0, lsl r2
 2c4:	87080e41 	strhi	r0, [r8, -r1, asr #28]
                if( pxNewTCB != NULL )
 2c8:	41018e02 	tstmi	r1, r2, lsl #28
 2cc:	0d41280e 	stcleq	8, cr2, [r1, #-56]	; 0xffffffc8
                    ( void ) memset( ( void * ) pxNewTCB, 0x00, sizeof( TCB_t ) );
 2d0:	0eed0207 	cdpeq	2, 14, cr0, cr13, cr7, {0}
 2d4:	0d0d4108 	stfeqs	f4, [sp, #-32]	; 0xffffffe0
                    pxNewTCB->pxStack = pxStack;
 2d8:	00000024 	andeq	r0, r0, r4, lsr #32
 2dc:	000000a4 	andeq	r0, r0, r4, lsr #1
                    vPortFreeStack( pxStack );
 2e0:	00000b58 	andeq	r0, r0, r8, asr fp
 2e4:	0000008c 	andeq	r0, r0, ip, lsl #1
                pxNewTCB = NULL;
 2e8:	87040e41 	strhi	r0, [r4, -r1, asr #28]
        if( pxNewTCB != NULL )
 2ec:	180e4101 	stmdane	lr, {r0, r8, lr}
 2f0:	76070d41 	strvc	r0, [r7], -r1, asr #26
            prvInitialiseNewTask( pxTaskCode, pcName, uxStackDepth, pvParameters, uxPriority, pxCreatedTask, pxNewTCB, NULL );
 2f4:	0d41040e 	cfstrdeq	mvd0, [r1, #-56]	; 0xffffffc8
 2f8:	0ec7410d 	poleqs	f4, f7, #5.0
 2fc:	00000000 	andeq	r0, r0, r0
 300:	00000020 	andeq	r0, r0, r0, lsr #32
 304:	000000a4 	andeq	r0, r0, r4, lsr #1
 308:	00000be4 	andeq	r0, r0, r4, ror #23
 30c:	0000002c 	andeq	r0, r0, ip, lsr #32
    }
 310:	87080e41 	strhi	r0, [r8, -r1, asr #28]
 314:	41018e02 	tstmi	r1, r2, lsl #28
    {
 318:	0d41100e 	stcleq	0, cr1, [r1, #-56]	; 0xffffffc8
 31c:	080e4f07 	stmdaeq	lr, {r0, r1, r2, r8, r9, sl, fp, lr}
 320:	000d0d41 	andeq	r0, sp, r1, asr #26
 324:	00000020 	andeq	r0, r0, r0, lsr #32
        pxNewTCB = prvCreateTask( pxTaskCode, pcName, uxStackDepth, pvParameters, uxPriority, pxCreatedTask );
 328:	000000a4 	andeq	r0, r0, r4, lsr #1
 32c:	00000c10 	andeq	r0, r0, r0, lsl ip
 330:	00000070 	andeq	r0, r0, r0, ror r0
 334:	87080e41 	strhi	r0, [r8, -r1, asr #28]
 338:	41018e02 	tstmi	r1, r2, lsl #28
        if( pxNewTCB != NULL )
 33c:	0d41200e 	stcleq	0, cr2, [r1, #-56]	; 0xffffffc8
 340:	080e7007 	stmdaeq	lr, {r0, r1, r2, ip, sp, lr}
            prvAddNewTaskToReadyList( pxNewTCB );
 344:	000d0d41 	andeq	r0, sp, r1, asr #26
            xReturn = pdPASS;
 348:	00000024 	andeq	r0, r0, r4, lsr #32
 34c:	000000a4 	andeq	r0, r0, r4, lsr #1
            xReturn = errCOULD_NOT_ALLOCATE_REQUIRED_MEMORY;
 350:	00000c80 	andeq	r0, r0, r0, lsl #25
        return xReturn;
 354:	00000194 	muleq	r0, r4, r1
    }
 358:	87040e41 	strhi	r0, [r4, -r1, asr #28]
 35c:	280e4101 	stmdacs	lr, {r0, r8, lr}
{
 360:	02070d41 	andeq	r0, r7, #4160	; 0x1040
 364:	41040eb7 			; <UNDEFINED> instruction: 0x41040eb7
 368:	c7410d0d 	strbgt	r0, [r1, -sp, lsl #26]
        pxTopOfStack = &( pxNewTCB->pxStack[ uxStackDepth - ( configSTACK_DEPTH_TYPE ) 1 ] );
 36c:	0000000e 	andeq	r0, r0, lr
 370:	00000024 	andeq	r0, r0, r4, lsr #32
 374:	000000a4 	andeq	r0, r0, r4, lsr #1
 378:	00000e14 	andeq	r0, r0, r4, lsl lr
 37c:	00000144 	andeq	r0, r0, r4, asr #2
        pxTopOfStack = ( StackType_t * ) ( ( ( portPOINTER_SIZE_TYPE ) pxTopOfStack ) & ( ~( ( portPOINTER_SIZE_TYPE ) portBYTE_ALIGNMENT_MASK ) ) );
 380:	87040e41 	strhi	r0, [r4, -r1, asr #28]
 384:	200e4101 	andcs	r4, lr, r1, lsl #2
    if( pcName != NULL )
 388:	02070d41 	andeq	r0, r7, #4160	; 0x1040
        for( x = ( UBaseType_t ) 0; x < ( UBaseType_t ) configMAX_TASK_NAME_LEN; x++ )
 38c:	41040e94 			; <UNDEFINED> instruction: 0x41040e94
 390:	c7410d0d 	strbgt	r0, [r1, -sp, lsl #26]
            pxNewTCB->pcTaskName[ x ] = pcName[ x ];
 394:	0000000e 	andeq	r0, r0, lr
 398:	00000020 	andeq	r0, r0, r0, lsr #32
 39c:	000000a4 	andeq	r0, r0, r4, lsr #1
 3a0:	00000f58 	andeq	r0, r0, r8, asr pc
 3a4:	00000030 	andeq	r0, r0, r0, lsr r0
            if( pcName[ x ] == ( char ) 0x00 )
 3a8:	87080e41 	strhi	r0, [r8, -r1, asr #28]
 3ac:	41018e02 	tstmi	r1, r2, lsl #28
 3b0:	0d41100e 	stcleq	0, cr1, [r1, #-56]	; 0xffffffc8
        for( x = ( UBaseType_t ) 0; x < ( UBaseType_t ) configMAX_TASK_NAME_LEN; x++ )
 3b4:	080e4f07 	stmdaeq	lr, {r0, r1, r2, r8, r9, sl, fp, lr}
 3b8:	000d0d41 	andeq	r0, sp, r1, asr #26
 3bc:	00000024 	andeq	r0, r0, r4, lsr #32
                break;
 3c0:	000000a4 	andeq	r0, r0, r4, lsr #1
        pxNewTCB->pcTaskName[ configMAX_TASK_NAME_LEN - 1U ] = '\0';
 3c4:	00000f88 	andeq	r0, r0, r8, lsl #31
 3c8:	0000002c 	andeq	r0, r0, ip, lsr #32
    if( uxPriority >= ( UBaseType_t ) configMAX_PRIORITIES )
 3cc:	87040e41 	strhi	r0, [r4, -r1, asr #28]
        uxPriority = ( UBaseType_t ) configMAX_PRIORITIES - ( UBaseType_t ) 1U;
 3d0:	100e4101 	andne	r4, lr, r1, lsl #2
    pxNewTCB->uxPriority = uxPriority;
 3d4:	4b070d41 	blmi	1c38e0 <_edata+0x1c1484>
 3d8:	0d41040e 	cfstrdeq	mvd0, [r1, #-56]	; 0xffffffc8
    vListInitialiseItem( &( pxNewTCB->xStateListItem ) );
 3dc:	0ec7410d 	poleqs	f4, f7, #5.0
 3e0:	00000000 	andeq	r0, r0, r0
    vListInitialiseItem( &( pxNewTCB->xEventListItem ) );
 3e4:	00000020 	andeq	r0, r0, r0, lsr #32
 3e8:	000000a4 	andeq	r0, r0, r4, lsr #1
 3ec:	00000fb4 			; <UNDEFINED> instruction: 0x00000fb4
    listSET_LIST_ITEM_OWNER( &( pxNewTCB->xStateListItem ), pxNewTCB );
 3f0:	00000084 	andeq	r0, r0, r4, lsl #1
    listSET_LIST_ITEM_VALUE( &( pxNewTCB->xEventListItem ), ( TickType_t ) configMAX_PRIORITIES - ( TickType_t ) uxPriority );
 3f4:	87080e41 	strhi	r0, [r8, -r1, asr #28]
 3f8:	41018e02 	tstmi	r1, r2, lsl #28
 3fc:	0d41200e 	stcleq	0, cr2, [r1, #-56]	; 0xffffffc8
    listSET_LIST_ITEM_OWNER( &( pxNewTCB->xEventListItem ), pxNewTCB );
 400:	080e7807 	stmdaeq	lr, {r0, r1, r2, fp, ip, sp, lr}
            pxNewTCB->pxTopOfStack = pxPortInitialiseStack( pxTopOfStack, pxTaskCode, pvParameters );
 404:	000d0d41 	andeq	r0, sp, r1, asr #26
 408:	0000001c 	andeq	r0, r0, ip, lsl r0
 40c:	000000a4 	andeq	r0, r0, r4, lsr #1
 410:	00001038 	andeq	r1, r0, r8, lsr r0
    if( pxCreatedTask != NULL )
 414:	00000018 	andeq	r0, r0, r8, lsl r0
 418:	87040e41 	strhi	r0, [r4, -r1, asr #28]
        *pxCreatedTask = ( TaskHandle_t ) pxNewTCB;
 41c:	070d4101 	streq	r4, [sp, -r1, lsl #2]
}
 420:	410d0d45 	tstmi	sp, r5, asr #26
 424:	00000ec7 	andeq	r0, r0, r7, asr #29
    {
 428:	0000001c 	andeq	r0, r0, ip, lsl r0
 42c:	000000a4 	andeq	r0, r0, r4, lsr #1
        taskENTER_CRITICAL();
 430:	00001050 	andeq	r1, r0, r0, asr r0
            uxCurrentNumberOfTasks = ( UBaseType_t ) ( uxCurrentNumberOfTasks + 1U );
 434:	00000030 	andeq	r0, r0, r0, lsr r0
 438:	87080e41 	strhi	r0, [r8, -r1, asr #28]
 43c:	41018e02 	tstmi	r1, r2, lsl #28
            if( pxCurrentTCB == NULL )
 440:	0d41100e 	stcleq	0, cr1, [r1, #-56]	; 0xffffffc8
 444:	00000007 	andeq	r0, r0, r7
                pxCurrentTCB = pxNewTCB;
 448:	00000020 	andeq	r0, r0, r0, lsr #32
                if( uxCurrentNumberOfTasks == ( UBaseType_t ) 1 )
 44c:	000000a4 	andeq	r0, r0, r4, lsr #1
 450:	00001080 	andeq	r1, r0, r0, lsl #1
                    prvInitialiseTaskLists();
 454:	0000006c 	andeq	r0, r0, ip, rrx
 458:	87080e41 	strhi	r0, [r8, -r1, asr #28]
                if( xSchedulerRunning == pdFALSE )
 45c:	41018e02 	tstmi	r1, r2, lsl #28
 460:	0d41100e 	stcleq	0, cr1, [r1, #-56]	; 0xffffffc8
                    if( pxCurrentTCB->uxPriority <= pxNewTCB->uxPriority )
 464:	080e6407 	stmdaeq	lr, {r0, r1, r2, sl, sp, lr}
 468:	000d0d41 	andeq	r0, sp, r1, asr #26
 46c:	0000001c 	andeq	r0, r0, ip, lsl r0
                        pxCurrentTCB = pxNewTCB;
 470:	000000a4 	andeq	r0, r0, r4, lsr #1
 474:	000010ec 	andeq	r1, r0, ip, ror #1
            uxTaskNumber++;
 478:	0000000c 	andeq	r0, r0, ip
 47c:	87040e41 	strhi	r0, [r4, -r1, asr #28]
            prvAddTaskToReadyList( pxNewTCB );
 480:	070d4101 	streq	r4, [sp, -r1, lsl #2]
 484:	410d0d42 	tstmi	sp, r2, asr #26
 488:	00000ec7 	andeq	r0, r0, r7, asr #29
 48c:	0000001c 	andeq	r0, r0, ip, lsl r0
 490:	000000a4 	andeq	r0, r0, r4, lsr #1
 494:	000010f8 	strdeq	r1, [r0], -r8
 498:	00000034 	andeq	r0, r0, r4, lsr r0
 49c:	87040e41 	strhi	r0, [r4, -r1, asr #28]
 4a0:	070d4101 	streq	r4, [sp, -r1, lsl #2]
 4a4:	410d0d52 	tstmi	sp, r2, asr sp
 4a8:	00000ec7 	andeq	r0, r0, r7, asr #29
 4ac:	00000024 	andeq	r0, r0, r4, lsr #32
 4b0:	000000a4 	andeq	r0, r0, r4, lsr #1
 4b4:	0000112c 	andeq	r1, r0, ip, lsr #2
 4b8:	0000001c 	andeq	r0, r0, ip, lsl r0
 4bc:	87040e41 	strhi	r0, [r4, -r1, asr #28]
 4c0:	100e4101 	andne	r4, lr, r1, lsl #2
 4c4:	46070d41 	strmi	r0, [r7], -r1, asr #26
 4c8:	0d41040e 	cfstrdeq	mvd0, [r1, #-56]	; 0xffffffc8
 4cc:	0ec7410d 	poleqs	f4, f7, #5.0
 4d0:	00000000 	andeq	r0, r0, r0
 4d4:	00000024 	andeq	r0, r0, r4, lsr #32
 4d8:	000000a4 	andeq	r0, r0, r4, lsr #1
 4dc:	00001148 	andeq	r1, r0, r8, asr #2
 4e0:	00000030 	andeq	r0, r0, r0, lsr r0
 4e4:	87040e41 	strhi	r0, [r4, -r1, asr #28]
 4e8:	180e4101 	stmdane	lr, {r0, r8, lr}
 4ec:	4f070d41 	svcmi	0x00070d41
 4f0:	0d41040e 	cfstrdeq	mvd0, [r1, #-56]	; 0xffffffc8
 4f4:	0ec7410d 	poleqs	f4, f7, #5.0
 4f8:	00000000 	andeq	r0, r0, r0
 4fc:	00000024 	andeq	r0, r0, r4, lsr #32
 500:	000000a4 	andeq	r0, r0, r4, lsr #1
        taskEXIT_CRITICAL();
 504:	00001178 	andeq	r1, r0, r8, ror r1
        if( xSchedulerRunning != pdFALSE )
 508:	00000030 	andeq	r0, r0, r0, lsr r0
 50c:	87040e41 	strhi	r0, [r4, -r1, asr #28]
            taskYIELD_ANY_CORE_IF_USING_PREEMPTION( pxNewTCB );
 510:	100e4101 	andne	r4, lr, r1, lsl #2
 514:	4f070d41 	svcmi	0x00070d41
 518:	0d41040e 	cfstrdeq	mvd0, [r1, #-56]	; 0xffffffc8
 51c:	0ec7410d 	poleqs	f4, f7, #5.0
 520:	00000000 	andeq	r0, r0, r0
 524:	00000020 	andeq	r0, r0, r0, lsr #32
 528:	000000a4 	andeq	r0, r0, r4, lsr #1
    }
 52c:	000011a8 	andeq	r1, r0, r8, lsr #3
 530:	000000f0 	strdeq	r0, [r0], -r0	; <UNPREDICTABLE>
 534:	87080e41 	strhi	r0, [r8, -r1, asr #28]
 538:	41018e02 	tstmi	r1, r2, lsl #28
 53c:	0d41280e 	stcleq	8, cr2, [r1, #-56]	; 0xffffffc8
 540:	0e6f0207 	cdpeq	2, 6, cr0, cr15, cr7, {0}
 544:	0d0d4108 	stfeqs	f4, [sp, #-32]	; 0xffffffe0
 548:	00000020 	andeq	r0, r0, r0, lsr #32
 54c:	000000a4 	andeq	r0, r0, r4, lsr #1
{
 550:	00001298 	muleq	r0, r8, r2
 554:	00000124 	andeq	r0, r0, r4, lsr #2
    BaseType_t xReturn = pdPASS;
 558:	87080e41 	strhi	r0, [r8, -r1, asr #28]
    char cIdleName[ configMAX_TASK_NAME_LEN ] = { 0 };
 55c:	41018e02 	tstmi	r1, r2, lsl #28
 560:	0d41280e 	stcleq	8, cr2, [r1, #-56]	; 0xffffffc8
 564:	0e880207 	cdpeq	2, 8, cr0, cr8, cr7, {0}
    TaskFunction_t pxIdleTaskFunction = NULL;
 568:	0d0d4108 	stfeqs	f4, [sp, #-32]	; 0xffffffe0
    for( xIdleTaskNameIndex = 0U; xIdleTaskNameIndex < ( configMAX_TASK_NAME_LEN - taskRESERVED_TASK_NAME_LENGTH ); xIdleTaskNameIndex++ )
 56c:	00000020 	andeq	r0, r0, r0, lsr #32
 570:	000000a4 	andeq	r0, r0, r4, lsr #1
        cIdleName[ xIdleTaskNameIndex ] = configIDLE_TASK_NAME[ xIdleTaskNameIndex ];
 574:	000013bc 			; <UNDEFINED> instruction: 0x000013bc
 578:	000001d4 	ldrdeq	r0, [r0], -r4
 57c:	87080e41 	strhi	r0, [r8, -r1, asr #28]
 580:	41018e02 	tstmi	r1, r2, lsl #28
        if( cIdleName[ xIdleTaskNameIndex ] == ( char ) 0x00 )
 584:	0d41300e 	stcleq	0, cr3, [r1, #-56]	; 0xffffffc8
 588:	0edc0207 	cdpeq	2, 13, cr0, cr12, cr7, {0}
 58c:	0d0d4108 	stfeqs	f4, [sp, #-32]	; 0xffffffe0
    for( xIdleTaskNameIndex = 0U; xIdleTaskNameIndex < ( configMAX_TASK_NAME_LEN - taskRESERVED_TASK_NAME_LENGTH ); xIdleTaskNameIndex++ )
 590:	00000024 	andeq	r0, r0, r4, lsr #32
 594:	000000a4 	andeq	r0, r0, r4, lsr #1
 598:	00001590 	muleq	r0, r0, r5
 59c:	0000024c 	andeq	r0, r0, ip, asr #4
    cIdleName[ xIdleTaskNameIndex ] = '\0';
 5a0:	87040e41 	strhi	r0, [r4, -r1, asr #28]
 5a4:	400e4101 	andmi	r4, lr, r1, lsl #2
 5a8:	03070d41 	movweq	r0, #32065	; 0x7d41
    for( xCoreID = ( BaseType_t ) 0; xCoreID < ( BaseType_t ) configNUMBER_OF_CORES; xCoreID++ )
 5ac:	040e0113 	streq	r0, [lr], #-275	; 0xfffffeed
            pxIdleTaskFunction = &prvIdleTask;
 5b0:	410d0d41 	tstmi	sp, r1, asr #26
            xReturn = xTaskCreate( pxIdleTaskFunction,
 5b4:	00000ec7 	andeq	r0, r0, r7, asr #29
 5b8:	00000024 	andeq	r0, r0, r4, lsr #32
 5bc:	000000a4 	andeq	r0, r0, r4, lsr #1
 5c0:	000017dc 	ldrdeq	r1, [r0], -ip
 5c4:	000001bc 			; <UNDEFINED> instruction: 0x000001bc
 5c8:	87040e41 	strhi	r0, [r4, -r1, asr #28]
 5cc:	400e4101 	andmi	r4, lr, r1, lsl #2
 5d0:	02070d41 	andeq	r0, r7, #4160	; 0x1040
        if( xReturn != pdPASS )
 5d4:	41040ecb 	smlabtmi	r4, fp, lr, r0
    for( xCoreID = ( BaseType_t ) 0; xCoreID < ( BaseType_t ) configNUMBER_OF_CORES; xCoreID++ )
 5d8:	c7410d0d 	strbgt	r0, [r1, -sp, lsl #26]
 5dc:	0000000e 	andeq	r0, r0, lr
 5e0:	00000020 	andeq	r0, r0, r0, lsr #32
 5e4:	000000a4 	andeq	r0, r0, r4, lsr #1
    return xReturn;
 5e8:	00001998 	muleq	r0, r8, r9
}
 5ec:	00000058 	andeq	r0, r0, r8, asr r0
 5f0:	87080e41 	strhi	r0, [r8, -r1, asr #28]
 5f4:	41018e02 	tstmi	r1, r2, lsl #28
 5f8:	0d41180e 	stcleq	8, cr1, [r1, #-56]	; 0xffffffc8
 5fc:	080e6407 	stmdaeq	lr, {r0, r1, r2, sl, sp, lr}
{
 600:	000d0d41 	andeq	r0, sp, r1, asr #26
 604:	00000020 	andeq	r0, r0, r0, lsr #32
    xReturn = prvCreateIdleTasks();
 608:	000000a4 	andeq	r0, r0, r4, lsr #1
    if( xReturn == pdPASS )
 60c:	000019f0 	strdeq	r1, [r0], -r0
 610:	00000060 	andeq	r0, r0, r0, rrx
    __asm volatile
 614:	87080e41 	strhi	r0, [r8, -r1, asr #28]
 618:	41018e02 	tstmi	r1, r2, lsl #28
 61c:	0d41200e 	stcleq	0, cr2, [r1, #-56]	; 0xffffffc8
 620:	080e6807 	stmdaeq	lr, {r0, r1, r2, fp, sp, lr}
}
 624:	000d0d41 	andeq	r0, sp, r1, asr #26
        xNextTaskUnblockTime = portMAX_DELAY;
 628:	00000020 	andeq	r0, r0, r0, lsr #32
 62c:	000000a4 	andeq	r0, r0, r4, lsr #1
        xSchedulerRunning = pdTRUE;
 630:	00001a50 	andeq	r1, r0, r0, asr sl
        xTickCount = ( TickType_t ) configINITIAL_TICK_COUNT;
 634:	000000ac 	andeq	r0, r0, ip, lsr #1
 638:	87080e41 	strhi	r0, [r8, -r1, asr #28]
        ( void ) xPortStartScheduler();
 63c:	41018e02 	tstmi	r1, r2, lsl #28
    ( void ) uxTopUsedPriority;
 640:	0d41200e 	stcleq	0, cr2, [r1, #-56]	; 0xffffffc8
}
 644:	0e450207 	cdpeq	2, 4, cr0, cr5, cr7, {0}
 648:	0d0d4108 	stfeqs	f4, [sp, #-32]	; 0xffffffe0
 64c:	00000024 	andeq	r0, r0, r4, lsr #32
 650:	000000a4 	andeq	r0, r0, r4, lsr #1
 654:	00001afc 	strdeq	r1, [r0], -ip
 658:	00000094 	muleq	r0, r4, r0
{
 65c:	87040e41 	strhi	r0, [r4, -r1, asr #28]
 660:	100e4101 	andne	r4, lr, r1, lsl #2
    __asm volatile
 664:	6e070d41 	cdpvs	13, 0, cr0, cr7, cr1, {2}
 668:	0d41040e 	cfstrdeq	mvd0, [r1, #-56]	; 0xffffffc8
 66c:	0ec7410d 	poleqs	f4, f7, #5.0
 670:	00000000 	andeq	r0, r0, r0
}
 674:	0000000c 	andeq	r0, r0, ip
    xSchedulerRunning = pdFALSE;
 678:	ffffffff 			; <UNDEFINED> instruction: 0xffffffff
    vPortEndScheduler();
 67c:	7c020001 	stcvc	0, cr0, [r2], {1}
}
 680:	000d0c0e 	andeq	r0, sp, lr, lsl #24
 684:	00000024 	andeq	r0, r0, r4, lsr #32
 688:	00000674 	andeq	r0, r0, r4, ror r6
{
 68c:	00001b90 	muleq	r0, r0, fp
        uxSchedulerSuspended = ( UBaseType_t ) ( uxSchedulerSuspended + 1U );
 690:	0000003e 	andeq	r0, r0, lr, lsr r0
 694:	87040e41 	strhi	r0, [r4, -r1, asr #28]
 698:	100e4101 	andne	r4, lr, r1, lsl #2
}
 69c:	59070d41 	stmdbpl	r7, {r0, r6, r8, sl, fp}
 6a0:	0d41040e 	cfstrdeq	mvd0, [r1, #-56]	; 0xffffffc8
 6a4:	0ec7410d 	poleqs	f4, f7, #5.0
{
 6a8:	00000000 	andeq	r0, r0, r0
 6ac:	00000024 	andeq	r0, r0, r4, lsr #32
    TCB_t * pxTCB = NULL;
 6b0:	00000674 	andeq	r0, r0, r4, ror r6
    BaseType_t xAlreadyYielded = pdFALSE;
 6b4:	00001bce 	andeq	r1, r0, lr, asr #23
        taskENTER_CRITICAL();
 6b8:	00000018 	andeq	r0, r0, r8, lsl r0
            const BaseType_t xCoreID = ( BaseType_t ) portGET_CORE_ID();
 6bc:	87040e41 	strhi	r0, [r4, -r1, asr #28]
            uxSchedulerSuspended = ( UBaseType_t ) ( uxSchedulerSuspended - 1U );
 6c0:	100e4101 	andne	r4, lr, r1, lsl #2
 6c4:	46070d41 	strmi	r0, [r7], -r1, asr #26
            if( uxSchedulerSuspended == ( UBaseType_t ) 0U )
 6c8:	0d41040e 	cfstrdeq	mvd0, [r1, #-56]	; 0xffffffc8
 6cc:	0ec7410d 	poleqs	f4, f7, #5.0
 6d0:	00000000 	andeq	r0, r0, r0
                if( uxCurrentNumberOfTasks > ( UBaseType_t ) 0U )
 6d4:	00000024 	andeq	r0, r0, r4, lsr #32
 6d8:	00000674 	andeq	r0, r0, r4, ror r6
                    while( listLIST_IS_EMPTY( &xPendingReadyList ) == pdFALSE )
 6dc:	00001be6 	andeq	r1, r0, r6, ror #23
                        pxTCB = listGET_OWNER_OF_HEAD_ENTRY( ( &xPendingReadyList ) );
 6e0:	00000046 	andeq	r0, r0, r6, asr #32
 6e4:	87040e41 	strhi	r0, [r4, -r1, asr #28]
                        listREMOVE_ITEM( &( pxTCB->xEventListItem ) );
 6e8:	180e4101 	stmdane	lr, {r0, r8, lr}
 6ec:	5d070d41 	stcpl	13, cr0, [r7, #-260]	; 0xfffffefc
 6f0:	0d41040e 	cfstrdeq	mvd0, [r1, #-56]	; 0xffffffc8
 6f4:	0ec7410d 	poleqs	f4, f7, #5.0
 6f8:	00000000 	andeq	r0, r0, r0
 6fc:	00000024 	andeq	r0, r0, r4, lsr #32
 700:	00000674 	andeq	r0, r0, r4, ror r6
 704:	00001c2c 	andeq	r1, r0, ip, lsr #24
 708:	00000070 	andeq	r0, r0, r0, ror r0
 70c:	87040e41 	strhi	r0, [r4, -r1, asr #28]
 710:	180e4101 	stmdane	lr, {r0, r8, lr}
 714:	72070d41 	andvc	r0, r7, #4160	; 0x1040
 718:	0d41040e 	cfstrdeq	mvd0, [r1, #-56]	; 0xffffffc8
 71c:	0ec7410d 	poleqs	f4, f7, #5.0
 720:	00000000 	andeq	r0, r0, r0
                        listREMOVE_ITEM( &( pxTCB->xStateListItem ) );
 724:	00000024 	andeq	r0, r0, r4, lsr #32
 728:	00000674 	andeq	r0, r0, r4, ror r6
 72c:	00001c9c 	muleq	r0, ip, ip
 730:	00000052 	andeq	r0, r0, r2, asr r0
 734:	87040e41 	strhi	r0, [r4, -r1, asr #28]
 738:	180e4101 	stmdane	lr, {r0, r8, lr}
 73c:	63070d41 	movwvs	r0, #32065	; 0x7d41
 740:	0d41040e 	cfstrdeq	mvd0, [r1, #-56]	; 0xffffffc8
 744:	0ec7410d 	poleqs	f4, f7, #5.0
 748:	00000000 	andeq	r0, r0, r0
 74c:	0000000c 	andeq	r0, r0, ip
 750:	ffffffff 			; <UNDEFINED> instruction: 0xffffffff
 754:	7c020001 	stcvc	0, cr0, [r2], {1}
 758:	000d0c0e 	andeq	r0, sp, lr, lsl #24
 75c:	00000020 	andeq	r0, r0, r0, lsr #32
 760:	0000074c 	andeq	r0, r0, ip, asr #14
                        prvAddTaskToReadyList( pxTCB );
 764:	00001cf0 	strdeq	r1, [r0], -r0
 768:	00000164 	andeq	r0, r0, r4, ror #2
 76c:	87080e41 	strhi	r0, [r8, -r1, asr #28]
 770:	41018e02 	tstmi	r1, r2, lsl #28
 774:	0d41280e 	stcleq	8, cr2, [r1, #-56]	; 0xffffffc8
 778:	0ea30207 	cdpeq	2, 10, cr0, cr3, cr7, {0}
 77c:	0d0d4108 	stfeqs	f4, [sp, #-32]	; 0xffffffe0
 780:	00000020 	andeq	r0, r0, r0, lsr #32
 784:	0000074c 	andeq	r0, r0, ip, asr #14
 788:	00001e54 	andeq	r1, r0, r4, asr lr
 78c:	0000007c 	andeq	r0, r0, ip, ror r0
 790:	87080e41 	strhi	r0, [r8, -r1, asr #28]
 794:	41018e02 	tstmi	r1, r2, lsl #28
 798:	0d41180e 	stcleq	8, cr1, [r1, #-56]	; 0xffffffc8
 79c:	080e7407 	stmdaeq	lr, {r0, r1, r2, sl, ip, sp, lr}
 7a0:	000d0d41 	andeq	r0, sp, r1, asr #26
 7a4:	0000001c 	andeq	r0, r0, ip, lsl r0
 7a8:	0000074c 	andeq	r0, r0, ip, asr #14
 7ac:	00001ed0 	ldrdeq	r1, [r0], -r0
 7b0:	00000014 	andeq	r0, r0, r4, lsl r0
 7b4:	87040e41 	strhi	r0, [r4, -r1, asr #28]
 7b8:	070d4101 	streq	r4, [sp, -r1, lsl #2]
 7bc:	410d0d44 	tstmi	sp, r4, asr #26
 7c0:	00000ec7 	andeq	r0, r0, r7, asr #29
 7c4:	0000001c 	andeq	r0, r0, ip, lsl r0
 7c8:	0000074c 	andeq	r0, r0, ip, asr #14
 7cc:	00001ee4 	andeq	r1, r0, r4, ror #29
 7d0:	00000014 	andeq	r0, r0, r4, lsl r0
 7d4:	87040e41 	strhi	r0, [r4, -r1, asr #28]
 7d8:	070d4101 	streq	r4, [sp, -r1, lsl #2]
 7dc:	410d0d44 	tstmi	sp, r4, asr #26
 7e0:	00000ec7 	andeq	r0, r0, r7, asr #29
                            if( pxTCB->uxPriority > pxCurrentTCB->uxPriority )
 7e4:	0000001c 	andeq	r0, r0, ip, lsl r0
 7e8:	0000074c 	andeq	r0, r0, ip, asr #14
 7ec:	00001ef8 	strdeq	r1, [r0], -r8
 7f0:	0000001c 	andeq	r0, r0, ip, lsl r0
                                xYieldPendings[ xCoreID ] = pdTRUE;
 7f4:	87040e41 	strhi	r0, [r4, -r1, asr #28]
 7f8:	070d4101 	streq	r4, [sp, -r1, lsl #2]
                    while( listLIST_IS_EMPTY( &xPendingReadyList ) == pdFALSE )
 7fc:	410d0d46 	tstmi	sp, r6, asr #26
 800:	00000ec7 	andeq	r0, r0, r7, asr #29
 804:	0000001c 	andeq	r0, r0, ip, lsl r0
                    if( pxTCB != NULL )
 808:	0000074c 	andeq	r0, r0, ip, asr #14
                        prvResetNextTaskUnblockTime();
 80c:	00001f14 	andeq	r1, r0, r4, lsl pc
                        TickType_t xPendedCounts = xPendedTicks; /* Non-volatile copy. */
 810:	0000000c 	andeq	r0, r0, ip
 814:	87040e41 	strhi	r0, [r4, -r1, asr #28]
                        if( xPendedCounts > ( TickType_t ) 0U )
 818:	070d4101 	streq	r4, [sp, -r1, lsl #2]
                                if( xTaskIncrementTick() != pdFALSE )
 81c:	410d0d42 	tstmi	sp, r2, asr #26
 820:	00000ec7 	andeq	r0, r0, r7, asr #29
 824:	00000020 	andeq	r0, r0, r0, lsr #32
                                    xYieldPendings[ xCoreID ] = pdTRUE;
 828:	0000074c 	andeq	r0, r0, ip, asr #14
 82c:	00001f20 	andeq	r1, r0, r0, lsr #30
                                --xPendedCounts;
 830:	00000060 	andeq	r0, r0, r0, rrx
 834:	87080e41 	strhi	r0, [r8, -r1, asr #28]
                            } while( xPendedCounts > ( TickType_t ) 0U );
 838:	41018e02 	tstmi	r1, r2, lsl #28
                            xPendedTicks = 0;
 83c:	0d41180e 	stcleq	8, cr1, [r1, #-56]	; 0xffffffc8
 840:	080e6b07 	stmdaeq	lr, {r0, r1, r2, r8, r9, fp, sp, lr}
                    if( xYieldPendings[ xCoreID ] != pdFALSE )
 844:	000d0d41 	andeq	r0, sp, r1, asr #26
 848:	00000024 	andeq	r0, r0, r4, lsr #32
 84c:	0000074c 	andeq	r0, r0, ip, asr #14
                            xAlreadyYielded = pdTRUE;
 850:	00001f80 	andeq	r1, r0, r0, lsl #31
                            taskYIELD_TASK_CORE_IF_USING_PREEMPTION( pxCurrentTCB );
 854:	000000b4 	strheq	r0, [r0], -r4
 858:	87040e41 	strhi	r0, [r4, -r1, asr #28]
 85c:	180e4101 	stmdane	lr, {r0, r8, lr}
 860:	02070d41 	andeq	r0, r7, #4160	; 0x1040
 864:	41040e49 	tstmi	r4, r9, asr #28
        taskEXIT_CRITICAL();
 868:	c7410d0d 	strbgt	r0, [r1, -sp, lsl #26]
}
 86c:	0000000e 	andeq	r0, r0, lr
 870:	00000024 	andeq	r0, r0, r4, lsr #32
 874:	0000074c 	andeq	r0, r0, ip, asr #14
 878:	00002034 	andeq	r2, r0, r4, lsr r0
 87c:	000000b0 	strheq	r0, [r0], -r0	; <UNPREDICTABLE>
 880:	87040e41 	strhi	r0, [r4, -r1, asr #28]
 884:	180e4101 	stmdane	lr, {r0, r8, lr}
 888:	02070d41 	andeq	r0, r7, #4160	; 0x1040
 88c:	41040e4e 	tstmi	r4, lr, asr #28
 890:	c7410d0d 	strbgt	r0, [r1, -sp, lsl #26]
 894:	0000000e 	andeq	r0, r0, lr
{
 898:	00000020 	andeq	r0, r0, r0, lsr #32
 89c:	0000074c 	andeq	r0, r0, ip, asr #14
        xTicks = xTickCount;
 8a0:	000020e4 	andeq	r2, r0, r4, ror #1
    return xTicks;
 8a4:	000000bc 	strheq	r0, [r0], -ip
}
 8a8:	87080e41 	strhi	r0, [r8, -r1, asr #28]
 8ac:	41018e02 	tstmi	r1, r2, lsl #28
 8b0:	0d41200e 	stcleq	0, cr2, [r1, #-56]	; 0xffffffc8
{
 8b4:	0e4d0207 	cdpeq	2, 4, cr0, cr13, cr7, {0}
 8b8:	0d0d4108 	stfeqs	f4, [sp, #-32]	; 0xffffffe0
    uxSavedInterruptStatus = portTICK_TYPE_SET_INTERRUPT_MASK_FROM_ISR();
 8bc:	0000001c 	andeq	r0, r0, ip, lsl r0
        xReturn = xTickCount;
 8c0:	0000074c 	andeq	r0, r0, ip, asr #14
    return xReturn;
 8c4:	000021a0 	andeq	r2, r0, r0, lsr #3
}
 8c8:	00000040 	andeq	r0, r0, r0, asr #32
 8cc:	87040e41 	strhi	r0, [r4, -r1, asr #28]
 8d0:	070d4101 	streq	r4, [sp, -r1, lsl #2]
{
 8d4:	410d0d51 	tstmi	sp, r1, asr sp
    return uxCurrentNumberOfTasks;
 8d8:	00000ec7 	andeq	r0, r0, r7, asr #29
}
 8dc:	0000000c 	andeq	r0, r0, ip
 8e0:	ffffffff 			; <UNDEFINED> instruction: 0xffffffff
 8e4:	7c020001 	stcvc	0, cr0, [r2], {1}
{
 8e8:	000d0c0e 	andeq	r0, sp, lr, lsl #24
 8ec:	00000024 	andeq	r0, r0, r4, lsr #32
    pxTCB = prvGetTCBFromHandle( xTaskToQuery );
 8f0:	000008dc 	ldrdeq	r0, [r0], -ip
 8f4:	000021e0 	andeq	r2, r0, r0, ror #3
 8f8:	00000058 	andeq	r0, r0, r8, asr r0
 8fc:	87040e41 	strhi	r0, [r4, -r1, asr #28]
    return &( pxTCB->pcTaskName[ 0 ] );
 900:	180e4101 	stmdane	lr, {r0, r8, lr}
}
 904:	64070d41 	strvs	r0, [r7], #-3393	; 0xfffff2bf
 908:	0d41040e 	cfstrdeq	mvd0, [r1, #-56]	; 0xffffffc8
 90c:	0ec7410d 	poleqs	f4, f7, #5.0
 910:	00000000 	andeq	r0, r0, r0
{
 914:	00000024 	andeq	r0, r0, r4, lsr #32
 918:	000008dc 	ldrdeq	r0, [r0], -ip
    vTaskSuspendAll();
 91c:	00002238 	andeq	r2, r0, r8, lsr r2
    taskENTER_CRITICAL();
 920:	00000032 	andeq	r0, r0, r2, lsr r0
        xPendedTicks += xTicksToCatchUp;
 924:	87040e41 	strhi	r0, [r4, -r1, asr #28]
 928:	100e4101 	andne	r4, lr, r1, lsl #2
 92c:	53070d41 	movwpl	r0, #32065	; 0x7d41
    taskEXIT_CRITICAL();
 930:	0d41040e 	cfstrdeq	mvd0, [r1, #-56]	; 0xffffffc8
    xYieldOccurred = xTaskResumeAll();
 934:	0ec7410d 	poleqs	f4, f7, #5.0
 938:	00000000 	andeq	r0, r0, r0
}
 93c:	0000000c 	andeq	r0, r0, ip
 940:	000008dc 	ldrdeq	r0, [r0], -ip
 944:	0000226a 	andeq	r2, r0, sl, ror #4
{
 948:	00000028 	andeq	r0, r0, r8, lsr #32
 94c:	0000000c 	andeq	r0, r0, ip
    BaseType_t xSwitchRequired = pdFALSE;
 950:	000008dc 	ldrdeq	r0, [r0], -ip
    if( uxSchedulerSuspended == ( UBaseType_t ) 0U )
 954:	00002292 	muleq	r0, r2, r2
 958:	00000020 	andeq	r0, r0, r0, lsr #32
        const TickType_t xConstTickCount = xTickCount + ( TickType_t ) 1;
 95c:	00000020 	andeq	r0, r0, r0, lsr #32
 960:	000008dc 	ldrdeq	r0, [r0], -ip
        xTickCount = xConstTickCount;
 964:	000022b2 			; <UNDEFINED> instruction: 0x000022b2
 968:	0000005a 	andeq	r0, r0, sl, asr r0
        if( xConstTickCount == ( TickType_t ) 0U )
 96c:	87080e41 	strhi	r0, [r8, -r1, asr #28]
            taskSWITCH_DELAYED_LISTS();
 970:	41018e02 	tstmi	r1, r2, lsl #28
 974:	0d41100e 	stcleq	0, cr1, [r1, #-56]	; 0xffffffc8
 978:	080e6007 	stmdaeq	lr, {r0, r1, r2, sp, lr}
 97c:	000d0d41 	andeq	r0, sp, r1, asr #26
 980:	0000001c 	andeq	r0, r0, ip, lsl r0
 984:	000008dc 	ldrdeq	r0, [r0], -ip
 988:	0000230c 	andeq	r2, r0, ip, lsl #6
 98c:	0000000c 	andeq	r0, r0, ip
 990:	87040e41 	strhi	r0, [r4, -r1, asr #28]
        if( xConstTickCount >= xNextTaskUnblockTime )
 994:	070d4101 	streq	r4, [sp, -r1, lsl #2]
 998:	410d0d42 	tstmi	sp, r2, asr #26
 99c:	00000ec7 	andeq	r0, r0, r7, asr #29
                if( listLIST_IS_EMPTY( pxDelayedTaskList ) != pdFALSE )
 9a0:	00000024 	andeq	r0, r0, r4, lsr #32
 9a4:	000008dc 	ldrdeq	r0, [r0], -ip
                    xNextTaskUnblockTime = portMAX_DELAY;
 9a8:	00002318 	andeq	r2, r0, r8, lsl r3
 9ac:	00000034 	andeq	r0, r0, r4, lsr r0
                    break;
 9b0:	87040e41 	strhi	r0, [r4, -r1, asr #28]
                    pxTCB = listGET_OWNER_OF_HEAD_ENTRY( pxDelayedTaskList );
 9b4:	100e4101 	andne	r4, lr, r1, lsl #2
 9b8:	51070d41 	tstpl	r7, r1, asr #26
                    xItemValue = listGET_LIST_ITEM_VALUE( &( pxTCB->xStateListItem ) );
 9bc:	0d41040e 	cfstrdeq	mvd0, [r1, #-56]	; 0xffffffc8
 9c0:	0ec7410d 	poleqs	f4, f7, #5.0
                    if( xConstTickCount < xItemValue )
 9c4:	00000000 	andeq	r0, r0, r0
 9c8:	00000024 	andeq	r0, r0, r4, lsr #32
                        xNextTaskUnblockTime = xItemValue;
 9cc:	000008dc 	ldrdeq	r0, [r0], -ip
                        break;
 9d0:	0000234c 	andeq	r2, r0, ip, asr #6
                    listREMOVE_ITEM( &( pxTCB->xStateListItem ) );
 9d4:	00000034 	andeq	r0, r0, r4, lsr r0
 9d8:	87040e41 	strhi	r0, [r4, -r1, asr #28]
 9dc:	100e4101 	andne	r4, lr, r1, lsl #2
 9e0:	51070d41 	tstpl	r7, r1, asr #26
 9e4:	0d41040e 	cfstrdeq	mvd0, [r1, #-56]	; 0xffffffc8
 9e8:	0ec7410d 	poleqs	f4, f7, #5.0
 9ec:	00000000 	andeq	r0, r0, r0
 9f0:	0000000c 	andeq	r0, r0, ip
 9f4:	000008dc 	ldrdeq	r0, [r0], -ip
 9f8:	00002380 	andeq	r2, r0, r0, lsl #7
 9fc:	00000046 	andeq	r0, r0, r6, asr #32
 a00:	00000020 	andeq	r0, r0, r0, lsr #32
 a04:	000008dc 	ldrdeq	r0, [r0], -ip
 a08:	000023c6 	andeq	r2, r0, r6, asr #7
 a0c:	00000046 	andeq	r0, r0, r6, asr #32
                    if( listLIST_ITEM_CONTAINER( &( pxTCB->xEventListItem ) ) != NULL )
 a10:	87080e41 	strhi	r0, [r8, -r1, asr #28]
 a14:	41018e02 	tstmi	r1, r2, lsl #28
                        listREMOVE_ITEM( &( pxTCB->xEventListItem ) );
 a18:	0d41100e 	stcleq	0, cr1, [r1, #-56]	; 0xffffffc8
 a1c:	080e5b07 	stmdaeq	lr, {r0, r1, r2, r8, r9, fp, ip, lr}
 a20:	000d0d41 	andeq	r0, sp, r1, asr #26
 a24:	0000001c 	andeq	r0, r0, ip, lsl r0
 a28:	000008dc 	ldrdeq	r0, [r0], -ip
 a2c:	0000240c 	andeq	r2, r0, ip, lsl #8
 a30:	00000034 	andeq	r0, r0, r4, lsr r0
 a34:	87040e41 	strhi	r0, [r4, -r1, asr #28]
 a38:	070d4101 	streq	r4, [sp, -r1, lsl #2]
 a3c:	410d0d4e 	tstmi	sp, lr, asr #26
 a40:	00000ec7 	andeq	r0, r0, r7, asr #29
